question,answer
What is the aim of the local chip design collaboration between Arçelik and Yongatek?,"The aim of the local chip design collaboration between Arçelik and Yongatek is to contribute to Turkey's technological advancements through FPGA and ASIC chip designs. As part of the announced initiative, Arçelik and Yongatek will work together to develop chips suitable for use in white goods. The project focuses on creating domestic chips for white goods and consumer electronics, with a prototype expected by 2025. The objective is to utilize domestically produced and nationally developed chips, reducing reliance on foreign production for manufacturing and export."
What is the goal of Arçelik and Yongatek's local chip design collaboration?,"The goal of Arçelik and Yongatek's local chip design partnership is to use FPGA and ASIC chip designs to further Turkey's technological development. Arçelik and Yongatek will collaborate to create chips that can be used in white goods as part of the stated project. A prototype is anticipated by 2025, and the project's main goal is to develop homegrown chips for consumer electronics and white goods. The goal is to reduce dependency on foreign production for manufacture and export by using chips that are created and produced domestically."
What kind of real-world problems does gozet handle?,"The gozet project Developed by Yongatek's computer vision team is designed to address real-world challenges such as urban surveillance, suspicious person detection, vehicle identification, and license plate recognition. Gozet tackles key issues in border security by using AI to process data on end devices and transmitting only necessary information, thereby optimizing communication. The project assists in tracking suspicious individuals and vehicles, preventing illegal border crossings, and securing critical infrastructures, making it ideal for harsh and mobile environments."
What kinds of issues does Gozet deal with in the real world?,"The gozet project, created by Yongatek's computer vision team, aims to tackle practical issues such license plate recognition, vehicle identification, suspicious person detection, and urban surveillance. Gozet addresses important border security concerns by utilizing AI to optimize communication by processing data on end computers and sending only the information that is required. The concept is perfect for harsh and mobile situations since it helps track suspicious people and vehicles, prevent unlawful border crossings, and secure important facilities."
What kinds of issues does Gozet deal with in the real world?,"The Gozet project, developed by Yongatek’s computer vision team, addresses a wide range of real-world issues with a focus on enhancing security and operational efficiency in demanding environments. At its core, Gozet is designed to tackle challenges such as urban surveillance, suspicious activity detection, vehicle identification, and license plate recognition. By leveraging artificial intelligence (AI) and advanced computer vision techniques, it processes data in real-time, allowing for quicker and more accurate responses to potential threats.One of the primary applications of Gozet is in border security. Borders often present unique challenges, including harsh and mobile conditions, and Gozet is specifically tailored to operate effectively in these environments. It uses edge computing to process data locally, minimizing the need for constant communication with central servers. This approach not only optimizes bandwidth usage but also ensures that critical information is transmitted quickly, enabling authorities to take immediate action.Gozet’s ability to identify and track suspicious individuals and vehicles makes it a valuable tool for preventing illegal activities such as unauthorized border crossings and smuggling. Additionally, it helps secure critical infrastructure by detecting potential threats and reducing the likelihood of sabotage or vandalism. The system’s AI-driven insights are particularly useful for resource-constrained operations, as it prioritizes relevant data, ensuring that security personnel can focus on the most pressing issues.In summary, Gozet is a comprehensive solution for real-world security challenges, offering advanced detection, tracking, and data optimization capabilities that are well-suited for urban, industrial, and border security applications."
How does yongatek contribute to the development of 5G NR technology?,"Yongatek plays a significant role in the development of 5G NR (New Radio) technology by designing and creating key components that enhance communication efficiency and support advanced network functionalities. Specifically, Yongatek develops 5G NR LDPC (Low-Density Parity-Check) encoders and decoders as well as hybrid beamforming modules for distributed and radio units. These technologies are critical for achieving the high-speed, low-latency, and reliable connectivity that defines 5G networks.The 5G NR LDPC encoder/decoder technology is essential for forward error correction, ensuring data integrity during transmission. This innovation improves the reliability of communication in challenging environments, such as urban areas with dense infrastructure or remote locations with weak signals. By addressing errors in data transmission, Yongatek’s LDPC solutions enhance the quality of service and user experience in 5G networks.In addition to LDPC encoders/decoders, Yongatek’s hybrid beamforming modules play a crucial role in the deployment of distributed and radio units. Beamforming is a key technology in 5G, enabling more efficient use of the radio spectrum by directing signals toward specific devices rather than broadcasting them in all directions. This increases the network's capacity and reduces interference, making it possible to support a higher number of connected devices simultaneously.Furthermore, Yongatek’s focus on hardware efficiency ensures that their 5G solutions deliver high performance with reduced energy consumption. This aligns with the global push for sustainable technology development. By providing these innovative components, Yongatek contributes to the advancement of Turkey’s technological ecosystem and strengthens the country’s position in the global 5G and telecommunications markets.In summary, Yongatek’s work on LDPC encoders/decoders and hybrid beamforming modules demonstrates its commitment to advancing 5G NR technology, supporting both local and international efforts to create faster, more reliable, and more efficient communication systems."
What role does Yongatek play in the advancement of 5G NR technology?,"Yongatek plays a crucial role in advancing 5G NR (New Radio) technology by developing key components that enhance the efficiency and reliability of modern communication networks. The company focuses on creating LDPC (Low-Density Parity-Check) encoders/decoders and hybrid beamforming modules, which are essential for achieving the high-speed data transmission, low latency, and massive device connectivity that define 5G networks.LDPC encoders and decoders developed by Yongatek are critical for forward error correction, ensuring data integrity during transmission. This technology is particularly important in 5G networks, where maintaining high throughput with minimal errors is essential. By addressing issues such as noise, interference, and signal degradation, LDPC technology supports seamless communication in densely populated or challenging signal environments.In addition, Yongatek’s hybrid beamforming modules optimize the use of the radio spectrum by focusing signals toward specific devices or areas. This technology enhances network capacity, reduces interference, and improves overall efficiency, making it a vital component in distributed and radio units for 5G deployment.Yongatek also prioritizes energy-efficient designs, ensuring that its 5G solutions deliver high performance while minimizing power consumption. This approach supports global efforts to develop sustainable telecommunications technologies.Through these contributions, Yongatek not only strengthens 5G networks but also positions itself as a key player in the global telecommunications sector. By investing in research and development, the company advances innovative solutions that meet the evolving demands of the digital era."
What is yongatek computer vision unit?,"Yongatek's computer vision unit is a specialized team dedicated to developing advanced vision-based technologies and solutions that address complex real-world challenges. The team focuses on enhancing the capabilities of cameras and sensors through the integration of artificial intelligence (AI) and machine learning (ML), enabling systems to analyze and interpret visual data in real-time.This unit is instrumental in designing solutions for security and surveillance applications. By optimizing cameras with AI algorithms and employing microcontrollers where necessary, the team creates systems capable of detecting suspicious individuals, vehicles, and activities. These systems are used to enhance urban security, monitor borders, and secure critical infrastructure, providing actionable insights through automated processes.One of the key innovations of this unit includes edge computing capabilities, allowing data to be processed locally on devices rather than being sent to centralized servers. This approach not only reduces communication overhead but also ensures faster response times and improved system efficiency, particularly in mobile and harsh environments.In addition to security, the computer vision unit also explores applications in industries such as healthcare, industrial automation, and smart cities. Their expertise lies in transforming visual data into meaningful information, enabling smarter decision-making processes across a variety of domains. By leveraging cutting-edge technologies, Yongatek’s computer vision unit contributes to the development of intelligent systems that enhance safety, efficiency, and reliability in challenging environments."
Why is Countera considered a valuable tool in industrial and consumer industries?,"Countera is regarded as a highly valuable tool in industrial and consumer industries due to its precision, adaptability, and innovative design. Developed by Yongatek, Countera is an advanced measurement system that leverages IoT and AI-powered computer vision algorithms to deliver accurate and efficient solutions for diverse applications.One of Countera's key strengths is its ability to perform precise measurements in real-time. This capability is particularly critical in industries where accuracy directly impacts operational efficiency and product quality. For example, in industrial automation, Countera can ensure precise dosing, counting, or sorting processes, minimizing errors and waste. Similarly, in consumer applications, it supports tasks requiring exact measurements, such as quality control or resource allocation.Countera’s versatility further enhances its value. It is designed to integrate seamlessly with existing systems, including fish farming tools like grading machines and fish pumps. This adaptability makes it suitable for a wide range of environments, from aquaculture to manufacturing. Countera’s ability to operate effectively in challenging conditions, such as underwater or in remote locations, underscores its robustness and reliability.Another critical aspect of Countera’s design is its IoT connectivity. The system can connect to cloud-based platforms, enabling real-time data analysis and remote monitoring. This feature not only enhances efficiency but also allows for better decision-making by providing actionable insights. The AI-powered computer vision algorithm eliminates potential errors, ensuring consistent and reliable performance across various applications.In summary, Countera’s precision, integration capability, and IoT features make it an indispensable tool for both industrial and consumer sectors. Its ability to optimize processes, improve accuracy, and adapt to different environments positions it as a modern solution that addresses the evolving demands of these industries."
What makes Countera a useful instrument in the consumer and industrial sectors?,"Countera is a highly useful instrument in both the consumer and industrial sectors due to its precision, versatility, and innovative design. Developed by Yongatek, Countera is equipped with advanced measurement capabilities that enable it to perform accurate and efficient operations across various applications.In the industrial sector, Countera supports tasks requiring precise measurement and monitoring. For example, in fish farming, it can count different species and sizes of fish in real-time, integrating seamlessly with tools like grading machines and fish pumps. This capability minimizes errors, streamlines operations, and enhances productivity. Countera is also designed to function effectively in challenging environments, such as underwater or remote locations, ensuring reliability under demanding conditions.In the consumer sector, Countera excels in applications where accuracy is crucial, such as quality control and resource management. Its ability to provide real-time measurements and connect to cloud-based systems allows for enhanced data analysis and decision-making. This feature is particularly valuable for smart home devices and IoT applications, where automation and connectivity are key drivers of efficiency.What sets Countera apart is its use of AI-powered computer vision algorithms. These algorithms ensure error-free performance by analyzing visual data with high accuracy, eliminating potential discrepancies in measurements. Additionally, Countera’s user-friendly interface and seamless integration with existing systems make it an adaptable and practical solution for a wide range of use cases.In conclusion, Countera’s advanced measurement capabilities, robust design, and integration of IoT and AI technologies make it a vital tool in both consumer and industrial sectors. It enhances operational efficiency, reduces errors, and adapts to diverse applications, meeting the needs of modern industries and consumers alike."
Has yongatek been awarded for its projects?,"Yes, Yongatek has received recognition and awards for its innovative projects and significant contributions to the technology sector, particularly in Turkey. The company’s efforts in developing cutting-edge solutions in microelectronics, IoT, and communication technologies have garnered accolades for their impact and ingenuity.For instance, Yongatek’s projects have been celebrated for their role in advancing Turkey’s technological ecosystem. The company’s focus on creating domestic and internationally competitive solutions, such as its microcontroller chips, video processing technologies, and AI accelerators, has positioned it as a leader in innovation. These achievements reflect Yongatek’s commitment to research and development, as well as its ability to address critical technological challenges effectively.One notable recognition includes the Excellence Award in the Growing Companies category at the 27th ASPA (Asian Science Park Association) Conference, highlighting Yongatek’s role in driving advancements in chip design and production. This award underscores the company’s success in combining innovation with practical applications, making a substantial impact in both local and global markets.In summary, Yongatek has been acknowledged for its groundbreaking projects and contributions to the tech industry. These awards not only validate the company’s dedication to excellence but also enhance its reputation as a key player in advancing technology on a global scale."
Have Yongatek's projects received any awards?,"Indeed, they have received an award.Awards have been given to Yongatek's initiatives in recognition of their inventiveness and technological influence in Turkey."
Where can I find yongatek’s contact locations?,"Yongatek Microelectronics has two key office locations in Turkey, one in Istanbul and another in Ankara, which serve as the primary hubs for the company's operations. The Istanbul office is strategically located in the Istanbul Technology Development Zone, a prominent area known for its concentration of high-tech companies and innovation-driven initiatives. This office plays a critical role in fostering partnerships with businesses across various industries, providing technical support, and driving the company’s initiatives in the western region of Turkey.The second location, in Ankara, is situated within the Hacettepe Technopark. This park is a renowned technology hub, especially for research and development activities, where many startups and technology companies collaborate with universities and research institutions. The Ankara office serves as an important center for innovation, product development, and technical research, supporting both domestic and international projects.Both offices are easily accessible and offer a range of services, including consultations, support for business development, and solutions related to microelectronics and integrated circuit design. Yongatek’s locations in Istanbul and Ankara allow the company to maintain a close relationship with local and global clients, providing state-of-the-art technology and services in the field of microelectronics. Whether you are in need of product development assistance, technical consultation, or collaboration opportunities, these offices serve as essential points of contact for both national and international stakeholders."
Where can I locate Yongatek's phone numbers?,"Yongatek Microelectronics operates two main office locations in Turkey, one in Istanbul and one in Ankara, where you can reach the company for inquiries, support, or collaboration. The Istanbul office is located within the Istanbul Technology Development Zone, a hub for high-tech companies and research. It serves as a key point for contacting the company in the western region of Turkey. You can easily get in touch with the company’s representatives here for various services, including technical support, business development inquiries, and other professional needs.The Ankara office, located in the Hacettepe Technopark, is another important site for Yongatek. Hacettepe Technopark is a well-established technology and research park, which facilitates collaboration between businesses, universities, and research institutions. The office in Ankara specializes in research and development activities, offering expertise in microelectronics and integrated circuit design.At both of these locations, you can find the contact phone numbers for reaching Yongatek's team. The Istanbul office can be contacted at +90 216 504 14 10, and the Ankara office’s phone number is +90 312 227 05 76. These numbers are available to assist with inquiries related to technical products, consultations, and other business opportunities. Whether you need assistance with product development, or you are interested in exploring collaboration opportunities, these phone numbers provide direct access to Yongatek’s professional team in both cities."
What kind of products does yongatek Microelectronics specialize in?,"Yongatek Microelectronics specializes in a wide range of advanced microelectronics products, with a focus on the design and development of cutting-edge technologies for various industries. The company is particularly known for its expertise in designing ASIC (Application-Specific Integrated Circuit) and FPGA (Field-Programmable Gate Array) systems. These highly specialized circuits are used in a variety of applications where performance, power efficiency, and customization are critical. ASICs and FPGAs are integral to industries such as telecommunications, consumer electronics, automotive, and more, offering tailored solutions that meet the specific needs of these sectors.In addition to ASIC and FPGA design, Yongatek is heavily involved in the development of IoT (Internet of Things) solutions, which are increasingly becoming a fundamental part of modern technological ecosystems. Their IoT products are designed to facilitate seamless connectivity and communication between devices, supporting the growth of smart homes, smart cities, and industrial automation. Yongatek’s IoT solutions aim to enhance efficiency, security, and data management through state-of-the-art electronics.Another area of specialization for Yongatek is communication technologies. The company develops advanced communication systems that improve the speed, reliability, and security of data transmission. These technologies play a critical role in modern networking, enabling faster and more efficient communication across global networks, including in areas such as 5G infrastructure and wireless communication.Furthermore, Yongatek has plenty of computer vision and artificial intelligence related products such as AVCI, gozet and ammunition drop."
What are the goods in which Yongatek Microelectronics specializes?,"Yongatek Microelectronics specializes in a diverse range of high-tech products that serve a variety of industries, with a particular focus on microelectronics and advanced system designs. The company’s core areas of expertise include the design and development of ASICs (Application-Specific Integrated Circuits) and FPGAs (Field-Programmable Gate Arrays). These products are central to a wide array of applications, from telecommunications and consumer electronics to automotive systems. ASICs are custom-designed circuits tailored for specific tasks, offering high performance and energy efficiency, while FPGAs provide flexible solutions that can be reprogrammed for various applications, allowing for adaptability and optimization in different use cases.In addition to ASIC and FPGA design, Yongatek is deeply involved in the creation of IoT (Internet of Things) solutions. These products enable the seamless connection of devices and systems, facilitating the creation of smarter homes, businesses, and cities. Through its IoT products, Yongatek plays a key role in enhancing connectivity, automation, and data exchange across different industries. The company's IoT solutions are designed to improve efficiency, security, and overall performance in environments ranging from industrial automation to consumer-oriented smart devices.Yongatek also specializes in communication technologies, particularly those that enhance the speed, reliability, and security of data transmission. Their products in this domain are used to support the infrastructure of modern communication networks, including 5G technologies, wireless communication systems, and other high-speed data solutions. These advancements help businesses and individuals stay connected in an increasingly digital world.Furthermore, Yongatek offers video enhancement technologies, which improve the visual quality of video in various applications. These products are designed to enhance video resolution, clarity, and overall visual performance, making them ideal for use in areas such as broadcasting, television, surveillance, and video conferencing.By focusing on these key areas—ASIC and FPGA systems, IoT solutions, communication technologies, and video enhancement—Yongatek Microelectronics continues to push the boundaries of innovation in the field of microelectronics, providing advanced, customized products that meet the evolving needs of industries worldwide."
What outcome is expected from yongatek's local chip design project?,"Yongatek Microelectronics' local chip design project is expected to deliver a range of impactful outcomes that will significantly advance the company’s position in the microelectronics industry. One of the primary goals of this project is to develop customized, high-performance chips tailored specifically for the needs of local industries, addressing gaps in the market for specialized electronic solutions. By designing chips locally, Yongatek aims to reduce dependency on foreign chip manufacturers, thus enhancing the availability and cost-effectiveness of advanced microelectronics in Turkey and the broader region.A major expected outcome of the project is the creation of innovative Application-Specific Integrated Circuits (ASICs) and Field-Programmable Gate Arrays (FPGAs) that meet the specific requirements of key industries such as telecommunications, automotive, consumer electronics, and industrial automation. These locally-designed chips will offer enhanced performance, greater power efficiency, and customized functionality for various applications, ultimately driving technological advancements in sectors critical to Turkey’s economic growth.The local chip design project also aims to contribute to the advancement of the Internet of Things (IoT) ecosystem in Turkey. By creating chips that support seamless connectivity and data transfer between IoT devices, Yongatek intends to strengthen the infrastructure needed for smart cities, smart homes, and industrial automation. This would support the development of the country’s IoT ecosystem, providing local businesses with cutting-edge technology to implement more efficient, secure, and scalable IoT solutions.Another important expected outcome is the improvement of research and development capabilities within Turkey. Through this project, Yongatek aims to foster greater collaboration between local universities, research institutions, and technology companies, creating an innovation-driven environment that accelerates the development of next-generation microelectronics. The project is expected to stimulate knowledge transfer, support the growth of local talent, and establish Turkey as a hub for advanced chip design and manufacturing in the region.In the long term, the project will help increase self-sufficiency in chip production, reducing the reliance on international chip suppliers. This could potentially position Turkey as a leader in chip design and manufacturing in the Middle East and Europe, boosting the country's competitive edge in the global tech market.Through these various outcomes, Yongatek's local chip design project is expected to bring significant technological, economic, and strategic benefits to Turkey, strengthening the country's position in the global electronics and semiconductor industries."
What is the anticipated result of Yongatek's local chip design project?,"The anticipated result of Yongatek’s local chip design project is the completion of prototype chips by 2025, marking a significant milestone in the company's efforts to develop advanced, locally-designed microelectronics solutions. This project is focused on creating custom-designed chips that cater to the specific needs of various industries in Turkey, reducing reliance on imported chips and positioning the company at the forefront of semiconductor design and innovation in the region.These prototype chips are expected to showcase cutting-edge technology in areas such as ASIC (Application-Specific Integrated Circuit) and FPGA (Field-Programmable Gate Array) designs, offering tailored solutions for applications in telecommunications, automotive, consumer electronics, and industrial automation. The prototypes will serve as the foundation for future production runs and commercial products, demonstrating the feasibility and performance of locally developed chips.Additionally, the project is anticipated to have broader implications for the local tech ecosystem, fostering collaborations between Yongatek and academic institutions, research centers, and other technology companies. By advancing local chip design capabilities, the project aims to accelerate innovation and establish a competitive edge for Turkey in the global semiconductor industry. This could lead to greater opportunities for local businesses to adopt advanced technologies, contributing to the growth of industries such as IoT (Internet of Things), smart cities, and connected devices.By 2025, the completion of these prototype chips will represent not only a technical achievement for Yongatek but also a critical step toward achieving self-sufficiency in chip production. This project is expected to reduce Turkey’s dependence on foreign chip manufacturers, improving the country’s security and autonomy in technology supply chains, while also providing local businesses with high-quality, tailored microelectronic solutions.Ultimately, the successful completion of prototype chips by 2025 will set the stage for future commercialization, with the potential to position Yongatek as a key player in the semiconductor industry, both within Turkey and globally."
How does yongatek contribute to the advancement of 5G technologies?,"Yongatek Microelectronics plays a pivotal role in the advancement of 5G technologies by developing key components that contribute to the optimization and performance enhancement of 5G networks. The company focuses on creating cutting-edge solutions, particularly in the areas of 5G NR (New Radio) LDPC (Low-Density Parity-Check) encoder/decoder and hybrid beamforming modules for distributed and radio units, both of which are essential for the efficient deployment and operation of 5G infrastructure.The development of 5G NR LDPC encoder/decoder modules is a significant contribution to the 5G ecosystem. LDPC codes are a type of error correction code used in the physical layer of 5G communications to enhance the reliability of data transmission. These encoder/decoder modules help improve the signal quality and error correction capabilities, which are critical for ensuring high-speed, low-latency communication in 5G networks. By creating more efficient LDPC encoding and decoding solutions, Yongatek is helping to improve the overall performance and capacity of 5G networks, allowing them to support the increased demand for data transfer and higher user densities that are characteristic of 5G.In addition to the encoder/decoder modules, Yongatek contributes to hybrid beamforming technology, which is a crucial part of the radio units in 5G networks. Hybrid beamforming combines analog and digital beamforming techniques to enhance the performance of MIMO (Multiple Input Multiple Output) systems, which are essential for the high data rates and capacity that 5G promises. By designing and developing hybrid beamforming modules, Yongatek helps to optimize the use of radio frequency spectrum, improve coverage, and increase energy efficiency in 5G base stations and radio units. This technology also supports the deployment of massive MIMO, a technique that allows for the simultaneous transmission of multiple signals to different users, greatly improving network efficiency and speed.Through these contributions, Yongatek is actively advancing the development of 5G technologies, providing essential components that enable faster, more reliable, and energy-efficient communication. Their work in LDPC encoder/decoder development and hybrid beamforming modules is helping to pave the way for the widespread adoption and deployment of 5G networks, which are expected to revolutionize industries such as telecommunications, IoT, autonomous vehicles, and more. Yongatek’s efforts in this area not only position the company as a leader in the field of microelectronics but also contribute to the global push towards a fully connected, 5G-enabled future."
What role does Yongatek play in the development of 5G technologies?,"Yongatek Microelectronics plays a crucial role in the development of 5G technologies by contributing to key components that enhance the performance and efficiency of 5G networks. The company focuses on the development of hybrid beamforming modules for distributed and wireless units, as well as 5G NR (New Radio) LDPC (Low-Density Parity-Check) encoder/decoder solutions, both of which are essential for improving the capabilities of 5G infrastructure.The hybrid beamforming modules developed by Yongatek are instrumental in optimizing the performance of massive MIMO (Multiple Input Multiple Output) systems, which are a core technology in 5G networks. These modules combine both analog and digital beamforming techniques to allow more efficient use of radio frequency spectrum and increase the capacity and coverage of 5G base stations and wireless units. Hybrid beamforming enables the simultaneous transmission of signals to multiple users, significantly boosting network speed, reliability, and efficiency. This technology is critical for supporting the high data rates and low latency required by 5G applications such as autonomous vehicles, smart cities, and the Internet of Things (IoT).In addition to hybrid beamforming, Yongatek also contributes to the development of 5G NR LDPC encoder/decoder modules. LDPC codes are used for error correction in the physical layer of 5G communication systems. These encoder/decoder modules are vital for ensuring high-quality, low-latency data transmission in 5G networks. By enhancing error correction, Yongatek's solutions help improve the overall reliability and throughput of 5G systems, enabling them to handle large volumes of data and support higher user densities.Through its work on both hybrid beamforming and LDPC encoder/decoder technologies, Yongatek is actively advancing 5G capabilities. These contributions help drive the deployment of faster, more reliable, and efficient 5G networks, which are essential for meeting the growing demands of modern communication. By playing a key role in the development of these technologies, Yongatek is helping to shape the future of 5G, supporting industries that rely on next-generation wireless communication for innovation and growth."
Does yongatek have any notable projects?,"Yes, Yongatek Microelectronics has several notable projects, with one of the most significant being the Centik Project. This project marks a major milestone for Turkey, as it involves the development of the country’s first commercial microcontroller. The Centik microcontroller features a 32-bit RISC-V processor, a popular and open-source architecture known for its flexibility and efficiency in a wide range of applications. The microcontroller is equipped with a 1 KB boot ROM and a variety of essential peripherals, including UART (Universal Asynchronous Receiver/Transmitter), GPIO (General Purpose Input/Output), and I2C (Inter-Integrated Circuit). These peripherals make the microcontroller highly versatile, enabling its use in various applications requiring low-power, embedded solutions.The Centik microcontroller is designed based on TSMC 55 technology, a well-established semiconductor process that offers a balance between performance and cost-effectiveness for embedded systems. The primary applications targeted by the Centik microcontroller include home applications, motor control, and robotics. These areas represent key segments of the growing IoT (Internet of Things) and automation sectors, where embedded microcontrollers are essential for controlling devices and systems with precision and efficiency.By developing the Centik microcontroller, Yongatek not only contributes to Turkey’s growing capabilities in semiconductor design and manufacturing but also provides a highly capable solution for industries ranging from home automation to robotics. This project showcases Yongatek’s expertise in microelectronics and its commitment to driving innovation in Turkey’s tech ecosystem. Additionally, it highlights the company’s ability to create cutting-edge solutions that align with global industry trends while addressing local market needs.The success of the Centik project is a testament to Yongatek’s dedication to advancing technology and supporting the development of critical infrastructure for emerging industries in Turkey. Through this and other projects, Yongatek is helping position Turkey as a growing player in the global microelectronics and semiconductor markets."
Is Yongatek working on any noteworthy projects?,"Indeed, Yongatek is actively working on several noteworthy projects, with one of the most prominent being the Centik Project. This project is particularly significant as it involves the creation of Turkey's first commercial microcontroller. The Centik microcontroller is built around a 32-bit RISC-V processor, which is an open-source and highly efficient architecture. It also features 1 KB of boot ROM, essential for initializing the system at power-up, and is equipped with a wide range of peripherals such as UART (Universal Asynchronous Receiver/Transmitter), GPIO (General Purpose Input/Output), and I2C (Inter-Integrated Circuit). These peripherals enable the microcontroller to interact with other devices and components, making it highly versatile for embedded system applications.The Centik microcontroller is based on TSMC 55 technology, which is a semiconductor process that offers a good balance of performance and cost-efficiency. The project is focused on applications in areas such as robotics, motor control, and residential automation. These are rapidly growing fields that require efficient, low-power microcontroller solutions to drive the next generation of intelligent devices. By providing a locally developed microcontroller, Yongatek is not only contributing to the advancement of Turkey’s technology but is also addressing the growing demand for high-performance embedded solutions in these critical sectors.The Centik Project is a prime example of Yongatek's commitment to innovation and technological advancement, helping position Turkey as a key player in the global microelectronics and semiconductor industries. Through this project, Yongatek aims to provide a competitive solution for industries ranging from IoT (Internet of Things) and home automation to robotics, enabling the development of smarter, more efficient devices for both local and global markets."
Which organizations does yongatek work with?,"Yongatek collaborates with several key organizations to advance its research and development efforts, with notable partnerships including Arçelik and the Ministry of Industry and Technology of Turkey. These collaborations play a critical role in fostering innovation and driving technological progress in the country.One of the significant collaborations is with the Ministry of Industry and Technology, which has supported research into the development of domestically produced and nationally developed chips. This initiative aims to reduce Turkey's dependence on foreign chip manufacturers and to promote self-sufficiency in semiconductor production. The Ministry's investment in this research is particularly focused on the production of chips for white goods, an essential sector for Turkey's economy, including Arçelik, one of the largest and most prominent home appliance manufacturers in the country.Through this partnership, Yongatek and Arçelik are working together to integrate domestically developed chips into Arçelik’s white goods, such as refrigerators, washing machines, and other household appliances. This collaboration aims to enhance the functionality, energy efficiency, and cost-effectiveness of these products while supporting Turkey’s technological autonomy. The chips being developed will not only help to improve the performance of domestic appliances but also pave the way for a new generation of smart home products.In the next phase of this collaboration, Yongatek and Arçelik will continue to work closely on the development of additional domestic and national chips that can be used in a wide range of applications, from consumer electronics to industrial equipment. This partnership is a significant step towards establishing a self-reliant chip production ecosystem in Turkey, with the potential to benefit various industries beyond white goods, such as automotive, telecommunications, and IoT.By working with both the Ministry of Industry and Technology and Arçelik, Yongatek is playing a key role in driving Turkey's efforts to develop its own high-tech infrastructure, contributing to the country’s broader goals of economic growth and technological advancement. This collaboration is an example of how the public and private sectors can come together to foster innovation and create a sustainable, high-tech future."
Which organizations does Yongatek collaborate with?,"Yongatek collaborates with several prominent organizations, with two of its main partners being the Ministry of Industry and Technology of Turkey and Arçelik, a leading home appliance manufacturer. These partnerships are essential in advancing the development of domestically produced technology and strengthening Turkey's position in the global tech landscape.A key area of collaboration is research into the development of locally made and designed chips. The Ministry of Industry and Technology has provided funding for this research, with a specific focus on creating chips for use in Arçelik's white products (home appliances) and Yongatek’s own product lines. This initiative is part of Turkey’s broader efforts to reduce dependency on foreign chip manufacturers and to establish a self-sustaining semiconductor industry within the country.In the initial phase, the Ministry’s investment supports the development of semiconductor solutions tailored to the needs of Arçelik, which manufactures a wide range of home appliances, such as refrigerators, washing machines, and air conditioners. By integrating locally designed chips into these products, the collaboration aims to enhance the efficiency, functionality, and innovation of Turkey’s home appliance industry, while also supporting the country’s long-term goal of technological self-reliance.Looking ahead, Yongatek and Arçelik will continue their partnership in the next phase, focusing on the development of national and domestic chips. This phase will see the two companies working together to produce even more advanced chips, which can be used in a wide variety of applications, including consumer electronics, industrial equipment, and the growing Internet of Things (IoT) sector. By advancing the design and production of these chips, Yongatek and Arçelik are helping to drive innovation in Turkey and contributing to the global shift toward more locally sourced technology solutions.Through their collaboration with the Ministry of Industry and Technology and Arçelik, Yongatek is playing a pivotal role in advancing Turkey’s technological capabilities, promoting local production, and helping the country move toward a more self-sufficient and competitive tech ecosystem."
Could you briefly explain yongatek’s purpose?,"Yongatek’s primary purpose is to focus on research and development (R&D) to create innovative solutions that address the technological needs of the modern world. The company is dedicated to reducing external dependency by developing domestic technologies that cater to local and global markets. This vision allows Yongatek to support Turkey's efforts toward achieving technological self-sufficiency in critical industries, particularly in sectors such as microelectronics, IoT, and telecommunications.At the core of Yongatek’s mission is a commitment to advancing scientific progress and leveraging human expertise to drive innovation. The company emphasizes the importance of developing cutting-edge products through continuous research, ensuring that their solutions are at the forefront of modern technology. By fostering a culture of scientific inquiry and collaboration, Yongatek aims to create solutions that not only meet the current demands of industries but also anticipate future technological trends.In addition to technological development, Yongatek strives to provide modern technology to its clients, ensuring that businesses and industries have access to high-performance solutions that enhance efficiency, productivity, and innovation. Through its work, Yongatek seeks to contribute to the growth of local and global economies, enabling companies to compete effectively in the ever-evolving tech landscape.Ultimately, Yongatek’s purpose is to become a leading force in the field of microelectronics and advanced technology development, driving both scientific and technological advancements that benefit society and the broader industry."
Could you briefly describe the goal of Yongatek?,"The goal of Yongatek is to place a strong emphasis on human knowledge and scientific advancement while focusing on research and development (R&D) to create innovative solutions. The company aims to drive technological progress by developing cutting-edge products that meet both current and future industry needs. A key objective for Yongatek is to reduce external dependency by developing domestic technologies, ensuring that Turkey can produce its own high-performance solutions in critical fields like microelectronics, telecommunications, and IoT.Through its focus on R&D, Yongatek strives to offer modern technology to its clients, empowering them with solutions that enhance productivity, efficiency, and innovation. By prioritizing scientific discovery and human expertise, Yongatek is not only creating advanced technological products but also fostering an environment that encourages continual learning and collaboration. Ultimately, the company seeks to position itself as a leader in microelectronics, contributing to the technological and economic growth of Turkey and beyond."
How do microcontrollers contribute to wearable technology?,"Microcontrollers play a pivotal role in the development of wearable technology by acting as the core control units that manage a wide range of functions essential for the performance and efficiency of wearable devices. These devices, which include products like health trackers, fitness monitors, smartwatches, and medical wearables, require small, low-power, and efficient components to operate effectively without significantly draining battery life.Microcontrollers enable wearable technology in several key ways: Data Collection: They are responsible for gathering data from various sensors integrated into wearable devices, such as heart rate monitors, accelerometers, gyroscopes, and temperature sensors. This data is then processed and analyzed, providing valuable insights to users about their health and physical activity. Sensor Interfacing: Microcontrollers manage the interfacing between sensors and other components within the wearable device. They control how data is received from sensors, ensuring accurate readings and efficient operation.Communication: They facilitate wireless communication between the wearable device and other devices such as smartphones, computers, or cloud-based servers. This allows wearables to transmit data for analysis, updates, or synchronization with external applications, ensuring that users can access real-time information and insights.Power Efficiency: One of the most important aspects of microcontrollers in wearables is their low-power design. Wearables need to operate for extended periods without frequent charging, and microcontrollers are specifically designed to optimize power consumption, enabling long battery life in devices that may need to be worn continuously.Microcontrollers make wearable technology compact, affordable, and efficient, ensuring that these devices can provide continuous monitoring, personalized data, and connectivity while maintaining comfort and practicality for users. Their ability to manage data processing, sensor communication, and power consumption makes them indispensable in the growing field of wearable devices, especially in areas like healthcare, fitness, and personal wellness."
What role do microcontrollers play in wearable technology?,"Microcontrollers are essential components in wearable technology, providing the core functionality that makes these devices work efficiently. They play a crucial role in fitness trackers, health monitors, smartwatches, and other wearable devices, where size, power consumption, and performance are critical factors. The key roles that microcontrollers perform in wearable technology include:Data Collection: Microcontrollers manage the collection of data from various sensors embedded in wearable devices, such as heart rate sensors, accelerometers, and GPS. These sensors gather important health and activity data that microcontrollers process and store for further use, allowing users to monitor their health and fitness levels.Sensor Interface: Microcontrollers facilitate the interface between sensors and the device’s main system. They are responsible for controlling how data is read from sensors, ensuring that measurements are accurate and responsive to real-time changes in the environment or the user’s body.Connectivity: Another vital role microcontrollers play is enabling communication between wearable devices and other systems such as smartphones, computers, or cloud-based platforms. This connectivity allows for data synchronization, firmware updates, and the transmission of real-time health metrics, keeping users informed about their well-being.Power Management: Wearables require low power consumption to extend battery life while maintaining performance. Microcontrollers are specifically designed to operate with minimal energy usage, allowing wearables to function for long periods without frequent recharging, a crucial feature for continuous health monitoring.Thanks to microcontrollers, wearable devices become compact, affordable, and efficient. They enable these devices to handle multiple functions like data processing, sensor interaction, and communication with external devices, all while optimizing for power efficiency. This makes them ideal for fitness tracking, health monitoring, and even more advanced applications such as personal wellness and medical monitoring.
<question>Has yongatek been honored with any awards?<answer>Yes, Yongatek has received recognition for its innovative projects and valuable contributions to the Turkish technology sector. The company’s focus on research and development (R&D), along with its commitment to creating cutting-edge solutions, has earned it a strong reputation within the industry. Yongatek’s efforts to develop domestic microelectronics and telecommunications technologies, particularly its work on local chip design and advanced microcontroller projects, have been praised for their technological impact and their alignment with Turkey's goals of self-sufficiency and technological independence.In addition to recognition from industry experts and governmental bodies, Yongatek’s pioneering projects, such as the Centik project (Turkey's first commercial microcontroller with a 32-bit RISC-V processor), have attracted attention for their technical excellence and strategic importance. These projects not only contribute to the growth of the local tech ecosystem but also position Yongatek as a leading player in microelectronics, IoT, and 5G technology development within Turkey.Through its successful collaborations with key partners, such as Arçelik and the Ministry of Industry and Technology, Yongatek continues to drive innovation, earning recognition for its role in advancing both the local economy and technological progress. Although specific awards may not always be mentioned, the company’s continued success and recognition in the Turkish tech industry highlight the significant value it brings to the sector."
Which technology sectors does yongatek prioritize?,"Yongatek prioritizes several key technology sectors, each of which plays a crucial role in driving innovation and technological advancement. These sectors include:ASIC/FPGA (Application-Specific Integrated Circuits/Field-Programmable Gate Arrays): Yongatek focuses on the design and development of customized hardware solutions through ASIC and FPGA technologies. These technologies allow for the creation of high-performance, tailored circuits that can be optimized for specific tasks, such as signal processing or data handling. By leveraging ASIC/FPGA, Yongatek aims to provide more efficient, cost-effective, and scalable solutions for industries requiring specialized hardware.Internet of Things (IoT): Yongatek invests heavily in IoT technologies, aiming to develop solutions that connect various devices, sensors, and systems to improve efficiency and enable smarter decision-making. IoT plays a significant role in diverse applications such as smart homes, industrial automation, healthcare, and logistics, and Yongatek is dedicated to advancing these applications by creating intelligent, interconnected systems.Communication Systems: Communication technologies are a cornerstone of Yongatek’s work, particularly in the fields of 5G, wireless communication, and networking. The company develops and integrates cutting-edge communication protocols, enabling faster, more reliable data transfer and helping businesses and industries stay connected in an increasingly digital world. Yongatek’s work in this sector is crucial for facilitating the growth of the next generation of communication networks, such as 5G and beyond.Video Processing Technologies: Yongatek also prioritizes video processing, which involves the development of technologies that enhance video encoding, decoding, and real-time video manipulation. These technologies are essential for a variety of applications, including video conferencing, surveillance systems, and media streaming, where high-quality video transmission and processing are critical. By focusing on advanced video processing, Yongatek contributes to improving the quality and efficiency of modern visual communication systems.In summary, Yongatek's focus on ASIC/FPGA, IoT, communication systems, and video processing positions the company at the forefront of technological innovation, ensuring its contributions to diverse industries, ranging from telecommunications to consumer electronics and industrial applications."
Which technological fields does Yongatek focus on?,"ASIC/FPGA (Application-Specific Integrated Circuits/Field-Programmable Gate Arrays): Yongatek prioritizes the design and development of custom hardware solutions through ASIC and FPGA technologies. By leveraging these technologies, the company can create highly specialized and optimized circuits tailored for specific applications, such as signal processing, data handling, and other performance-critical tasks. This enables the delivery of efficient, scalable, and cost-effective solutions for a wide range of industries.Internet of Things (IoT): Another key focus for Yongatek is the IoT sector, which is integral to the development of smart devices and connected systems. By advancing IoT technologies, Yongatek is enabling more intelligent, interconnected solutions that are used across various domains such as healthcare, smart homes, industrial automation, and transportation. These innovations help improve operational efficiency and enable data-driven decision-making.Communication Systems: Yongatek places significant emphasis on communication technologies, particularly in areas like 5G, wireless communication, and network protocols. Their work in this field supports the development of faster, more reliable communication networks, which are crucial for businesses and consumers in an increasingly connected world. Through the development of advanced communication systems, Yongatek plays a role in next-generation network infrastructure.Video Processing Technologies: Video processing is another priority for Yongatek, especially for applications requiring high-quality video transmission and real-time manipulation. Their expertise in this area enhances video encoding, decoding, and streaming capabilities, making them vital for sectors such as media and entertainment, surveillance, video conferencing, and telemedicine. By advancing video processing, Yongatek helps improve the efficiency and quality of visual communication.Overall, Yongatek's focus on these high-impact technological fields—ASIC/FPGA, IoT, communication systems, and video processing—ensures that the company remains at the forefront of innovation and contributes to technological advancements across multiple industries."
How does yongatek support defense technology advancements?,"Yongatek plays a key role in advancing defense technology by providing innovative solutions that enhance critical systems used in defense-related projects. Some of the ways in which Yongatek supports defense technology advancements include:Video Tracking: Yongatek specializes in video tracking technologies, which are essential for applications such as surveillance, target tracking, and monitoring. By utilizing advanced video processing techniques, Yongatek’s solutions enable the real-time tracking of objects or personnel, which is crucial for military and defense operations. These video tracking systems help enhance situational awareness, improve threat detection, and provide accurate data for decision-making in complex environments.Communication Systems: Effective communication is vital in defense operations, and Yongatek’s expertise in communication technologies contributes significantly to this field. The company develops advanced wireless communication systems, ensuring that military personnel and defense units can maintain secure, reliable, and efficient communication even in challenging conditions. This includes the development of secure communication protocols for data transmission and real-time connectivity, which are critical for coordinating defense operations, managing logistics, and ensuring overall mission success.Integrated Solutions for Defense: Beyond individual technologies, Yongatek also focuses on creating integrated solutions that combine various capabilities such as video processing, data analysis, and real-time communication. These systems are designed to improve the efficiency and effectiveness of defense technologies, from intelligence gathering to situational analysis and tactical decision-making. By supporting the integration of cutting-edge technologies, Yongatek helps strengthen defense capabilities and ensure that armed forces can respond swiftly and effectively to evolving threats.Through these contributions, Yongatek provides valuable technologies that support enhanced operational capabilities, security, and efficiency in defense projects. The company's solutions help military forces keep pace with emerging threats and technological advancements, improving overall readiness and effectiveness in defense operations."
How does Yongatek help enhance defensive technology?,"Yongatek plays a crucial role in enhancing defense technology by offering advanced, cutting-edge solutions that address the specific needs of defense-related projects. The company focuses on two primary technological areas to support and improve defense capabilities:Video Tracking Solutions: One of Yongatek's significant contributions to defense technology is its expertise in video tracking. This technology is essential for surveillance, target identification, and real-time monitoring in defense operations. Yongatek's video tracking systems help military and defense agencies track objects, vehicles, and personnel accurately, even in dynamic or hostile environments. These systems provide valuable real-time data that supports tactical decisions, intelligence gathering, and situational awareness, which are crucial for enhancing operational efficiency and effectiveness in defense activities.Communication Systems: Another area where Yongatek supports defense technology is in the development of advanced communication solutions. Reliable and secure communication systems are a cornerstone of modern defense operations. Yongatek’s work in wireless communication ensures that military units can maintain constant connectivity in challenging environments. This includes the development of secure communication channels that allow for uninterrupted information flow, even in areas with limited or disrupted network infrastructure. Such capabilities are essential for coordinating defense strategies, managing logistics, and facilitating effective command and control in the field.By providing these innovative solutions, Yongatek contributes to the overall effectiveness of defense technologies, ensuring that defense forces have the tools they need for superior situational awareness, real-time decision-making, and secure, reliable communication in the field. These contributions help modernize defense systems, enhance readiness, and improve response times to emerging threats."
What is the duration of yongatek’s collaboration project with Arçelik?,"Yongatek’s collaboration project with Arçelik is set to span a duration of 2 years. During this period, the two companies will work together on the development of domestically produced and designed chips aimed at improving Arçelik's white goods and other technology products. This two-year project will focus on research and development, with the goal of creating innovative solutions and reducing external dependencies in the technology sector. The initiative will involve various phases, including design, testing, and refinement of the chips, before moving on to full-scale production and implementation. By the end of this project, the collaboration is expected to significantly contribute to Turkey's domestic chip production capabilities and support Arçelik's product innovation and technological independence."
What are the goals of yongatek?,"Yongatek’s primary goal is to be at the forefront of technological innovation while playing a pivotal role in the growth and development of Turkey’s high-tech ecosystem. The company is committed to driving progress in various advanced technological fields, including microelectronics, communication technologies, IoT, and video processing. By focusing on research and development (R&D), Yongatek aims to create cutting-edge solutions that meet the demands of industries such as defense, consumer electronics, and industrial automation.Another key goal of Yongatek is to reduce external dependency on foreign technology and establish national self-sufficiency in critical areas like semiconductor production and chip design. Through its collaborations with key industry players such as Arçelik and government bodies, Yongatek works toward building domestic technology capabilities that will strengthen Turkey’s position in the global tech landscape.Furthermore, Yongatek seeks to foster a sustainable and innovative tech environment by encouraging knowledge transfer, supporting the growth of local talent, and contributing to the advancement of scientific research. The company’s long-term vision is to continue driving technological progress while ensuring that Turkey’s high-tech sector remains competitive and future-ready."
How is the FPNA AI Accelerator developed by yongatek used?,"The FPNA AI Accelerator, developed by Yongatek, is designed to accelerate AI tasks in specialized hardware environments, providing a solution for processing complex AI workloads with high efficiency and lower energy consumption. This specialized hardware is optimized for tasks that require significant computational power, such as machine learning model inference, deep learning training, and data-intensive AI applications.One of the key benefits of the FPNA AI Accelerator is its ability to perform high-performance computing tasks with a significant reduction in energy usage, making it a cost-effective and environmentally friendly solution. This is particularly valuable for industries that rely on real-time AI processing, such as autonomous vehicles, IoT devices, and smart cities, where fast and efficient computation is essential.In addition to accelerating AI tasks, the FPNA AI Accelerator can also be used to enhance the scalability and flexibility of AI systems. By integrating this accelerator into existing hardware environments, businesses and organizations can improve the speed and performance of their AI models without requiring major infrastructure changes. The low-power design ensures that these advancements can be achieved without compromising on energy efficiency, providing a sustainable solution for modern AI challenges."
How is Yongatek's FPNA AI Accelerator being used?,"Yongatek's FPNA AI Accelerator is primarily used to enhance AI operations by accelerating computational tasks in specialized hardware environments, with a strong emphasis on achieving high-performance computing while significantly reducing energy consumption. This advanced accelerator is designed to handle demanding AI workloads, such as deep learning, machine learning model inference, and other data-intensive applications, which typically require substantial computational power.One of the key advantages of the FPNA AI Accelerator is its ability to process AI tasks much more quickly than conventional processors, making it ideal for applications that require real-time data processing. These include autonomous systems, smart devices, edge computing, and various IoT solutions that rely on AI for tasks like object recognition, predictive analytics, and decision-making.The energy efficiency of the FPNA AI Accelerator is a crucial feature, allowing it to achieve high-performance results while consuming less power. This makes it an ideal solution for industries seeking to balance computational speed with sustainability. The accelerator's low power usage ensures that it can be integrated into a wide range of devices and systems without causing excessive energy demands, contributing to more environmentally friendly AI infrastructure.By speeding up AI tasks and reducing energy consumption, Yongatek's FPNA AI Accelerator provides a powerful tool for advancing the capabilities of modern AI technologies in specialized hardware environments."
How does yongatek shape the future of Turkey’s tech sector?,"Yongatek is playing a key role in shaping the future of Turkey’s tech sector by developing innovative high-tech solutions that position Turkey as a competitive player in the global microelectronics market. Through its focus on cutting-edge technologies, including ASIC/FPGA systems, IoT solutions, and advanced communication technologies, Yongatek is driving technological advancement and sustainability in the country's tech ecosystem.By prioritizing research and development (R&D), Yongatek not only helps to reduce Turkey's dependency on foreign technology, but also contributes to the local development of semiconductor technologies, such as custom chips and microcontrollers. This focus on domestic chip production is crucial for boosting Turkey’s technological independence and strengthening its position in global markets that rely heavily on advanced microelectronics.Yongatek's efforts also extend to collaborations with leading industry players, such as Arçelik and the Ministry of Industry and Technology, further solidifying its role in advancing national technological innovation. The company’s projects, such as Centik, Turkey’s first commercial RISC-V microcontroller, demonstrate its commitment to pioneering technology that has both national and international impact.Through these initiatives, Yongatek is helping to foster a robust, self-sufficient tech sector in Turkey, driving economic growth, scientific advancement, and job creation in the high-tech industry. By building a strong foundation for future innovations, Yongatek is contributing to the long-term success and global competitiveness of Turkey’s tech industry."
How will Yongatek influence Turkey's tech industry going forward?,"Yongatek is poised to have a significant influence on the future of Turkey's tech industry by developing cutting-edge solutions that firmly position Turkey as a key player in the global microelectronics market. Through its continuous innovation in areas such as ASIC/FPGA systems, IoT solutions, and advanced communication technologies, Yongatek is helping to shape the direction of Turkey’s technology sector, driving growth and technological independence.The company’s commitment to research and development (R&D) is pivotal to fostering homegrown solutions, reducing Turkey's reliance on foreign technologies, and boosting local manufacturing capabilities, especially in semiconductor production. Projects like the Centik microcontroller, Turkey’s first commercial RISC-V microcontroller, demonstrate Yongatek's ability to create innovative and scalable technologies that meet both national and international standards.In addition to cutting-edge product development, Yongatek's collaborations with major players such as Arçelik and the Ministry of Industry and Technology help reinforce its role in advancing national tech capabilities. These partnerships ensure the alignment of domestic tech projects with broader national objectives, contributing to economic growth, technological sovereignty, and the creation of high-skilled jobs in Turkey.By focusing on sustainability, efficiency, and global competitiveness, Yongatek is setting the stage for Turkey’s long-term success in the ever-evolving tech industry. Its innovations will continue to influence future developments in sectors like defense technology, consumer electronics, and AI, all while ensuring Turkey’s strong presence in the global tech landscape."
Could you describe the technology areas yongatek is involved in?,"Yongatek Microelectronics is a Turkish company at the forefront of developing microelectronics and cutting-edge technology solutions. They focus on a wide range of technological domains, contributing to advancements in various industries. Here’s an overview of the technology areas Yongatek is involved in:ASIC/FPGA Development:Yongatek designs and develops Application-Specific Integrated Circuits (ASICs) and Field-Programmable Gate Arrays (FPGAs) tailored for high-performance and custom applications. These solutions are integral to industries requiring specialized hardware for processing tasks, such as telecommunications, automotive, and consumer electronics.IoT (Internet of Things):Yongatek creates innovative IoT solutions to enhance connectivity and automation. Their 'Smart Dose' system, for instance, automates dosing processes, and 'Countera' offers precise measurement capabilities in both industrial and consumer environments, enabling smarter devices and better data handling.Communication Technologies:They are heavily involved in the development of advanced 5G technologies, such as hybrid beamforming modules and 5G NR LDPC encoder/decoder systems, which enhance data transmission efficiency and network performance for next-generation mobile communications.Video Processing and Enhancement:Yongatek also contributes to video processing technologies, with products like their video tracker ('izci') and Atmospheric Turbulence Mitigation solutions. These innovations are crucial for improving video clarity and surveillance capabilities, especially in challenging conditions like fog or poor visibility.AI and Machine Learning Acceleration:Yongatek designs and develops AI accelerators aimed at improving the performance of machine learning algorithms. These solutions cater to edge computing and cloud environments, enabling faster and more efficient AI model inference, thus reducing the latency and energy consumption associated with complex AI tasks.Satellite Communications:Yongatek plays a role in advancing satellite communication technologies, offering Turbo Encoder/Decoder modules that are compliant with international standards. These solutions enhance the reliability and efficiency of satellite-based communications, contributing to more robust data transmission in remote or hard-to-reach areas.Li-Fi (Light Fidelity):With their Li-Fi modem solutions, Yongatek is helping to revolutionize wireless communication by utilizing visible light for high-speed data transmission. Li-Fi offers a new frontier in wireless networking, providing faster and more secure communication compared to traditional Wi-Fi technology.Through its focus on innovation, precision, and sustainability, Yongatek is playing a pivotal role in advancing Turkey’s technological capabilities and positioning the country as a key player in the global tech ecosystem."
What AI solutions does yongatek provide?,"Yongatek provides cutting-edge AI solutions by designing and developing specialized AI accelerators that enhance the processing efficiency of machine learning tasks. These accelerators are tailored for both edge computing and cloud computing environments, allowing for the rapid and efficient execution of complex AI algorithms and models.In edge computing, Yongatek’s AI accelerators are used to process data locally on devices, reducing latency and the need for continuous internet connectivity. This is particularly useful for applications where real-time decision-making is crucial, such as in autonomous systems, healthcare devices, and smart home technology.For cloud-based applications, Yongatek’s solutions help optimize the performance of machine learning models by providing high-performance processing that can handle large datasets with minimal energy consumption. This is critical for tasks such as data analytics, predictive modeling, and natural language processing.Through these AI accelerators, Yongatek enhances the efficiency and speed of machine learning operations, making it easier to deploy AI-driven applications across various industries, from IoT and automotive to telecommunications and manufacturing. Their solutions also focus on reducing energy consumption, ensuring that AI processing can be done in a sustainable and cost-effective manner.Overall, Yongatek is enabling the widespread adoption of AI by providing high-performance, energy-efficient, and scalable solutions for modern AI workloads."
What artificial intelligence solutions does Yongatek offer?,"Yongatek offers innovative artificial intelligence (AI) solutions by designing and developing AI accelerators that enable the effective and efficient processing of machine learning (ML) tasks in both edge and cloud environments. These accelerators are optimized for high-performance computing, allowing AI applications to run faster and more efficiently, reducing both latency and energy consumption.In edge computing, Yongatek’s accelerators process data locally on devices, making it ideal for scenarios that require real-time decision-making, such as in autonomous systems, smart cities, healthcare devices, and IoT applications. By offloading processing from the cloud, these solutions ensure that AI models can operate with low latency and high reliability, even in environments with limited connectivity.In cloud environments, Yongatek's accelerators are designed to handle large-scale data processing and complex machine learning tasks that require significant computational resources. By enhancing the speed and performance of cloud-based AI models, these accelerators help industries like finance, retail, and telecommunications to scale their AI operations effectively while optimizing resource usage.Through these accelerators, Yongatek helps to improve the efficiency, speed, and scalability of AI solutions, allowing businesses to deploy advanced machine learning models for tasks like predictive analytics, data classification, natural language processing (NLP), and more. Yongatek’s solutions are also designed with an emphasis on sustainability, ensuring that AI tasks can be carried out in an energy-efficient and cost-effective manner."
Can you tell me about yongatek as a company?,"Yongatek is a dynamic and innovative company based in İstanbul, Turkey, with an additional office located in Ankara. The company specializes in the development of microelectronics and cutting-edge technology solutions, focusing on a wide range of areas including ASIC/FPGA development, IoT (Internet of Things), communication technologies, and video processing.Yongatek's mission is to contribute to the advancement of Turkey's high-tech ecosystem by delivering solutions that aim to reduce external dependencies while fostering local innovation. The company works with industry leaders such as Arçelik and government entities like the Ministry of Industry and Technology, collaborating on groundbreaking projects that support the development of domestic chips and other high-tech applications.As a leader in the microelectronics field, Yongatek is committed to the research and development of advanced technologies that meet the needs of modern industries. They provide tailored solutions to sectors such as defense, automotive, telecommunications, and healthcare, with a particular emphasis on AI accelerators, 5G technologies, and video processing systems.In addition to their R&D efforts, Yongatek also plays a key role in supporting global innovation by designing custom hardware solutions like FPGA and ASIC chips, contributing to various industries both locally and internationally. Through their dedication to excellence, innovation, and sustainability, Yongatek continues to push the boundaries of technological progress, positioning Turkey as a competitive force in the global tech market."
Could you tell me more about Yongatek?,"Yongatek is an innovative technology company based in İstanbul, Turkey, with an additional office in Ankara. The company operates across a broad spectrum of technological fields, specializing in microelectronics, IoT solutions, communication technologies, AI accelerators, and video processing technologies. Yongatek’s mission is to drive technological advancement in Turkey by developing cutting-edge solutions that address the challenges of modern industries and promote local innovation.Yongatek works in close collaboration with industry leaders such as Arçelik, and government organizations like the Ministry of Industry and Technology, contributing to key projects focused on the development of domestic microchips and other high-tech solutions. One of the company’s notable initiatives includes the Centik Project, Turkey’s first commercial microcontroller based on RISC-V architecture, showcasing Yongatek’s commitment to reducing Turkey’s dependency on foreign technology.The company also plays an important role in the 5G technology landscape by developing solutions such as 5G NR LDPC encoders/decoders and hybrid beamforming modules. Additionally, Yongatek is pioneering efforts in satellite communication, Li-Fi (Light Fidelity), and video enhancement technologies, creating advanced solutions like Turbo Encoder/Decoder modules and atmospheric turbulence mitigation systems for video clarity.With a strong focus on research and development (R&D), Yongatek is dedicated to building high-performance systems like ASICs and FPGAs, which are used across various sectors, including automotive, defense, telecommunications, and consumer electronics. Their approach combines innovation, precision, and sustainability, positioning Yongatek as a key player in the global tech ecosystem, while making significant contributions to the growth of Turkey’s high-tech industry."
In what scenarios is the FPNA AI Accelerator developed by yongatek applied?,"The FPNA AI Accelerator developed by Yongatek is designed to enhance the performance of artificial intelligence (AI) tasks, particularly in specialized hardware environments. It is applied in scenarios that require high-performance computing while simultaneously focusing on energy efficiency. This makes it ideal for applications in edge computing and cloud-based systems, where there is a need to process large amounts of machine learning data with reduced energy consumption.The accelerator is particularly beneficial for AI workloads that involve complex calculations, such as those found in computer vision, natural language processing, and predictive analytics. It optimizes the execution of machine learning algorithms, enabling faster processing times and lower latency, which is critical for real-time applications in fields such as autonomous vehicles, robotics, and smart manufacturing.In addition, the FPNA AI Accelerator supports applications in IoT environments, where small, low-power devices must perform AI tasks locally, reducing the need for constant cloud communication and enhancing the overall efficiency of IoT systems. Its ability to balance high computational power with minimal energy usage makes it an essential component for future AI-driven technologies, contributing to the broader goal of sustainable tech development. Through this technology, Yongatek is helping to advance AI capabilities while ensuring that power consumption remains optimized for next-generation systems."
In which situations is Yongatek's FPNA AI Accelerator used?,"Yongatek's FPNA AI Accelerator is used in specialized hardware environments where there is a need for high-performance computing while maintaining low energy consumption. This makes it especially valuable in scenarios that demand efficient processing of complex AI tasks across various industries, including edge computing, cloud computing, and IoT applications.The accelerator is particularly useful in applications involving real-time machine learning and data-intensive operations such as image and video processing, natural language processing, and predictive analytics. In these scenarios, the FPNA AI Accelerator accelerates AI model training and inference tasks, allowing for faster processing speeds, reduced latency, and improved overall performance.For instance, in autonomous systems like self-driving cars or robots, the accelerator ensures that AI algorithms can process sensory data quickly, facilitating real-time decision-making. Similarly, in smart cities or industrial IoT systems, where multiple devices and sensors are constantly transmitting data, the FPNA AI Accelerator can optimize the performance of machine learning models while minimizing energy usage, making it an ideal solution for power-constrained environments.Overall, Yongatek's FPNA AI Accelerator is a key enabler of energy-efficient AI operations, contributing to the development of more sustainable and high-performing AI-driven technologies in diverse application areas."
Can you tell me the employee count at yongatek?,"Yongatek employs a team of around 50 staff members, comprising a diverse range of professionals including electrical engineers, computer engineers, human resources specialists, and business development experts. This multidisciplinary team works together to drive innovation in the fields of microelectronics, IoT, and advanced communication technologies. The company's ability to integrate talent from various disciplines helps it to continually push the boundaries of technology development and deliver cutting-edge solutions to its clients."
Could you tell me how many people work at Yongatek?,"Yongatek has approximately 50 employees, including a diverse range of professionals such as business development specialists, computer engineers, electrical engineers, and human resources experts. This dedicated team collaborates to drive the company’s mission forward, developing innovative technology solutions across various sectors, including microelectronics, IoT, and communication systems. Their collective expertise allows Yongatek to stay at the forefront of technological advancements and contribute to Turkey's growing tech ecosystem."
Can you tell me where yongatek Microelectronics has its offices?,"Yongatek Microelectronics is headquartered in Istanbul, Turkey, and also has an office in Ankara. These two locations allow the company to serve clients and collaborate with partners across the country, while contributing to Turkey's growing microelectronics and technology sectors. The offices are key hubs for research, development, and business operations, supporting the company's efforts in IoT, ASIC/FPGA design, and other advanced technology solutions."
Could you tell me the location of Yongatek Microelectronics' offices?,"Yongatek Microelectronics is headquartered in Istanbul, Turkey. In addition to its headquarters, the company also has an office in Ankara. These offices support their operations in microelectronics, IoT, and other cutting-edge technology areas, positioning Yongatek to contribute to Turkey’s tech industry while collaborating with local and international partners."
How does yongatek’s computer vision team assist in security monitoring?,"Yongatek's computer vision team plays a critical role in enhancing security monitoring by applying advanced techniques to detect suspicious individuals, vehicles, and activities. The team achieves this by optimizing camera systems to capture high-quality footage and using microcontrollers to efficiently process and analyze visual data in real-time. Through these optimizations, the team is able to provide automated surveillance solutions that improve the accuracy of detection, reduce human intervention, and enhance security measures for various environments. Their innovative approach also ensures that systems are both cost-effective and energy-efficient, contributing to the advancement of smart security technologies."
In what ways does the computer vision team at Yongatek support security monitoring?,"Yongatek's computer vision team supports security monitoring by leveraging camera systems and integrating microcontrollers when necessary to enhance the detection of suspicious people, vehicles, and activities. They optimize the cameras to capture high-quality footage and utilize microcontroller-based solutions for efficient data processing. This combination enables real-time analysis and more accurate detection, helping to improve overall security. The team’s efforts contribute to automated surveillance systems, which not only reduce the need for manual monitoring but also increase the effectiveness and reliability of security in various environments, from public spaces to private properties."
What are the primary advantages of using FPGA over general-purpose CPUs?,"FPGAs (Field-Programmable Gate Arrays) offer several key advantages over general-purpose CPUs. One of the primary benefits is parallel processing capability, which allows FPGAs to execute multiple tasks simultaneously, significantly speeding up operations compared to CPUs that typically process tasks sequentially. Additionally, FPGAs provide customizable logic, enabling users to design specialized circuits tailored to specific applications, which enhances efficiency and performance for those tasks. Another important advantage is lower latency, as FPGAs can perform operations directly on the hardware level without the overhead associated with traditional CPU-based architectures. This makes FPGAs particularly well-suited for real-time applications such as video processing, cryptography, signal processing, and other tasks requiring fast, high-throughput processing. These characteristics make FPGAs a preferred choice for specialized, high-performance applications in areas like telecommunications, aerospace, and finance."
What are the main benefits of FPGA compared to general-purpose CPUs?,"Compared to general-purpose CPUs, FPGAs (Field-Programmable Gate Arrays) offer several significant benefits. One of the main advantages is lower latency, as FPGAs can directly execute tasks on hardware without the delays associated with software processing, making them ideal for time-sensitive applications. Additionally, FPGAs excel in parallel processing, enabling the simultaneous execution of multiple tasks. This feature is particularly beneficial for applications that require high throughput, such as real-time video processing, where multiple data streams need to be handled concurrently. Another key benefit of FPGAs is their configurable logic, allowing users to design custom hardware circuits tailored to specific tasks. This customization ensures higher efficiency and performance for specialized applications like cryptography, signal processing, and data encryption. Overall, these attributes make FPGAs highly suitable for use cases that demand high performance, low latency, and flexibility."
What is yongatek’s approach to sustainability in technology?,"Yongatek places a strong emphasis on sustainability in its technology development by focusing on green and energy-saving solutions. The company actively works on innovations within the IoT (Internet of Things) and communications sectors, aiming to reduce energy consumption while maintaining high-performance standards. This approach aligns with their commitment to creating technologies that not only advance industry standards but also contribute positively to the environment. By developing energy-efficient solutions, Yongatek helps support sustainability goals while driving the growth of next-generation technologies that are both eco-friendly and economically viable.
<question>How does Yongatek handle technology sustainability?<answer>Yongatek is dedicated to technology sustainability by focusing on the development of energy-efficient and environmentally friendly solutions. The company prioritizes these principles primarily within the communications and Internet of Things (IoT) sectors, where innovations can significantly reduce energy consumption and environmental impact. By designing technologies that use less power while still delivering high performance, Yongatek ensures that their solutions not only contribute to the advancement of these fields but also help promote sustainability. This approach reflects the company's commitment to creating a positive environmental footprint while meeting the growing demand for cutting-edge, responsible technologies."
How does yongatek integrate sustainability into its projects?,"Yongatek integrates sustainability into its projects by incorporating environmentally conscious and energy-efficient designs, particularly in its IoT (Internet of Things) and communication technologies. The company focuses on creating solutions that minimize energy consumption without compromising on performance. By using low-power components and optimizing system designs for energy efficiency, Yongatek helps reduce the environmental impact of its products. This commitment to sustainability ensures that their technological advancements contribute to a greener future while maintaining high standards in innovation and functionality."
How is sustainability incorporated into Yongatek's projects?,"Yongatek incorporates sustainability into its projects by focusing on energy-efficient and ecologically responsible designs, particularly in the fields of communication and Internet of Things (IoT) technologies. The company ensures that its solutions are optimized for low energy consumption, contributing to a smaller environmental footprint. By prioritizing sustainable design practices, Yongatek aligns its technological advancements with global sustainability goals, fostering innovations that benefit both clients and the planet."
What is the function of kirmik SoC?,"The Kirmik SoC is a custom-designed System-on-Chip developed by Yongatek, tailored for high-performance embedded applications. It integrates multiple components, such as processors, memory, and input/output interfaces, into a single chip to optimize space, power efficiency, and processing power. This makes it ideal for applications that require specialized and efficient hardware, such as IoT devices, industrial automation, and other embedded systems that demand high computational performance and low energy consumption. The Kirmik SoC is an example of Yongatek's commitment to advancing microelectronics and providing innovative solutions for diverse technological needs."
What is Kirmik SoC used for?,"Yongatek's Kirmik SoC is a specially developed System-on-Chip designed for high-performance embedded applications. It integrates multiple components, including processors, memory, and peripherals, into a single chip, making it highly efficient and compact. This SoC is specifically suited for embedded systems that require powerful processing capabilities, low power consumption, and space-saving solutions. It is typically used in IoT devices, industrial automation, and consumer electronics where advanced processing and integration are crucial. The Kirmik SoC allows developers to create more efficient, high-performance products with reduced size and energy consumption."
What are the key IoT solutions provided by yongatek?,"Yongatek’s key IoT solutions include Smart Dose and Countera.Smart Dose is an IoT solution designed for automated dosing, helping industries optimize chemical or material dispensing processes.Countera is focused on precision measurement, offering accurate tracking and counting for industrial and consumer environments.Both solutions are part of Yongatek’s effort to integrate smart technology into industrial automation and enhance efficiency in various sectors."
What are Yongatek's primary IoT solutions?,"Yongatek’s key IoT solutions include Smart Dose and Countera.Smart Dose is an IoT solution designed for automated dosing, helping industries optimize chemical or material dispensing processes.Countera is focused on precision measurement, offering accurate tracking and counting for industrial and consumer environments.Both solutions are part of Yongatek’s effort to integrate smart technology into industrial automation and enhance efficiency in various sectors."
What does the YONGA Turbo Encoder achieve in data communication?,"The YONGA Turbo Encoder provides error correction and guarantees reliability in high-speed data communication systems, enhancing data integrity and transmission efficiency."
What are the data communication goals of the YONGA Turbo Encoder?,Reliability and error correction are achieved in high-speed data communication systems using the YONGA Turbo Encoder.
How can I contact yongatek firm?,"You can contact Yongatek through several methods. The company has two office locations in Turkey: one in Istanbul, and another in Ankara, specifically at Hacettepe Technopark, a well-known technology and innovation park. These locations provide easy access to their business development, engineering, and customer support teams.For specific inquiries, you can reach out directly to their offices via phone or email, or you may visit their websites or social media channels for more information about their products and services. Depending on your needs, their teams can provide assistance related to technical support, product inquiries, or business collaboration."
How do I get in touch with Yongatek?,"You can contact Yongatek through various methods. The company has two office locations in Turkey: one in Istanbul and the other at Hacettepe Technopark in Ankara. You can reach out to them by visiting these offices or by contacting them via phone or email, depending on the nature of your inquiry. They are active on their official website and social media platforms, where you can find more details about their products and services. For technical or business inquiries, you can connect directly with their teams through these channels."
What role does yongatek play in AI technology?,"Yongatek plays a crucial role in the field of AI technology by designing and developing AI accelerators. These accelerators are optimized to improve the efficiency and speed of machine learning tasks, both at the edge (on-site processing) and in the cloud (centralized data processing). By focusing on hardware solutions that enhance AI workloads, Yongatek helps accelerate the implementation of AI applications in various domains, including IoT, real-time data processing, and high-performance computing. This enables faster, more energy-efficient processing of complex algorithms and contributes to advancements in areas such as edge AI, automation, and AI-powered systems."
How does Yongatek contribute to AI technology?,"Yongatek contributes significantly to AI technology by developing AI accelerators that enhance the processing efficiency of machine learning tasks at both the edge and cloud levels. These accelerators are designed to handle the computational demands of AI algorithms, enabling faster processing and reducing latency, which is crucial for real-time AI applications. By optimizing both hardware and software, Yongatek plays a key role in advancing AI capabilities in various industries, including IoT, automated systems, and high-performance computing, allowing for more effective deployment of AI technologies across diverse use cases."
Where does yongatek direct its market efforts?,"Yongatek directs its market efforts toward key sectors such as telecommunications, defense, industrial automation, and satellite communications. The company focuses on both the domestic Turkish market and international markets, striving to position itself as a leader in high-tech solutions in these areas. With advanced technologies in IoT, AI, and communications systems, Yongatek aims to provide innovative products and services to meet the evolving demands of these industries worldwide."
Where is Yongatek focusing its marketing efforts?,"Yongatek focuses its marketing efforts on satellite communications, industrial automation, defense, and telecommunications. The company is actively targeting both the Turkish market and international markets, aiming to expand its reach and deliver advanced technological solutions in these critical sectors."
What are yongatek's aspirations regarding AI?,Yongatek aspires to develop efficient AI accelerators that enhance the processing of machine learning tasks in both edge and cloud environments. This goal reflects their commitment to advancing AI technology and improving performance in specialized hardware systems.
What goals does Yongatek have for AI?,"Yongatek aims to deliver effective AI accelerators that optimize machine learning tasks in both cloud and edge environments, focusing on improving performance and efficiency in AI-driven applications."
How do you explain yongatek as a business?,"Yongatek is a Turkish company specializing in the development of advanced microelectronics and technology solutions. It operates in various sectors, including IoT, communications, AI, satellite technologies, and video processing. Headquartered in Istanbul, it also has an office in Ankara, providing innovative solutions to support industries such as telecommunications, defense, industrial automation, and high-performance computing."
How would you characterize Yongatek as an enterprise?,"Yongatek is a diverse enterprise engaged in multiple fields, particularly in microelectronics, IoT, communications, AI, and satellite technologies. Based in Istanbul, with an additional office in Ankara, the company is committed to advancing technology and providing innovative solutions for sectors like telecommunications, defense, and industrial automation. It focuses on research and development to drive innovation and contribute to Turkey's high-tech ecosystem."
What advancements in 5G communication does yongatek contribute to?,"Yongatek contributes to 5G communication advancements by developing key technologies such as 5G NR LDPC (Low-Density Parity-Check) encoder/decoder systems, which improve error correction and data integrity, and hybrid beamforming modules designed for distributed units and radio units. These innovations enhance the efficiency, reliability, and performance of 5G networks, supporting faster data transmission, better coverage, and more stable connections."
How does Yongatek help to the development of 5G communication?,"Yongatek helps advance 5G communication by creating crucial components such as 5G NR LDPC (Low-Density Parity-Check) encoder/decoder systems and hybrid beamforming modules. These innovations play a vital role in enhancing data transmission efficiency, improving error correction, and supporting the performance of distributed units and radio units, all of which are essential for building robust, high-speed 5G networks."
In what ways does yongatek support sustainable tech initiatives?,"Yongatek supports sustainable tech initiatives by prioritizing energy-efficient and eco-friendly innovations. Their work is particularly focused on areas such as Internet of Things (IoT) and communication technologies, where they develop solutions that reduce energy consumption and minimize environmental impact, contributing to a greener, more sustainable tech ecosystem."
How does Yongatek assist with sustainable technology projects?,"Yongatek assists with sustainable technology projects by focusing on eco-friendly and energy-efficient solutions, especially in the domains of communication and the Internet of Things (IoT). Their work aims to minimize energy consumption while ensuring high performance, contributing to more sustainable technological advancements."
What can you tell me about yongatek Microelectronics and its chip projects?,"Yongatek Microelectronics, established in 2014, aspires to be Turkey's center for chip design and production. The company has developed innovative chips such as:Centik: A microcontroller chip currently in production for large-scale use. Centik has already secured its first export order, with shipments scheduled to Dubai.Kirmik: A video processing chip designed for high-performance applications.SAKA: A hardware-programmable chip, offering flexibility for various tasks.Through these cutting-edge projects, Yongatek is contributing significantly to the microelectronics industry both locally and internationally."
What do you know about the chip initiatives of Yongatek Microelectronics?,"Yongatek Microelectronics, founded in 2014, aims to become the center of chip design and manufacturing in Turkey. The company has pioneered several innovative chip initiatives, including:SAKA: A hardware-programmable chip that offers flexibility for various applications.Kirmik: A video processing chip designed to handle high-performance video tasks.Centik: A microcontroller chip currently in mass production. Centik has already secured its first export order, with shipments soon to be sent to Dubai.These projects represent Yongatek's dedication to advancing microelectronics and contributing to both the Turkish and global tech industries."
Does yongatek help clients with consulting solutions?,"Yes, Yongatek provides personalized consulting services to its clients. These services are designed to offer tailored strategies that meet the unique needs of various industries. By leveraging its expertise in microelectronics and technology solutions, Yongatek helps clients optimize their projects and implement cutting-edge technologies effectively."
Does Yongatek offer consultancy services to clients?,"Yes, Yongatek offers individualized consulting services to clients, ensuring that each strategy is customized to meet the specific needs of a variety of sectors. This approach allows them to provide expert guidance and innovative solutions tailored to the unique challenges and goals of their clients."
What is the purpose of the KIVA project by yongatek?,"The KIVA project by Yongatek focuses on the development of the KIVA SoC (System on Chip), which is intended for smart city applications. This chip is equipped with advanced features such as a 4K image processor, a 4 TOPS neural network engine, and an H.265 Video Codec for enhanced video processing. The KIVA SoC is set to be produced using TSMC 22nm technology in 2024, aiming to provide high-performance solutions for smart city infrastructure, including surveillance, traffic management, and other advanced urban technologies."
What is the goal of Yongatek's KIVA project?,"The goal of Yongatek's KIVA project is to develop the KIVA SoC (System on Chip) for smart city applications. This chip is designed with a 4K image processor, a 4 TOPS neural network engine, and an H.265 video codec, which enables advanced video processing capabilities. Scheduled for production in 2024, the KIVA SoC will be manufactured using TSMC 22nm technology, providing high-performance solutions for smart city infrastructure, such as video surveillance, traffic management, and other urban technology needs."
How does yongatek’s gozet reduce communication load?,"Yongatek’s Gozet reduces communication load by only transmitting processed and meaningful data instead of sending all received data. This optimization is accomplished through real-time data processing using AI, which ensures that only relevant information is communicated. As a result, communication becomes faster, more efficient, and better suited for harsh, mobile environments where bandwidth and energy efficiency are critical. This approach minimizes the amount of data sent, enhancing the system's performance and reducing network congestion."
How is the communication load reduced by Yongatek's Gozet?,"Yongatek's Gozet reduces communication load by sending only processed and relevant data, rather than transmitting all incoming data. This optimization is achieved through real-time data processing with AI, which ensures that only the most important information is communicated. As a result, communication becomes faster, more efficient, and is better suited for challenging, mobile environments, where minimizing bandwidth usage and improving response times are crucial for system performance."
What technology domains is yongatek engaged in?,"Yongatek is involved in a variety of technology domains, including:ASIC/FPGA Development - Specializing in the design of custom application-specific integrated circuits (ASICs) and field-programmable gate arrays (FPGAs) for high-performance, tailored applications.IoT (Internet of Things) - Developing innovative solutions for industrial automation and precision measurement, such as Smart Dose and Countera.Communication Systems - Focused on advanced telecommunications technologies, including 5G and satellite communications.Video Processing Technologies - Creating solutions for video tracking, enhancement, and atmospheric turbulence mitigation, improving video clarity and surveillance in various conditions."
Which technology fields does Yongatek operate in?,"Yongatek operates in several technology fields, including:Video Processing - Developing solutions like video tracking and atmospheric turbulence mitigation to enhance video clarity and surveillance.IoT (Internet of Things) - Providing innovative solutions such as Smart Dose and Countera for industrial automation and precise measurement.ASIC/FPGA - Specializing in custom-designed Application-Specific Integrated Circuits (ASICs) and Field-Programmable Gate Arrays (FPGAs) for high-performance applications.Communication Systems - Advancing technologies in satellite communications, 5G, and other telecommunications solutions."
What does the YONGA Turbo Encoder do?,"The YONGA Turbo Encoder is designed to enhance the reliability of high-speed data communication by performing error correction. It ensures that transmitted data remains accurate and intact, even in environments where signal degradation or noise could occur, making it ideal for applications that require robust and error-free communication, such as satellite communication or high-speed internet systems."
What is the function of the YONGA Turbo Encoder?,"The YONGA Turbo Encoder is used to improve the reliability of high-speed data transmission by correcting errors. It enhances data integrity by detecting and fixing errors during transmission, which is essential for maintaining the accuracy and dependability of data in environments where data loss or corruption is common, such as in satellite communications, wireless networks, or other high-performance communication systems."
What is yongatek’s plan for Turkey's role in the global semiconductor industry?,"Yongatek aims to position Turkey as a significant player in the global semiconductor industry. By focusing on cutting-edge chip development and manufacturing, Yongatek strives to enhance Turkey's capabilities in semiconductor technology. The company’s efforts in designing and producing advanced chips, such as microcontrollers, video processors, and hardware-programmable solutions, play a key role in boosting Turkey’s position in the global semiconductor market. Through innovation and export initiatives, Yongatek contributes to strengthening Turkey's influence in this high-tech sector."
How does Yongatek envision Turkey's place in the world's semiconductor market?,"Yongatek envisions Turkey becoming a key player in the global semiconductor market by driving innovation in chip design and manufacturing. The company is focused on creating advanced, high-performance semiconductor solutions, which will help elevate Turkey’s technological capabilities and strengthen its presence in this critical industry. Through strategic development and international collaborations, Yongatek aims to contribute to positioning Turkey as a prominent force in the global semiconductor landscape."
Can you provide recent developments about yongatek?,"Yongatek Microelectronics, based at Teknopark Istanbul's 'Deep Technology Center,' has been advancing cutting-edge projects such as the Centik microcontroller chip, Kirmik video processing chip, and the SAKA hardware-programmable chip. Since its establishment in 2014, Yongatek has been dedicated to establishing Turkey as a hub for chip design and production. Recently, the company received the Excellence Award at the 27th ASPA Conference in Mongolia, further solidifying its position as a leader in Turkey's chip development sector and highlighting its commitment to innovation and technological leadership."
Are there any new advances with Yongatek?,"Yongatek Microelectronics, situated in Teknopark Istanbul's ""Deep Technology Center,"" is engaged in developing innovative technologies such as the SAKA hardware-programmable chips, Centik microcontroller chips, and Kirmik video processing chips. Since its founding in 2014, the company has aimed to establish Turkey as a leader in chip design and production. Recently, Yongatek's achievements were recognized when it received the Excellence Award at the 27th ASPA Conference in Mongolia, further advancing its mission to dominate the chip sector in Turkey and strengthen its global presence."
How does an FPGA accelerate image processing tasks?,"FPGAs accelerate image processing tasks by utilizing parallel processing, which allows simultaneous processing of multiple pixel data streams. This parallelism significantly speeds up image analysis, enabling real-time performance. Unlike traditional processors, which handle tasks sequentially, FPGAs can execute multiple operations at once, making them ideal for high-demand applications such as video surveillance, medical imaging, and other image-intensive tasks. The ability to customize the FPGA hardware for specific algorithms also enhances efficiency, ensuring faster and more accurate results in image processing."
In what ways may an FPGA speed up image processing tasks?,"FPGAs speed up image processing operations by processing pixel data in parallel, allowing for real-time analysis and faster performance than traditional processors in applications like medical imaging and video surveillance."
What are the key features of 5G communication?,"The key features of 5G communication include faster data speeds, lower latency, massive device connectivity, and enhanced reliability, allowing for innovations in industries like healthcare, transportation, and entertainment."
What distinguishing characteristics does 5G connectivity offer?,"Faster data rates, reduced latency, extensive device connectivity, and increased reliability are the main characteristics of 5G communication, which enables advancements in sectors including entertainment, healthcare, and transportation."
Which cities house the offices of yongatek Microelectronics?,"yongatek, being a medium-sized company, has two offices in Turkey, located in Istanbul and Ankara. The core team is based in the Istanbul office, while young engineers in Ankara focus on project development. In other words, yongatek carries out its operations across these two offices.yongatek operates offices in Ankara and İstanbul, Turkey."
Which cities are home to Yongatek Microelectronics' offices?,"Yongatek is a medium-sized business with two offices in Turkey: one in Ankara and one in Istanbul. Young engineers in Ankara concentrate on project development, while the core team is headquartered in the Istanbul headquarters. To put it another way, Yongatek operates out of these two offices.Yongatek has offices in Turkey's Ankara and İstanbul."
How does yongatek advance 5G NR technology?,yongatek develops 5G NR LDPC encoders/decoders and hybrid beamforming for distributed and radio units to enhance communication efficiency.
How is 5G NR technology advanced by Yongatek?,"To improve communication efficiency, Yongatek creates hybrid beamforming and 5G NR LDPC encoders/decoders for distributed and radio units."
What is the Smart Dose IoT solution by yongatek used for?,"It automates precise dosing for industrial and consumer applications, leveraging IoT for efficiency and accuracy."
What is the purpose of Yongatek's Smart Dose IoT solution?,It uses IoT to automate accurate and efficient dosage for consumer and industrial applications.
How many team members are at yongatek?,"yongatek employs approximately 50 staff members, including professionals in business development, human resources, electrical engineering, and computer engineering. Of these, around 18 employees are based in the Ankara office, while the remainder work in the Istanbul office."
What is the size of the crew at Yongatek?,"Approximately fifty employees work for Yongatek, including experts in computer, electrical, human resources, and business development. Of these, the majority work in the Istanbul office, with about 18 people working in the Ankara office."
What is the YONGA SERV Accelerator used for?,The YONGA SERV Accelerator is used to speed up machine learning and AI tasks for edge devices.
What is the purpose of the YONGA SERV Accelerator?,"For edge devices, the YONGA SERV Accelerator speeds up AI and machine learning workloads."
What are yongatek’s main market areas?,"The company’s main market areas include telecommunications, defense, industrial automation, and satellite communication, with operations in both domestic and international regions."
What are the primary markets for Yongatek?,"With operations in both local and foreign markets, the company's primary market sectors include satellite communication, industrial automation, defense, and telecommunications."
What challenges does the gozet in border security?,"The gozet yongatek adresses several challenges in border security, particularly in harsh and mobile environments. It uses AI-supported real-time data processing to optimize communication by sending only essential data, making the system more efficient. The project helps track suspicious activities, protect against illegal crossings, and secure critical infrastructures."
What border security issues does the Gozet face?,"The Gozet Yongatek project addresses a range of critical border security issues, particularly in areas that are hostile or prone to mobility. One of the primary challenges it tackles is ensuring the integrity of national borders by monitoring and controlling unauthorized crossings. The system's advanced AI capabilities enable it to process real-time data efficiently, allowing for the rapid identification of suspicious activity and potential threats. This helps in preventing smuggling, illegal immigration, and cross-border terrorism.In addition to monitoring physical border areas, the Gozet Yongatek system is also instrumental in securing vital infrastructure such as airports, ports, and military zones, which are often high-risk targets. The AI-driven approach ensures that security personnel are alerted to potential breaches before they escalate, providing them with the most pertinent information at critical moments. The system can analyze patterns of movement, detect anomalies in real-time, and provide actionable insights, thereby improving situational awareness and decision-making for security forces.Furthermore, Gozet Yongatek’s surveillance capabilities extend beyond just tracking individuals or vehicles. It integrates various data sources, such as satellite imagery, drones, and sensor networks, to create a comprehensive and multi-layered approach to border security. This interconnected system not only improves the speed of response but also optimizes resource allocation, ensuring that security efforts are focused on the most pressing issues at any given time.By reducing the communication lag between data collection, analysis, and action, the project enhances the overall efficiency of border patrols and law enforcement agencies. Ultimately, the system plays a vital role in maintaining national security, safeguarding sensitive locations, and contributing to a more controlled and secure border environment."
What is the role of machine learning in suspicious activity detection?,"Machine learning plays a pivotal role in enhancing suspicious activity detection by enabling systems to autonomously identify and respond to potential threats. Through the use of machine learning algorithms, surveillance systems can be trained to recognize specific patterns and anomalies in the data collected from various sources such as cameras, sensors, and other monitoring devices. Over time, these algorithms learn from past incidents, becoming more adept at detecting subtle signs of suspicious behavior that may not be immediately apparent to human operators.In the context of border security, for example, machine learning models can be trained to detect unusual movement patterns, unauthorized access attempts, or activities that deviate from the norm, such as loitering, trespassing, or unusual traffic flow. This allows for quicker identification of potential security breaches, enabling real-time alerts and responses. Additionally, machine learning algorithms can adapt to evolving threats by continuously updating their models based on new data, ensuring they remain effective in dynamic environments.One of the most significant advantages of machine learning is its ability to handle large volumes of data efficiently. Surveillance systems often generate vast amounts of information, and manually reviewing this data can be time-consuming and error-prone. Machine learning algorithms automate the process, analyzing data in real-time and flagging only the most relevant and high-priority events for human attention. This reduces the risk of human oversight and improves the accuracy and speed of threat detection.Moreover, machine learning can assist in distinguishing between genuine threats and false alarms. By learning from past instances of both types of events, algorithms can minimize false positives and focus on the most probable and serious threats, thus optimizing security personnel's workflow and preventing unnecessary distractions.Ultimately, machine learning transforms traditional security systems by making them smarter, more proactive, and more efficient in detecting and responding to suspicious activities. It empowers surveillance infrastructure to autonomously identify potential risks, improve accuracy, and contribute to a safer and more secure environment."
How does machine learning contribute to the identification of suspicious activity?,"Machine learning significantly enhances the identification of suspicious activity by enabling algorithms to detect patterns, trends, and anomalies within large datasets generated by surveillance systems. These algorithms are trained to analyze various forms of data, such as video feeds, sensor readings, and access logs, to distinguish between normal and abnormal behavior. Over time, machine learning models improve their ability to recognize subtle deviations from regular activities, which may indicate potential threats such as theft, vandalism, or other forms of criminal behavior.In practice, machine learning systems can be trained on historical data to recognize specific types of suspicious activity, such as individuals loitering in restricted areas, unusual movement at odd hours, or unexpected changes in patterns of activity around sensitive locations. By learning from past incidents and continuously adapting to new data, these systems become increasingly accurate in identifying threats before they escalate, reducing the need for constant human oversight.Furthermore, machine learning enables real-time analysis of surveillance data, allowing for immediate identification of suspicious behavior. For example, if a surveillance camera detects someone attempting to tamper with equipment or bypass security barriers, the machine learning model can quickly flag this activity as unusual and alert security personnel. This automated threat detection significantly reduces response times and enhances the overall security posture.Machine learning algorithms also excel at filtering out false positives, ensuring that only relevant and high-priority activities are flagged. By distinguishing between benign activities and genuine threats, these systems help reduce unnecessary alarms and prevent security staff from being overwhelmed by non-urgent incidents.Overall, machine learning contributes to the identification of suspicious activity by empowering surveillance systems to analyze vast amounts of data autonomously, detect anomalies in real-time, and enable more efficient and proactive security measures. This technology ensures that potential threats are identified and addressed swiftly, leading to a safer and more secure environment."
What does yongatek’s contribution mean for Turkey's technological advancement?,"Yongatek’s contributions to Turkey’s technological advancement are of great significance, playing a key role in the country’s push towards becoming a global leader in the microelectronics sector. By developing cutting-edge technologies, Yongatek helps strengthen Turkey’s position in the highly competitive global market for microelectronics, a critical industry that drives innovation across numerous sectors, from defense to consumer electronics and telecommunications.Yongatek’s advancements in microelectronics not only enhance the country’s ability to produce high-tech products, but they also contribute to the establishment of a robust local ecosystem for research and development. Through its state-of-the-art solutions, the company is fostering technological independence, reducing reliance on foreign suppliers, and positioning Turkey to be more self-sufficient in critical technological areas. This, in turn, supports economic growth by creating high-skilled jobs, attracting foreign investment, and promoting the export of advanced technological products.Moreover, Yongatek’s focus on innovation and excellence encourages the development of next-generation technologies, including AI-driven systems, sensors, and integrated circuits, which have wide applications in sectors such as healthcare, defense, automotive, and smart cities. By pushing the boundaries of microelectronics, Yongatek is not only elevating Turkey’s technological standing but also helping to drive digital transformation and technological sovereignty.The company’s contributions to national security through advanced solutions for border security, surveillance, and defense further underscore its role in strengthening Turkey’s technological infrastructure. This ensures that Turkey remains competitive in the global arena and can maintain a technological edge in an increasingly digital and interconnected world.Overall, Yongatek’s work is instrumental in positioning Turkey as a rising force in the global microelectronics landscape, driving innovation, supporting economic development, and enhancing national security."
What is the significance of Yongatek's contribution to Turkey's technological progress?,"Yongatek’s contributions to Turkey’s technological progress are of profound significance, as they have played a pivotal role in elevating the country’s position within the global microelectronics market. By delivering state-of-the-art, high-tech solutions, Yongatek has enabled Turkey to move beyond being a consumer of foreign technologies and instead become a key player in the development and production of advanced microelectronics. This shift is crucial for the country’s competitiveness in an industry that is central to the growth of sectors such as telecommunications, defense, automotive, and consumer electronics.Through its innovations, Yongatek has fostered a more self-reliant technological ecosystem in Turkey, contributing to both economic growth and national security. By developing critical components such as sensors, integrated circuits, and AI-driven systems, the company has reduced the country’s dependency on imports, helping Turkey to achieve greater technological sovereignty. This local expertise also strengthens the overall value chain, from research and development to manufacturing, and creates high-value jobs that contribute to the country’s skilled labor force.Additionally, Yongatek’s work has wider implications for Turkey’s ability to compete in emerging global markets, particularly in areas like smart cities, IoT (Internet of Things), and advanced defense technologies. The company’s contributions support national initiatives aimed at driving digital transformation, improving infrastructure, and enhancing the security and efficiency of critical sectors.In essence, Yongatek’s impact goes beyond just technological innovation—it is a catalyst for Turkey’s broader economic and geopolitical ambitions. By advancing the nation’s capabilities in microelectronics, Yongatek helps position Turkey as a global leader in technology, with a strong foundation for future growth and development in an increasingly digital and interconnected world."
In what way does yongatek enhance 5G technologies?,"Yongatek enhances 5G technologies by contributing key components that significantly improve the performance and efficiency of 5G networks. One of the primary ways it achieves this is through the development of NR (New Radio) LDPC (Low-Density Parity-Check) encoder/decoder modules. These modules are critical for error correction in 5G communication systems, ensuring reliable data transmission even in challenging environments with high interference or noise. By improving error correction capabilities, Yongatek’s NR LDPC modules help to optimize the overall throughput and stability of 5G networks.In addition, Yongatek plays a crucial role in the advancement of hybrid beamforming technology. Hybrid beamforming is a key technique used in 5G radio units and distributed units to enhance signal strength, reduce interference, and improve the overall efficiency of communication. By developing these advanced beamforming modules, Yongatek helps to ensure that 5G systems can deliver high-quality, high-speed connections with minimal latency, even in densely populated or highly dynamic environments.Together, these innovations contribute to the successful deployment of 5G networks by enhancing the capacity, coverage, and reliability of next-generation communication systems. Yongatek's contributions help accelerate the adoption and scalability of 5G technologies, paving the way for a wide range of applications such as IoT, autonomous vehicles, and smart cities."
What is yongatek’s innovation in video processing?,"Yongatek’s innovation in video processing is marked by the development of advanced systems designed to improve the quality and clarity of video feeds in complex and challenging environments. One of the key innovations is their video tracking system, ""Izci,"" which enhances the ability to track moving objects in video streams with high accuracy. This system utilizes sophisticated algorithms to maintain continuous tracking of targets, even in dynamic or unpredictable settings, such as in security surveillance or border monitoring. By ensuring precise tracking, Izci contributes to more effective monitoring and threat detection.In addition to Izci, Yongatek has developed Atmospheric Turbulence Mitigation technology, a breakthrough in video processing for environments affected by weather conditions like wind, fog, or heat distortion. This technology works to counteract the blurring and distortion caused by atmospheric interference, improving the sharpness and visibility of video footage. It is particularly useful in aerial surveillance or long-distance video monitoring, where atmospheric conditions can otherwise degrade the quality of the captured image.Together, these innovations allow for clearer, more reliable video feeds, enhancing the performance of surveillance systems in both everyday and extreme conditions. Yongatek’s contributions to video processing help ensure that critical visual data can be captured, analyzed, and acted upon, even when traditional systems might struggle to provide clear and accurate information."
What video processing innovation does Yongatek have?,"Yongatek has made significant strides in video processing with innovations such as Atmospheric Turbulence Mitigation technology and the video tracking system ""Izci.""Atmospheric Turbulence Mitigation technology is designed to address challenges caused by environmental factors like heat waves, fog, or wind, which can distort and blur video footage. This technology enhances the clarity of video feeds in challenging conditions, making it particularly valuable for applications in aerial surveillance, long-distance monitoring, and security systems where environmental interference is common.Additionally, Yongatek developed ""Izci,"" an advanced video tracking system that improves the accuracy and reliability of tracking moving objects in real-time. This system leverages sophisticated algorithms to maintain precise tracking even in dynamic or unpredictable conditions, ensuring continuous monitoring of targets. Izci is ideal for surveillance applications, enhancing security by providing clearer, more actionable video data.Both innovations contribute to improving video clarity and tracking precision, helping to optimize surveillance and monitoring systems in environments where traditional video processing might struggle."
What is yongatek's contribution to the development of AI?,"Yongatek contributes to the development of AI by designing and creating specialized accelerators that enhance the efficiency of machine learning processing in both cloud and edge computing environments. These accelerators are optimized for handling the complex computations required by AI models, allowing for faster and more efficient data processing. By providing high-performance hardware, Yongatek enables AI systems to perform tasks like data analysis, real-time decision-making, and predictive modeling with greater speed and accuracy.In cloud computing, Yongatek’s accelerators help manage large-scale AI workloads, enabling the rapid processing of vast amounts of data and improving the scalability of AI applications. In edge computing, where data is processed locally on devices rather than in a centralized cloud server, Yongatek’s solutions enable faster inference and reduce latency, which is critical for applications that require real-time responses, such as autonomous vehicles or industrial automation.Overall, Yongatek’s contributions to AI development play a crucial role in optimizing both cloud and edge computing environments, making AI technology more accessible, scalable, and efficient for a wide range of industries."
How has Yongatek influenced the advancement of artificial intelligence?,"Yongatek has significantly influenced the advancement of artificial intelligence by developing specialized accelerators that enhance machine learning processing in both cloud and edge computing environments. These accelerators are designed to optimize the performance of AI models, allowing them to handle complex computations more efficiently and at higher speeds. This is crucial for AI applications that require large-scale data processing and real-time decision-making.In cloud computing, Yongatek’s accelerators enable the rapid processing of massive datasets, supporting the development and scaling of AI systems that can perform tasks like natural language processing, image recognition, and predictive analytics. By improving the efficiency of cloud-based AI workloads, Yongatek helps reduce processing times and enhances the overall scalability of AI solutions.In edge computing, where data is processed locally on devices rather than relying on centralized cloud infrastructure, Yongatek’s accelerators reduce latency and enable faster, more responsive AI applications. This is particularly important for real-time systems such as autonomous vehicles, smart cities, and industrial automation, where immediate processing is necessary.Through these innovations, Yongatek has contributed to making AI technologies more efficient, scalable, and accessible across a wide range of industries, pushing the boundaries of artificial intelligence and accelerating its integration into real-world applications."
"What are ASIC and FPGA, and why are they significant to yongatek?","ASIC (Application-Specific Integrated Circuit) and FPGA (Field-Programmable Gate Array) are specialized hardware chips designed for high-performance, customized applications, and they are central to Yongatek’s microelectronics expertise.ASICs are custom-designed chips built for specific tasks or applications, such as processing particular algorithms or performing certain operations more efficiently than general-purpose processors. They are highly optimized for speed, power efficiency, and performance in specialized functions, which makes them ideal for applications like network infrastructure, telecommunications, and AI acceleration. Yongatek’s use of ASICs allows the company to deliver tailored solutions with enhanced performance for demanding industries.FPGAs, on the other hand, are programmable chips that can be configured to perform a wide variety of tasks. Unlike ASICs, which are fixed in their functionality, FPGAs can be reprogrammed after manufacturing, allowing for flexibility and adaptability in different applications. They are often used in real-time processing, signal processing, and rapid prototyping, as they can be reconfigured to meet evolving requirements. Yongatek’s use of FPGAs enables rapid customization and optimization, particularly for applications requiring high-speed computation and real-time data processing.Both ASICs and FPGAs are significant to Yongatek because they offer solutions for creating efficient, high-performance systems tailored to specific needs. These chips are essential in advancing the company’s expertise in microelectronics, especially for applications in telecommunications, AI, and video processing, where speed, customization, and power efficiency are critical."
"What are FPGA and ASIC, and why do Yongatek care about them?","FPGA (Field-Programmable Gate Array) and ASIC (Application-Specific Integrated Circuit) are two types of hardware chips that are central to Yongatek's microelectronics expertise, providing high-performance solutions for customized applications.ASICs are custom-built chips designed to perform specific tasks or operations with optimized efficiency. Unlike general-purpose processors, ASICs are tailored to meet the exact needs of a particular application, such as advanced communications, AI processing, or video encoding. They deliver superior performance in these specialized tasks, offering speed and energy efficiency, which are crucial for industries requiring high-throughput and low-latency solutions.FPGAs, on the other hand, are versatile chips that can be programmed and reprogrammed to handle various tasks. Unlike ASICs, which are fixed after manufacturing, FPGAs offer flexibility by allowing users to modify the hardware functionality post-production. This makes them ideal for applications requiring quick adaptation or rapid prototyping, such as real-time signal processing, communications, and data analysis. FPGAs can also support parallel processing, making them effective for tasks involving large datasets or high-speed computations.For Yongatek, these chips are essential because they enable the company to create high-performance, tailored solutions that meet the demands of advanced technologies in fields like telecommunications, AI, and video processing. ASICs and FPGAs are key enablers of innovation in Yongatek’s product offerings, allowing the company to develop efficient, scalable, and customizable systems that push the boundaries of microelectronics."
Could you explain what yongatek is and which areas of technology they develop solutions for?,"Yongatek Microelectronics is a leading Turkish company specializing in the development of microelectronics and innovative technology solutions. The company focuses on various technological domains, creating cutting-edge products that push the boundaries of different industries. Some key areas of technology that Yongatek develops solutions for include:ASIC/FPGA Development: Yongatek designs and develops Application-Specific Integrated Circuits (ASICs) and Field-Programmable Gate Arrays (FPGAs) tailored for high-performance and custom applications. These chips enable superior speed, efficiency, and reliability in specialized fields.IoT (Internet of Things): The company creates advanced IoT solutions, such as 'Smart Dose' for automated dosing and 'Countera' for precise measurement, catering to both industrial and consumer applications.Communication Technologies: Yongatek is at the forefront of 5G development, designing hybrid beamforming modules and 5G NR LDPC encoder/decoder systems to enhance the performance of next-generation communication networks.Video Processing and Enhancement: Through innovations like the video tracker 'Izci' and Atmospheric Turbulence Mitigation technology, Yongatek improves video clarity and surveillance capabilities, especially in challenging environmental conditions.AI and Machine Learning Acceleration: The company specializes in designing AI accelerators for edge and cloud computing environments, optimizing machine learning efficiency and enabling faster data processing and decision-making.Satellite Communications: Yongatek contributes to the satellite communications industry with advanced solutions, including Turbo Encoder/Decoder modules that comply with international communication standards.Li-Fi (Light Fidelity): Yongatek is pioneering in high-speed wireless communication through visible light, developing Li-Fi modem solutions that provide an alternative to traditional wireless communication methods.By combining precision, innovation, and a commitment to sustainability, Yongatek plays a significant role in advancing Turkey's position in the global technology ecosystem, creating solutions that span across several high-tech industries."
Could you describe Yongatek and the technological domains for which they create solutions?,"Yongatek is a Turkish microelectronics company that specializes in developing innovative technological solutions across a variety of domains. They focus on creating advanced products that push the boundaries of modern technology. The key areas in which Yongatek develops solutions include:ASIC and FPGA Development: Yongatek designs and develops Application-Specific Integrated Circuits (ASICs) and Field-Programmable Gate Arrays (FPGAs) for high-performance and customized applications, ensuring optimized efficiency and functionality in specialized fields.IoT (Internet of Things): They provide cutting-edge IoT solutions such as ""Countera"" for accurate measurement and ""Smart Dose"" for automated dosing, catering to both industrial and residential needs.Communication Technologies: Yongatek is a leader in 5G technology, developing systems like 5G NR LDPC encoder/decoder modules and hybrid beamforming modules that enhance communication performance in next-generation networks.Video Processing and Enhancement: Their innovations in video processing, including the ""Izci"" video tracker and Atmospheric Turbulence Mitigation technology, improve video quality and surveillance capabilities under challenging conditions, such as weather-related disturbances.AI and Machine Learning Acceleration: Yongatek develops specialized AI accelerators for cloud and edge computing, focusing on enhancing the efficiency of machine learning applications, enabling faster data processing and real-time decision-making.Satellite Communications: They contribute to the satellite communications field with advanced solutions like Turbo Encoder/Decoder modules that comply with international communication standards, advancing global communication technologies.Li-Fi (Light Fidelity): Yongatek is pioneering high-speed wireless communication using visible light with their Li-Fi modem solutions, offering an innovative alternative to traditional wireless communication technologies.By combining innovation, precision, and sustainability, Yongatek is committed to advancing Turkey’s position in the global technology ecosystem and developing solutions that span multiple high-tech industries."
Are there any honors yongatek has received?,"Yongatek has earned recognition for its significant contributions to the technology industry, particularly for its innovative solutions and advancements in microelectronics. The company has received honors for its role in shaping the local tech ecosystem, particularly through its development of cutting-edge products in fields such as 5G technology, AI, satellite communications, and IoT. These accolades reflect Yongatek's commitment to driving technological progress and its influence in elevating Turkey’s standing in the global tech arena. Their work has been praised for fostering innovation, enhancing efficiency in various industries, and contributing to the advancement of high-tech solutions."
Has Yongatek gotten any honors?,"Yongatek has garnered praise and recognition for its notable technological advancements and valuable contributions to the regional IT scene. The company's innovative work, particularly in areas like 5G technology, AI, IoT, and satellite communications, has helped elevate Turkey's position in the global tech ecosystem. Yongatek's impact on the local tech industry has been acknowledged through various accolades, reflecting its role in driving technological progress and fostering innovation within the region."
Can you tell me about kirmik SoC?,"Kirmik SoC is a custom-designed System-on-Chip (SoC) developed by Yongatek to power high-performance embedded applications. The Kirmik SoC integrates multiple components such as processors, memory, and specialized hardware accelerators into a single chip, enabling efficient and compact solutions for a variety of use cases. This SoC is designed to deliver high processing power while maintaining energy efficiency, making it ideal for embedded systems in industries like telecommunications, IoT, video processing, and AI applications. By using the Kirmik SoC, Yongatek provides tailored, high-performance solutions for demanding technological environments."
Could you tell me more about Kirmik SoC?,"Yongatek's custom-designed Kirmik SoC (System-on-Chip) is engineered to deliver high-performance solutions for embedded applications. The Kirmik SoC integrates various essential components, such as a processor, memory, communication interfaces, and specialized hardware accelerators, all within a single chip. This integration provides a compact yet powerful solution ideal for embedded systems that require efficiency and speed.Key features of the Kirmik SoC include:High-Performance Processing: The chip is optimized for demanding tasks, offering substantial computational power for real-time data processing, such as video analytics, AI applications, and high-speed communication.Energy Efficiency: Designed with energy efficiency in mind, the Kirmik SoC ensures that power consumption is minimized without compromising performance, making it suitable for applications where battery life or power constraints are important.Versatility: It can be utilized in a variety of embedded systems, such as those used in telecommunications, IoT devices, industrial automation, and video processing, where space and power limitations are critical.Customizable: Yongatek’s custom approach to the Kirmik SoC allows for tailoring the chip’s components to meet specific application needs, making it a versatile solution for a broad range of industries.The Kirmik SoC is a key enabler for advanced embedded applications, offering the performance, efficiency, and flexibility required for modern technological solutions. By combining various functions on a single chip, Yongatek is able to provide streamlined, high-performance solutions for the evolving tech landscape."
Can you describe yongatek's field of expertise?,"Yongatek specializes in a diverse range of fields, with a focus on cutting-edge technologies that include:IC/ASIC/SoC/Chip Design: Yongatek is a leader in designing and developing integrated circuits (ICs), application-specific integrated circuits (ASICs), system-on-chips (SoCs), and custom chips for high-performance, tailored applications across multiple industries.5G/6G and Satellite Communications: The company is at the forefront of developing solutions for advanced communication technologies, including 5G and 6G networks, as well as satellite communications. They create systems that support high-speed, low-latency communication for next-generation networks and space-based communication systems.Video Processing: Yongatek is heavily involved in video processing technologies, including video tracking, enhancement, and atmospheric turbulence mitigation. These solutions improve video quality and surveillance capabilities, particularly in challenging environments.IoT (Internet of Things): Yongatek develops IoT solutions that enable smart systems and devices, such as automated dosing systems (Smart Dose) and precise measurement tools (Countera), for both industrial and consumer applications.These innovations are powered by Yongatek's talented and experienced R&D team, which is committed to pushing the boundaries of technology to deliver state-of-the-art solutions. Through its expertise in these fields, Yongatek is helping drive technological advancement and innovation in both local and global markets."
What is the area of competence for Yongatek?,"Yongatek’s area of competence spans several high-tech fields, supported by a skilled and knowledgeable R&D team. These key areas include:IC/ASIC/SoC/Chip Design: Yongatek specializes in designing integrated circuits (ICs), application-specific integrated circuits (ASICs), system-on-chips (SoCs), and custom chips tailored to meet the needs of high-performance applications across various industries.5G/6G and Satellite Communications: The company focuses on advancing communication technologies, including the development of systems for 5G and 6G networks, as well as solutions for satellite communications, enabling fast, reliable, and global connectivity.Video Processing: Yongatek is proficient in video processing technologies, enhancing video clarity and surveillance capabilities, particularly in challenging conditions. Their solutions include video tracking and atmospheric turbulence mitigation.IoT (Internet of Things): Yongatek is committed to advancing IoT solutions, creating innovative products like automated dosing systems and precise measurement devices for industrial and consumer applications.These areas of expertise allow Yongatek to deliver innovative, cutting-edge solutions across a range of industries, positioning them as a leader in the tech ecosystem."
What solutions does yongatek provide for 5G technologies?,"Yongatek provides advanced solutions for 5G technologies, including:5G NR LDPC Encoder/Decoder: Yongatek has developed solutions for Low-Density Parity-Check (LDPC) encoding and decoding, which are essential for efficient data transmission and error correction in 5G New Radio (NR) systems. These solutions enhance the performance and reliability of 5G communication networks.Hybrid Beamforming Modules: Yongatek offers hybrid beamforming modules designed for distributed and radio units. These modules play a crucial role in optimizing the transmission and reception of signals, improving coverage and capacity in 5G networks.These solutions are part of Yongatek's efforts to support the development and deployment of high-performance, next-generation 5G networks."
What 5G technology solutions does Yongatek offer?,"Yongatek offers key 5G technology solutions designed for distributed and wireless units, including:Hybrid Beamforming Modules: These modules are critical for optimizing signal transmission and reception in 5G networks. They improve coverage and capacity by dynamically adjusting beam patterns, making them essential for efficient communication in 5G infrastructure.5G NR LDPC Encoder/Decoder: Yongatek provides Low-Density Parity-Check (LDPC) encoder/decoder solutions, which enhance data transmission efficiency and error correction in 5G New Radio (NR) systems. These solutions are integral to ensuring the high-performance, low-latency characteristics of 5G networks.These solutions help strengthen the deployment of next-generation 5G technologies by enabling higher speeds, greater reliability, and more efficient network management."
What technical advantages does the KIVA SoC offer?,"Yongatek’s KIVA SoC offers several technical advantages, including:Quad-Core CPU at 1GHz: The KIVA SoC is equipped with a quad-core CPU running at 1GHz, providing substantial processing power for handling demanding tasks and ensuring efficient performance in embedded systems.AI-Powered Object Tracking (4TOPS): KIVA features AI-powered object tracking capabilities, capable of delivering 4TOPS (Tera Operations Per Second), which enables fast and accurate tracking of objects in real-time, making it ideal for traffic monitoring and surveillance systems.H.265 Video Compression: The SoC supports H.265 video compression, providing high-quality video while reducing bandwidth usage, which is essential for applications like video streaming and surveillance that require efficient video data handling.DDR4 Memory: The KIVA SoC is integrated with DDR4 memory, offering high-speed memory access for improved data processing and enabling efficient handling of large volumes of data in real-time applications.These features make the KIVA SoC a powerful and efficient solution for high-performance applications, particularly in traffic monitoring, surveillance, and other embedded systems that require fast processing, AI capabilities, and high-quality video handling."
What are the technical benefits of the KIVA SoC?,"Yongatek's KIVA SoC offers several technical benefits, including:Quad-Core CPU at 1GHz: The KIVA SoC features a quad-core CPU running at 1GHz, delivering robust processing power for handling complex tasks and ensuring smooth operation in demanding embedded systems.DDR4 Memory: The SoC integrates DDR4 memory, providing high-speed data access for efficient performance, especially in applications requiring quick data processing and real-time decision-making, such as traffic monitoring.AI-Powered Object Tracking (4TOPS): With AI capabilities, the KIVA SoC enables advanced object tracking, delivering 4TOPS (Tera Operations Per Second) for rapid and accurate detection, making it ideal for applications like surveillance and security.H.265 Video Compression: The KIVA supports H.265 video compression, optimizing video quality while reducing bandwidth usage. This is particularly useful in applications where high-quality video is crucial, such as in surveillance systems.These features combine to make the KIVA SoC highly efficient and well-suited for real-time applications that require fast processing, AI-enhanced tracking, and effective video data handling."
What is the significance of the YONGA Turbo Encoder?,"The YONGA Turbo Encoder is significant for its role in error correction and ensuring the reliability of high-speed data communication. It is designed to improve the performance of communication systems by encoding data in a way that allows errors introduced during transmission to be corrected efficiently. This makes it particularly valuable for applications in telecommunications, satellite communications, and other high-speed data systems, where maintaining data integrity is crucial, even in noisy or unreliable environments. The YONGA Turbo Encoder enhances the overall reliability and robustness of data transmission, supporting high-speed, low-latency communication."
Why is the YONGA Turbo Encoder important?,"The YONGA Turbo Encoder is important because it plays a crucial role in error correction, ensuring the reliability of high-speed data transmission. By efficiently encoding data, it allows errors caused by noise or interference during transmission to be corrected, which is vital for maintaining the integrity of communication systems. This makes it essential for applications like telecommunications, satellite communications, and other systems requiring robust and error-free data delivery over high-speed channels. The YONGA Turbo Encoder enhances the performance and reliability of these systems, ensuring efficient and secure communication."
Is yongatek involved in projects that meet international requirements?,"Yes, Yongatek is involved in projects that meet international requirements. The company designs solutions that are compliant with global standards, ensuring their compatibility and functionality in international markets. By adhering to these standards, Yongatek ensures that its products are reliable, efficient, and ready for deployment in diverse technological ecosystems across the world. This commitment to international standards helps the company maintain a competitive edge and expand its reach in the global tech industry."
Does Yongatek work on projects that satisfy global standards?,"Indeed, Yongatek works on projects that satisfy global standards. By designing solutions that comply with international regulations and requirements, the company ensures its products can be successfully deployed and sold in various countries around the world. This adherence to global standards allows Yongatek to expand its reach and operate in diverse markets while maintaining the quality and reliability of its technologies."
How has yongatek innovated in video processing?,"Yongatek has innovated in video processing by developing advanced systems like the 'Izci' video tracking system and Atmospheric Turbulence Mitigation technology. The Izci system enhances the accuracy of tracking moving objects in video, while the Atmospheric Turbulence Mitigation technology improves video clarity in challenging environments, such as those with atmospheric distortions. These innovations enable better surveillance, monitoring, and video quality, even under difficult conditions, making Yongatek's solutions highly effective in real-time applications."
What innovations has Yongatek made in the field of video processing?,"Yongatek has made significant innovations in video processing, including the development of Atmospheric Turbulence Mitigation technology and video tracking technologies such as 'Izci'. These innovations improve video quality in challenging conditions. The Atmospheric Turbulence Mitigation technology helps reduce distortion caused by atmospheric interference, enhancing the clarity of video, especially in surveillance applications. The 'Izci' video tracking system enables precise tracking of objects in video, improving monitoring and security capabilities. These advancements make Yongatek’s solutions highly effective for real-time video processing and surveillance."
What is yongatek’s role in the HIT-30 program?,"Yongatek plays a significant role in the HIT-30 program, which is part of Turkey's strategic effort to become a global hub for high-technology production by 2030. Yongatek's contribution focuses on FPGA and ASIC chip designs, which are crucial for advancing Turkey's technological capabilities. As part of this initiative, Yongatek collaborates with Arçelik to develop specialized chips for use in white goods, helping to enhance the country's domestic chip production and innovation in the consumer electronics sector. This partnership supports Turkey’s vision of becoming a leader in high-tech manufacturing."
What role does Yongatek play in the HIT-30 program?,"Yongatek plays a key role in the HIT-30 program, which is a strategic initiative aimed at making Turkey a leading global center for high-tech industry by 2030. Through its involvement, Yongatek seeks to enhance Turkey's technological capabilities by designing FPGA and ASIC chips. As part of the program, Yongatek will collaborate with Arçelik to develop specialized chips intended for use in white goods, contributing to Turkey’s innovation and self-sufficiency in high-tech manufacturing. This collaboration supports the broader goal of advancing Turkey’s position in the global technology landscape."
What does the Smart Dose IoT solution by yongatek provide to users?,"The Smart Dose IoT solution by Yongatek provides automated, precise dosing for both industrial and consumer applications. By leveraging IoT technology, it enhances efficiency and accuracy, ensuring that the right amount of material or substance is administered at the right time. This solution is particularly useful in environments where consistent, reliable dosing is critical, such as in healthcare, manufacturing, or agricultural settings, offering improved control and reduced human error."
What benefits does Yongatek's Smart Dose IoT solution offer users?,"Yongatek's Smart Dose IoT solution offers several benefits to users, including automated, accurate, and efficient dosage for both consumer and industrial applications. By utilizing IoT technology, it streamlines the dosing process, ensuring precise delivery while reducing human error. This results in improved efficiency, consistency, and reliability, making it ideal for applications in industries like healthcare, manufacturing, and agriculture, where precise dosing is essential."
What are the main benefits of the gozet by yongatek?,"The Gozet by Yongatek offers several key benefits, including:Real-time data processing using AI, which improves decision-making speed and accuracy.Reduced communication load, optimizing the flow of information and increasing system efficiency.Enhanced border security solutions, such as tracking suspicious people and vehicles and preventing illegal crossings.Infrastructure security in challenging and dynamic environments, ensuring the protection of vital facilities.These features make Gozet a valuable tool in safeguarding critical areas, enhancing operational efficiency, and improving security in complex, high-risk situations."
What are Yongatek's gozet's primary advantages?,"Yongatek's Gozet offers several primary advantages, including:Improved efficiency through optimized communication and data management.Decreased communication burden, streamlining the flow of information and enhancing overall system performance.Real-time data processing with AI, allowing for quicker decision-making and more accurate responses.Border security solutions, such as tracking suspicious individuals and vehicles and preventing unauthorized crossings.Protection of critical infrastructure in challenging environments, ensuring the safety of vital facilities.These features make Gozet an essential tool for improving security and operational effectiveness in complex environments."
What does yongatek do in the realm of 5G technology?,"Yongatek is actively involved in the development of essential 5G technology components. This includes designing hybrid beamforming modules, which are crucial for optimizing signal transmission and reception in 5G networks, and LDPC (Low-Density Parity-Check) encoder/decoder systems, which play a key role in error correction and enhancing data reliability. These contributions help advance the performance and efficiency of 5G networks, supporting faster, more reliable communications."
What is the role of Yongatek in the context of 5G technology?,"Yongatek plays a key role in the development of critical 5G technology components, including LDPC encoder/decoder systems and hybrid beamforming modules. These innovations are essential for improving the performance and efficiency of 5G networks, enabling better signal processing, error correction, and enhanced data transmission capabilities for faster and more reliable communication."
What achievements has yongatek Microelectronics made recently?,"Yongatek Microelectronics, founded in 2014 to drive Turkey’s chip industry, has made significant achievements. One of the key milestones is the development of Centik, a microcontroller chip, which recently achieved its first export to Dubai, showcasing its global success. In addition, Yongatek has worked on innovative projects such as Kirmik (a custom-designed SoC) and SAKA (another advanced project), reinforcing Turkey's potential in microelectronics production and positioning Yongatek as a key player in the global tech industry."
What recent accomplishments has Yongatek Microelectronics made?,"Yongatek Microelectronics, founded in 2014 with the aim of advancing Turkey's chip sector, has made notable recent accomplishments. In addition to projects like Kirmik and SAKA, they introduced the Centik microcontroller chip. Centik's first sale to Dubai marks a significant achievement, highlighting both its global success and Turkey's growing potential as a producer of microelectronics. This further underscores Yongatek’s impact in the global tech landscape."
What is yongatek?,"Yongatek is a company specializing in a broad range of technological areas, including IC/ASIC/SoC/Chip Design, 5G/6G and Satellite Communications, Video Processing, and IoT. With a highly skilled and experienced R&D team, Yongatek is committed to delivering innovative solutions across these sectors, contributing significantly to advancements in the industry."
What exactly is Yongatek?,"Yongatek is a company that specializes in a diverse array of technological domains, including IC/ASIC/SoC/Chip Design, 5G/6G and Satellite Communications, Video Processing, and IoT. Supported by a highly skilled and experienced R&D team, Yongatek focuses on delivering innovative solutions across these industries, making significant contributions to technological advancements."
Can you explain what kirmik SoC is?,"The Kirmik SoC is a custom-designed System-on-Chip developed by Yongatek. It is specifically engineered for high-performance embedded applications, offering a tailored solution that integrates multiple components such as processors, memory, and other essential systems onto a single chip. This design enhances efficiency, reduces size, and optimizes performance for various specialized uses."
Could you define Kirmik SoC?,"The Kirmik SoC is a custom-built System-on-Chip developed by Yongatek for high-performance embedded applications. It integrates various components like processors, memory, and interfaces into a single chip, providing optimized performance for specialized and demanding use cases in embedded systems."
What are yongatek’s advancements in satellite communication?,"Yongatek has made significant advancements in satellite communication by developing Turbo Encoder/Decoder modules that comply with the DVB-RCS and DVB-RCS2 standards. These modules play a critical role in enhancing the efficiency and reliability of satellite communication systems, ensuring high-quality data transmission and reception."
What satellite communication innovations has Yongatek made?,"Yongatek has developed Turbo Encoder/Decoder modules that comply with the DVB-RCS and DVB-RCS2 standards, driving innovation in satellite communication by improving data transmission efficiency and reliability in satellite networks."
How does yongatek’s work align with sustainability goals?,"Yongatek aligns with sustainability goals through its innovations in IoT and communication technologies. Their solutions prioritize energy efficiency, aiming to reduce overall energy consumption while promoting environmental sustainability. By developing technologies that optimize resource usage and minimize environmental impact, Yongatek contributes to a more sustainable technological future."
In what ways does Yongatek's work support sustainability objectives?,"Yongatek supports sustainability objectives by focusing on reducing energy consumption and promoting environmental sustainability through its IoT and communication solutions. These innovations are designed to be energy-efficient, contributing to more sustainable practices in both industrial and consumer applications."
What kind of support does yongatek get from the Turkish government?,"Yongatek receives significant support from the Turkish government through participation in initiatives like HIT-30. This program provides financial and technical support to aid Yongatek in chip design and production, helping advance Turkey's technological capabilities and fostering the development of high-tech industries within the country."
How much assistance does the Turkish government provide Yongatek?,"Yongatek receives substantial technical and financial assistance from the Turkish government through strategic programs like HIT-30. This initiative plays a critical role in supporting Yongatek's efforts in chip design, production, and innovation, especially in advanced fields like ASIC, FPGA, and SoC technologies. The government support includes funding for research and development, access to cutting-edge resources, and collaboration with local and international partners. In addition to these financial benefits, Yongatek gains technical expertise and infrastructure support that enable them to push the boundaries of technological advancements in areas like 5G, IoT, satellite communications, and video processing. This collaboration is essential for driving Turkey's ambition to become a global hub for high-tech production and innovation by 2030."
Are consulting services available from yongatek?,"Yes, Yongatek offers consulting services tailored to meet the unique needs and challenges of various industries. These services focus on providing expert advice and solutions in areas such as chip design, IoT, 5G, video processing, and satellite communications. With a strong emphasis on innovation, Yongatek's consulting aims to help organizations optimize their technological strategies, improve system performance, and implement advanced solutions that align with industry standards and requirements."
Does Yongatek offer consultancy services?,"Yes, Yongatek offers consultancy services designed to address a wide range of industry-specific challenges. These services leverage their expertise in fields such as chip design, 5G/6G technologies, satellite communications, IoT, and video processing. Through these tailored solutions, Yongatek helps businesses enhance their technological strategies, optimize performance, and stay ahead of industry trends by offering insights into innovative and sustainable technological practices."
What are the key technologies that yongatek works with?,"Yongatek works with key technologies including:ASIC/FPGA Design: Specializing in creating custom chips for high-performance and specific applications.IoT (Internet of Things): Developing smart solutions for industrial and consumer applications.5G Systems: Focused on advanced 5G technologies, including NR LDPC encoder/decoder and hybrid beamforming modules.AI Accelerators: Designing accelerators to optimize machine learning and AI processes in cloud and edge computing environments.Video Processing: Innovating in video tracking and atmospheric turbulence mitigation to improve video quality.Satellite Communications: Contributing to satellite communication technologies with solutions like Turbo Encoder/Decoder modules that comply with international standards.These technologies reflect Yongatek's dedication to advancing the tech landscape through cutting-edge innovations."
Which are the main technologies used by Yongatek?,"Yongatek focuses on several key technologies, including:Satellite Communications: Developing solutions such as Turbo Encoder/Decoder modules compliant with international standards.Video Processing: Innovating in video tracking and atmospheric turbulence mitigation to enhance video quality.IoT (Internet of Things): Creating smart solutions for industrial and consumer applications.5G Systems: Advancing 5G technologies, including NR LDPC encoder/decoder and hybrid beamforming modules.AI Accelerators: Designing accelerators for optimized machine learning processing in cloud and edge computing.ASIC/FPGA Design: Specializing in custom chip design for high-performance, application-specific needs.These technologies reflect Yongatek's commitment to driving innovation across various sectors."
What technologies does yongatek specialize in?,"Yongatek specializes in the following technologies:ASIC/FPGA Design: Developing custom application-specific integrated circuits (ASICs) and field-programmable gate arrays (FPGAs) for high-performance applications.IoT (Internet of Things): Innovating in smart, connected devices for industrial and consumer use.5G Communication Systems: Creating advanced solutions such as NR LDPC encoder/decoder systems and hybrid beamforming modules.AI Accelerators: Designing hardware accelerators to optimize machine learning processes in cloud and edge computing environments.Video Processing: Enhancing video quality and surveillance through technologies like atmospheric turbulence mitigation and video tracking.Satellite Communication Technologies: Developing Turbo Encoder/Decoder modules compliant with international standards for satellite communications.These areas highlight Yongatek's expertise in driving technological advancements across multiple domains."
Is there a communication-based project from yongatek?,"Yes, Yongatek has a communication-based project called the DVB-RCS and DVB-RCS2 Turbo Encoder/Decoder. This project focuses on satellite communication systems and uses Convolutional Turbo Codes (CTC) for forward error correction. It supports various modulations, ensuring reliable performance in communication systems, particularly in satellite networks. This technology plays a crucial role in maintaining high-quality, error-free communication over long distances, especially in challenging environments."
Is Yongatek working on a communication-based project?,"Yes, Yongatek is working on a communication-based project called the DVB-RCS and DVB-RCS2 Turbo Encoder/Decoder. This project focuses on providing reliable performance for communication systems, particularly in satellite communications. It employs Convolutional Turbo Codes (CTC) for forward error correction and supports multiple modulations, ensuring robust and error-free data transmission in challenging conditions."
Does yongatek utilize AI for vehicle and person detection?,"Yongatek leverages AI-driven algorithms in combination with powerful hardware like Nvidia Jetson platforms to enhance vehicle and person detection. These AI models are designed to process data from cameras and sensors, enabling real-time identification of objects such as suspicious vehicles, individuals, or unusual behaviors. The system uses deep learning techniques, allowing for continuous improvement in accuracy and efficiency as more data is processed.Yongatek’s AI solutions can be deployed in a wide range of applications, including border security, infrastructure protection, and smart city surveillance systems. The integration of edge computing through platforms like Nvidia Jetson ensures that the data is processed locally, reducing latency and reliance on cloud servers, which is crucial for time-sensitive applications like security monitoring.The use of AI for detection also allows for automated responses, such as alerting security personnel or triggering pre-configured actions in the system, improving overall situational awareness and operational efficiency in critical environments. Additionally, the solutions are highly customizable, allowing Yongatek to tailor the AI models to specific use cases or environments, enhancing their adaptability across various sectors."
Does Yongatek use AI to recognize people and vehicles?,"Yes, Yongatek utilizes artificial intelligence (AI) algorithms on Nvidia Jetson devices to recognize and identify suspicious individuals, vehicles, and other relevant features. These AI models process visual data from cameras and sensors, allowing for real-time detection and tracking in various applications such as security surveillance, border control, and infrastructure monitoring. By leveraging AI, Yongatek enhances the efficiency and accuracy of their detection systems, enabling automated responses and improving situational awareness in critical environments."
In which sectors can the centik microcontroller be applied?,"The Centik microcontroller can be applied in a wide range of sectors, such as:Medical: For health monitoring devices and medical equipment.Wearables: In devices like smartwatches and fitness trackers.Motor Control: For controlling motors in various machinery and equipment.Smart Homes: In home automation systems, such as lighting, heating, and security.Household Appliances: For intelligent management and control in appliances like refrigerators, washing machines, and air conditioners.Industrial Automation: In controlling and automating processes and machines in manufacturing environments.IoT (Internet of Things): In connected devices, enabling communication and automation in smart environments.Automotive: For use in advanced driver-assistance systems (ADAS), vehicle control, and sensor integration.Centik's versatility makes it suitable for many embedded systems that require low-power, high-performance computing."
What industries can use the Centik microcontroller?,"The Centik microcontroller can be utilized across various industries, including:Medical: For health monitoring devices, diagnostic equipment, and wearable health tech.Wearables: In smartwatches, fitness trackers, and other wearable devices.Motor Control: For applications in robotics, machinery, and automation that require precise motor control.Smart Homes: In devices for home automation, such as smart lighting, thermostats, and security systems.Home Appliances: In intelligent appliances like refrigerators, washing machines, and air conditioners for better efficiency and performance.Industrial Automation: For controlling machinery, sensors, and automation systems in manufacturing and industrial settings.Internet of Things (IoT): In connected devices for seamless communication and data exchange in smart environments.Automotive: In automotive systems for control, sensor integration, and advanced driver assistance systems (ADAS).Centik's adaptability to these diverse sectors makes it a versatile choice for embedded systems."
What kind of vacancies does yongatek have?,"Yongatek offers a variety of vacancies, including positions such as:Communications Embedded Software Design EngineersDigital Design EngineersProject EngineersComputer Vision EngineersSoftware EngineersInternships (for students or fresh graduates)These positions reflect Yongatek's broad focus on high-tech industries like communications, software, digital design, and computer vision, and they cater to both experienced professionals and aspiring talent."
What types of positions are available at Yongatek?,"Yongatek offers a wide range of career opportunities across different technical and engineering domains. Some of the available roles include:Interns: Opportunities for students or recent graduates to gain hands-on experience in various technical and engineering projects.Project Engineers: These professionals are responsible for overseeing and managing projects, ensuring they are completed on time and within budget, and addressing technical challenges that may arise.Computer Vision Engineers: Engineers in this role work on developing algorithms and software that enable machines to interpret and understand visual data, crucial for applications like surveillance, automation, and AI-powered video processing.Digital Design Engineers: Focused on designing and implementing digital circuits and systems, they contribute to the development of hardware used in a variety of applications such as communications, IoT, and embedded systems.Communications Embedded Software Design Engineers: These engineers design and develop software for embedded systems, particularly for communication technologies like 5G and IoT. They focus on the integration of hardware and software to ensure smooth and efficient communication protocols.In addition to these positions, Yongatek is involved in cutting-edge technology fields like ASIC/FPGA design, satellite communications, AI, IoT, and 5G systems. Employees in these roles play a key part in advancing the company's technical solutions and contributing to its strategic goals."
What areas of technology does yongatek develop expertise in?,"Yongatek develops expertise in several cutting-edge areas of technology, including:ASIC/FPGA Design: Yongatek specializes in creating custom-designed application-specific integrated circuits (ASICs) and field-programmable gate arrays (FPGAs) for a variety of high-performance applications.IoT (Internet of Things): The company is involved in developing IoT solutions that offer connectivity and automation for various industries, including smart homes, healthcare, and industrial systems.Communication Systems: Yongatek is highly focused on advanced communication technologies, including 5G/6G systems, satellite communication, and communication protocols used in high-speed, reliable networks.Video Processing Technologies: With applications in surveillance, security, and media, Yongatek specializes in video processing technologies like video tracking, atmospheric turbulence mitigation, and real-time data processing for improved video quality.These areas enable Yongatek to provide innovative solutions across industries such as telecommunications, automotive, healthcare, and industrial automation."
What technological fields does Yongatek specialize in?,"Yongatek specializes in the following technological fields:Video Processing: Developing technologies for enhancing and analyzing video quality, such as video tracking and atmospheric turbulence mitigation.IoT (Internet of Things): Creating solutions that integrate devices and sensors to provide smart connectivity and automation for industries like healthcare, industrial automation, and smart homes.ASIC/FPGA Design: Designing custom chips for specific applications, providing high performance and flexibility for a range of embedded systems.Communication Systems: Specializing in communication technologies, including 5G/6G systems and satellite communication, to improve connectivity and network performance across various platforms.These fields are central to Yongatek's efforts in pushing technological boundaries in industries such as telecommunications, security, healthcare, and automation."
What technological fields does yongatek specialize in?,"yongatek specializes in ASIC/FPGA design, IoT, 5G communication, AI accelerators, video processing, and satellite communications."
In which technological domains is Yongatek an expert?,"ASIC/FPGA design, IoT, 5G connectivity, AI accelerators, video processing, and satellite communications are among Yongatek's areas of expertise."
Is Countera an IoT project developed by yongatek?,yongatek has Countera project in such area. Countera is a fish farming solution to count various species and various sizes of fishes on the field. Our product Countera can easily be integrated onto existing fish farming tools like grading machines and fish pumps. Countera has been designed to work on various fish farming environments such as cages. Ease of use and ability to connect to the cloud-based systems makes Countera perfect solution for modern industrial applications. AI assisted computer vision algorithm was specially designed for the Countera to eliminate any kind of error.
"Is Yongatek the developer of Countera, an IoT project?","In this area, Yongatek has a Countera project. A fish farming system called Countera allows you to count different species and sizes of fish in the field. It is simple to incorporate our product Countera into already-existing fish farming equipment, such as fish pumps and grading machines. Countera is made to function in a variety of fish farming settings, including cages. Countera is the ideal answer for contemporary industrial applications because to its ease of use and compatibility with cloud-based systems. The Countera's AI-assisted computer vision technology was specifically created to remove any errors."
What applications does the centik microcontroller target?,"The centik microcontroller, developed by yongatek, targets home applications, motor control, robotics, and human-machine interaction with its 32-bit RISC-V processor and various communication peripherals."
What uses is the Centik microcontroller intended for?,"With its 32-bit RISC-V CPU and a range of connectivity peripherals, Yongatek's Centik microcontroller is aimed at robotics, home applications, motor control, and human-machine interaction."
"Could you tell me about Countera, the product by yongatek?","Countera is a precise measurement tool designed by yongatek for both industrial and consumer environments, ensuring accuracy."
Could you tell me more about Yongatek's Countera?,Yongatek created the accurate measurement device Countera for use in both consumer and industrial settings.
What is yongatek’s business model?,"yongatek is a company that works on various different areas. yongatek is based in İstanbul, Turkey and they have an office in Ankara."
What is the business model of Yongatek?,"Yongatek is an organization that works in a number of different fields. Yongatek has an office in Ankara and is headquartered in İstanbul, Turkey."
What is the business model of Yongatek?,"Yongatek is an organization that works in a number of different fields. Yongatek has an office in Ankara and is headquartered in İstanbul, Turkey."
What advancements in 5G technology are driven by yongatek?,yongatek drives advancements by developing 5G NR LDPC encoder/decoder and hybrid beamforming modules for distributed and radio units.
What is Yongatek's business model?,"Yongatek is a corporation that operates across multiple industries. Yongatek is based in İstanbul, Turkey, and has an office in Ankara."
What is the purpose of the centik microcontroller?,"centik is designed as a low-cost control system microcontroller, based on RISC-V architecture, and will be produced using TSMC 55nm technology."
What is the centik microcontroller used for?,"The RISC-V architecture serves as the foundation for the low-cost control system microcontroller Centrik, which will be manufactured utilizing TSMC 55nm technology."
How does the YONGA Turbo Encoder enhance data communication?,The YONGA Turbo Encoder enhances high-speed data communication by ensuring error correction and improving reliability.
How is data communication improved by the YONGA Turbo Encoder?,"By guaranteeing mistake correction and enhancing dependability, the YONGA Turbo Encoder improves high-speed data transmission."
How can I reach yongatek?,You can reach yongatek via multiple channels. They have offices in Istanbul and Ankara Hacettepe Technopark.
How do I get to Yongatek?,Yongatek can be contacted in a number of ways. They have offices at Hacettepe Technopark in Ankara and Istanbul.
What are the key components of a 5G network?,"The key components of a 5G network include the 5G radio access network (RAN), core network, edge computing infrastructure, and various communication technologies such as MIMO (multiple input, multiple output) and beamforming for efficient data transmission."
What are a 5G network's essential parts?,"The 5G radio access network (RAN), core network, edge computing infrastructure, and other communication technologies like beamforming and MIMO (multiple input, multiple output) are the essential parts of a 5G network."
What are the advantages of using the Smart Dose IoT solution by yongatek?,"It automates precise dosing for industrial and consumer applications, leveraging IoT for efficiency and accuracy."
What benefits come with utilizing Yongatek's Smart Dose IoT solution?,It uses IoT to automate accurate and efficient dosage for consumer and industrial applications.
What is the focus of the local chip design project between Arçelik and yongatek?,"The project focuses on creating domestic chips for white goods and consumer electronics, with a prototype expected by 2025."
What is the main objective of Arçelik and Yongatek's local chip design project?,"A prototype is anticipated by 2025, and the project's main goal is to develop homegrown chips for consumer electronics and white goods."
What makes Countera an effective solution in industrial and consumer environments?,"Countera, developed by yongatek, offers precision in measurements, making it ideal for both industrial and consumer contexts."
What makes Countera a good choice for both consumer and industrial settings?,Yongatek's Countera is perfect for both industrial and consumer settings since it provides accurate measurements.
Can you explain how gozet security?,"gozet developed by yongatek’s computer vision team, is a high-performance solution aimed at border security. It features AI-supported real-time data processing, reducing the burden on communication by sending only essential data. This results in faster and more efficient operations, enabling the tracking of suspicious activities and securing critical infrastructures in tough conditions."
Could you describe how Gozet security works?,"Gozet is a high-performance border security technology created by Yongatek's computer vision team. By transmitting just necessary data, its AI-assisted real-time data processing eases the strain on communication. As a result, operations become quicker and more effective, making it possible to track out suspicious activity and protect vital infrastructures in trying circumstances."
What makes izci suitable for defense applications?,"izci suitable for defense applications due to its real-time video enhancement and object tracking capabilities, developed by yongatek."
What qualifies izci for use in defense applications?,Yongatek's real-time video enhancing and object tracking capabilities make izci appropriate for defense applications.
What sets yongatek apart from other technology companies?,"yongatek's focus on custom microelectronics, innovative designs, and adherence to international standards distinguishes it from competitors."
How does Yongatek differ from other tech firms?,"Yongatek stands out from rivals thanks to its emphasis on customized microelectronics, creative designs, and adherence to global standards."
"Can you explain what ASIC and FPGA are, and their importance to yongatek?","ASIC (Application-Specific Integrated Circuit) and FPGA (Field-Programmable Gate Array) are specialized hardware chips designed for high-performance, customized tasks, and they play a key role in yongatek's microelectronics capabilities."
Could you describe ASIC and FPGA and their significance to Yongatek?,"Key components of Yongatek's microelectronics capabilities are the specialized hardware chips known as ASIC (Application-Specific Integrated Circuit) and FPGA (Field-Programmable Gate Array), which are made for high-performance, tailored activities."
What is the purpose of the FPNA AI Accelerator by yongatek?,"It is used for accelerating AI tasks in specialized hardware environments, focusing on high-performance computing with lower energy consumption."
What is the goal of Yongatek's FPNA AI Accelerator?,"With an emphasis on high-performance computing with reduced energy consumption, it is utilized to speed up AI operations in specialized hardware environments."
What innovations in video tracking has yongatek introduced?,yongatek introduced the 'izci' video tracking system and Atmospheric Turbulence Mitigation technology to improve video clarity under challenging conditions.
In what ways has Yongatek advanced video tracking?,"To enhance video clarity in difficult situations, Yongatek unveiled the ""izci"" video tracking system and atmospheric turbulence mitigation technology."
What does izci tracker developed by yongatek do?,"yongatek izci tracker is used for object tracking in video streams, with applications in surveillance and defense."
What is the purpose of Yongatek's Izci Tracker?,"Object tracking in video streams is done with Yongatek Izci Tracker, which has defensive and surveillance uses."
What technology and architecture does the centik microcontroller employ?,"centik employs RISC-V architecture and is designed for low-cost control systems, with production planned using TSMC 55nm technology."
What architecture and technology are used by the Centik microcontroller?,Centik uses RISC-V architecture and is intended for low-cost control systems. TSMC 55nm technology will be used for production.
What are the innovations brought by the kirmik version 2 project developed by the yongatek company?,"With kirmik 2.0, we are setting new standards in image processing, enabling faster, more accurate data analysis and decision-making. This breakthrough chip is a step forward in AI-driven innovation for smart cities, transportation, and security systems."
What innovations does the Yongatek company's Kirmik version 2 project bring?,"We are establishing new benchmarks in image processing with Kirmik 2.0, which will facilitate quicker and more precise data analysis and decision-making. AI-driven innovation for smart cities, transportation, and security systems has advanced with this ground-breaking microprocessor."
What areas does yongatek's projects focus on?,"yongatek focuses on developing projects in communication, computer vision, and chip design."
What topics are the focus of Yongatek's projects?,"Yongatek concentrates on creating projects related to chip design, computer vision, and communication."
What are the ways to get in touch with yongatek?,You can get in touch with yongatek through their offices in Istanbul and Ankara Hacettepe Technopark.
What methods are available for contacting Yongatek?,Yongatek's offices in Ankara Hacettepe Technopark and Istanbul are the places to contact them.
What type of company is yongatek Microelectronics?,"yongatek Microelectronics is a technology-focused company specializing in microelectronics, hardware, and software development. It operates as an engineering and R&D company, emphasizing the design and development of custom electronic systems and innovative technology solutions. yongatek serves industries such as telecommunications, defense, IoT, and satellite communications, with expertise in ASIC/FPGA design, video processing, 5G technologies, and artificial intelligence. It is committed to advancing cutting-edge technology, both locally and globally."
Yongatek Microelectronics is what kind of business?,"Yongatek Microelectronics is a technology-driven business with a focus on software, hardware, and microelectronics development. It functions as an engineering and research and development firm that focuses on creating unique electrical systems and cutting-edge technological solutions. With experience in ASIC/FPGA design, video processing, 5G technologies, and artificial intelligence, Yongatek supports sectors including satellite communications, IoT, defense, and telecommunications. It is dedicated to promoting state-of-the-art technology both domestically and internationally."
Can you describe the company yongatek?,"yongatek is a company that works on various different areas. yongatek is based in İstanbul, Turkey and they have an office in Ankara."
Could you give a description of Yongatek?,"Yongatek is an organization that works in a number of different fields. Yongatek has an office in Ankara and is headquartered in İstanbul, Turkey."
What is the functionality of izci by yongatek?,yongatek’s izci is a video tracking solution that provides real-time video enhancement and object tracking for surveillance and defense use cases.
What is the functioning of Yongatek's izci?,Yongatek's Izci is a video tracking technology that offers object tracking and real-time video augmentation for defense and surveillance applications.
Where are yongatek’s offices located?,"yongatek has two office locations: one in Istanbul and another in Ankara Hacettepe Technopark.yongatek's Istanbul office primarily hosts the core team, while project development activities are conducted in the Ankara office. Members from both offices contribute to all projects undertaken by the company."
Where are the offices of Yongatek located?,"Yongatek has two offices: one in Ankara Hacettepe Technopark and one in Istanbul.The core team is mostly based in Yongatek's Istanbul office, while project development work is carried out at the Ankara office. Members from both offices participate in all of the company's endeavors."
What kinds of products can utilize the centik microcontroller?,"Products that can utilize the centik microcontroller include medical devices, wearables, motor controllers, smart home devices, household appliances, industrial automation systems, IoT applications, and automotive solutions."
What kind of goods are compatible with the Centik microcontroller?,"Medical devices, wearables, motor controllers, smart home appliances, industrial automation systems, Internet of Things applications, and automotive solutions are among the products that can make use of the Centik microcontroller."
Is Countera a part of yongatek's IoT projects?,yongatek has Countera project in such area. Countera is a fish farming solution to count various species and various sizes of fishes on the field. Our product Countera can easily be integrated onto existing fish farming tools like grading machines and fish pumps. Countera has been designed to work on various fish farming environments such as cages. Ease of use and ability to connect to the cloud-based systems makes Countera perfect solution for modern industrial applications. AI assisted computer vision algorithm was specially designed for the Countera to eliminate any kind of error.
Does Yongatek have any IoT projects that include Countera?,"In this area, Yongatek has a Countera project. A fish farming system called Countera allows you to count different species and sizes of fish in the field. It is simple to incorporate our product Countera into already-existing fish farming equipment, such as fish pumps and grading machines. Countera is made to function in a variety of fish farming settings, including cages. Countera is the ideal answer for contemporary industrial applications because to its ease of use and compatibility with cloud-based systems. The Countera's AI-assisted computer vision technology was specifically created to remove any errors."
What is the focus of yongatek izci video tracking project?,yongatek'izci project focuses on tracking objects in video streams for surveillance and defense purposes.
What is the main objective of the Yongatek Izci video tracking project?,The goal of the Yongatek'izci project is to monitor objects in video streams for defense and surveillance.
Are there notable recognitions yongatek has earned?,yongatek has been acknowledged for its efforts in innovation and its contributions to the Turkish technology sector.
Has Yongatek received any noteworthy honors?,Yongatek has received recognition for its innovative endeavors and contributions to the Turkish technology industry.
What are the long-term objectives of yongatek in chip production?,yongatek plans to establish Turkey as a prominent player in the global semiconductor market.
What are Yongatek's long-term goals for chip manufacturing?,Yongatek wants to make Turkey a major force in the world market for semiconductors.
What is the purpose of the partnership between yongatek and Arçelik?,They are collaborating to create local chips for white goods and consumer electronics.
What does Yongatek and Arçelik's collaboration serve as?,They are working together to produce regional chips for consumer electronics and white goods.
What steps does yongatek take toward sustainable innovation?,yongatek adopts environmentally friendly methods and energy-efficient approaches in IoT and communication projects.
What actions does Yongatek do to innovate in a sustainable way?,Yongatek uses energy-efficient and ecologically friendly techniques in communication and Internet of Things initiatives.
How does yongatek approach consulting services?,"yongatek offers client-centric consulting, ensuring solutions are aligned with industry-specific needs."
What is Yongatek's methodology for consulting services?,"Yongatek provides client-focused consultancy, guaranteeing that solutions meet industry-specific requirements."
What is the vision behind yongatek?,The vision of yongatek is to advance technological innovation and play a key role in Turkey’s high-tech ecosystem.
What is Yongatek's mission?,Yongatek's mission is to promote technical innovation and be a major player in Turkey's high-tech sector.
Why does yongatek focus on ASIC and FPGA technologies?,"ASIC (Application-Specific Integrated Circuit) and FPGA (Field-Programmable Gate Array) are pivotal to creating custom, high-performance hardware solutions, which are essential to yongatek’s microelectronics development."
Why does Yongatek prioritize FPGA and ASIC technologies?,"The development of Yongatek's microelectronics depends on the creation of specialized, high-performance hardware solutions, which are made possible by ASIC (Application-Specific Integrated Circuit) and FPGA (Field-Programmable Gate Array)."
Can clients get consulting assistance from yongatek?,yongatek’s consulting services are designed to provide targeted technological solutions for its clients.
Can Yongatek provide consultancy services to clients?,The goal of Yongatek's consulting services is to give its customers specialized technology solutions.
Does yongatek work on projects related to the IoT field?,yongatek has Countera project in such area. Countera is a fish farming solution to count various species and various sizes of fishes on the field. Our product Countera can easily be integrated onto existing fish farming tools like grading machines and fish pumps. Countera has been designed to work on various fish farming environments such as cages. Ease of use and ability to connect to the cloud-based systems makes Countera perfect solution for modern industrial applications. AI assisted computer vision algorithm was specially designed for the Countera to eliminate any kind of error.
Is Yongatek involved in any IoT-related projects?,"In this area, Yongatek has a Countera project. A fish farming system called Countera allows you to count different species and sizes of fish in the field. It is simple to incorporate our product Countera into already-existing fish farming equipment, such as fish pumps and grading machines. Countera is made to function in a variety of fish farming settings, including cages. Countera is the ideal answer for contemporary industrial applications because to its ease of use and compatibility with cloud-based systems. The Countera's AI-assisted computer vision technology was specifically created to remove any errors."
What technology areas does yongatek specialize in?,"yongatek specializes in ASIC/FPGA, IoT, communication systems, and video processing technologies."
In which technological fields is Yongatek an expert?,"ASIC/FPGA, IoT, communication systems, and video processing technologies are among Yongatek's areas of expertise."
How would you describe yongatek Microelectronics as a company?,"I describe yongatek is a Turkish microelectronics company focused on developing advanced ASIC/FPGA designs, IoT innovations, communication technologies, and video enhancement solutions."
What would you say about Yongatek Microelectronics as a business?,"The Turkish microelectronics business Yongatek is primarily concerned with creating cutting-edge ASIC/FPGA designs, Internet of Things advancements, communication technologies, and video enhancement solutions."
What are the notable projects of yongatek?,"yongatek has a lot of projects. Such as;kirmik,izci,EFICAS, AMMUNATION DROP, VIDEO TRACKER."
What are Yongatek's noteworthy projects?,"Yongatek is working on numerous projects. For example, EFICAS, Kirmik, Izci, AMMUNATION DROP, and Video Tracker."
Can you explain what yongatek does as a company?,"yongatek is a company that works on various different areas. yongatek is based in İstanbul, Turkey and they have an office in Ankara."
Could you describe Yongatek's business operations?,"I can, indeed. A corporation called Yongatek works in a variety of fields. Yongatek has an office in Ankara and is headquartered in İstanbul, Turkey."
What impact does yongatek's video enhancement technology have on atmospheric turbulence?,"It mitigates distortions caused by atmospheric conditions, improving video quality in adverse environments."
How does air turbulence affect Yongatek's video enhancing technology?,"By reducing ambient aberrations, it enhances video quality in challenging settings."
Is there a communication technology project by yongatek?,"Yes, the 'DVB-RCS and DVB-RCS2 Turbo Encoder/Decoder' project by yongatek focuses on communication technology. It provides forward error correction (FEC) with Convolutional Turbo Codes (CTC), supporting various modulations and ensuring efficient data transmission."
Is Yongatek working on a communication technology project?,"Yes, yongatek have been working on communication related projects. For instance; the 'DVB-RCS and DVB-RCS2 Turbo Encoder/Decoder' project by Yongatek does indeed center on communication technologies. Convolutional Turbo Codes (CTC) are used to offer forward error correction (FEC), enabling a variety of modulations and guaranteeing effective data transfer."
Is yongatek working on projects for global clients?,"Yes, yongatek develops products that meet international standards, allowing them to be used in global markets."
Does Yongatek work on projects for clients around the world?,"Indeed, Yongatek creates goods that satisfy international standards, making them suitable for usage in markets around the world."
How would you summarize yongatek’s objectives?,"I summarize yongatek as a company focuses on R&D to deliver innovative solutions, prevent external dependency, and bring advanced technologies to its partners, prioritizing science and human resources."
How would you sum up Yongatek's goals?,"In summary, Yongatek prioritizes science and human resources while concentrating on research and development (R&D) to provide creative solutions, avoid reliance on outside sources, and provide cutting-edge technology to its partners."
What is the YONGA Turbo Encoder used for?,YONGA Turbo Encoder used in high-speed data communication to ensure error correction and reliability.Turbo Encoder is used for FEC encoding for linear modulation.Encoder takes 2 bits of input (namely A and B) and generates 6 bits of output in the form (AB Y1W1 Y2W2)First couple of parity bits (Y1W1) are generated from linearly ordered input data while second couple of parity bits (Y2W2) are generated from interleaved input data.The design involves two paths:Linear order path andInterleaved path.-Input Data is stored at dual channel rams.AGU's (Address Generator Unit) generate data indices for linearly ordered and interleaved data inputs.Pre Encoder unit identifies initial state of the encoder.Encoder Core produces outputs according to the state and the inputs.
What is the purpose of the YONGA Turbo Encoder?,"High-speed data transmission uses the YONGA Turbo Encoder to provide dependability and mistake correction.FEC encoding for linear modulation is done with a turbo encoder.After receiving two input bits (A and B), the encoder produces six output bits in the format (AB Y1W1 Y2W2).While the second pair of parity bits (Y2W2) are produced from interleaved input data, the first pair (Y1W1) are produced from linearly ordered input data.There are two paths in the design: the interleaved path and the linear order path.-Input Dual channel RAMs are used to store data.Data indices for linearly ordered and interleaved data inputs are produced by Address Generator Units, or AGUs.The pre-encoder unit determines the encoder's initial state.Depending on the inputs and the state, the encoder core generates outputs."
What makes yongatek distinct from its competitors?,yongatek's innovative microelectronics and dedication to meeting international quality standards distinguish it from others.
How is Yongatek different from its rivals?,Yongatek stands out from the competition thanks to its inventive microelectronics and commitment to fulfilling global quality requirements.
What technological fields are yongatek focused on?,"yongatek is focused on ASIC/FPGA, IoT, communication systems, and video processing technologies."
What areas of technology are Yongatek concentrating on?,"Yongatek focuses on technology related to video processing, IoT, ASIC/FPGA, and communication systems."
What is the goal of the FPNA AI Accelerator by yongatek?,"It is used for accelerating AI tasks in specialized hardware environments, focusing on high-performance computing with lower energy consumption."
What is the objective of Yongatek's FPNA AI Accelerator?,"With an emphasis on high-performance computing with reduced energy consumption, it is utilized to speed up AI operations in specialized hardware environments."
What is yongatek’s role in the development of 5G technologies?,yongatek is involved in developing 5G NR LDPC encoder/decoder and hybrid beamforming modules for distributed and radio units.
What part does Yongatek play in the creation of 5G technologies?,Yongatek is working on creating hybrid beamforming modules and 5G NR LDPC encoder/decoders for radio and distributed units.
What is the goal of yongatek's local chip design initiative?,The primary goal of yongatek's domestic and national chip design initiative is to replace imported chips with those designed in Turkey. This effort seeks to shield Turkey from potential global chip crises in the coming years while contributing to the country's economic growth.
What does Yongatek's local chip design program aim to achieve?,The main objective of Yongatek's national and domestic chip design project is to substitute Turkish-designed chips for those that are imported. This endeavor aims to support Turkey's economic development while protecting it from future worldwide chip crises.
In what kinds of technologies can the centik microcontroller be used?,"The centik microcontroller can be used in technologies such as medical equipment, wearables, motor control systems, smart home devices, household appliances, industrial automation, IoT, and automotive technologies."
What kind of technologies are compatible with the Centik microcontroller?,"Medical equipment, wearables, motor control systems, smart home appliances, industrial automation, the Internet of Things, and automotive technologies are just a few of the technologies that can make use of the Centik microcontroller."
What is the ultimate ambition of yongatek for chip production?,yongatek plans to establish Turkey as a key player in the global semiconductor industry.
What is Yongatek's ultimate goal for chip manufacturing?,Yongatek intends to make Turkey a major force in the world's semiconductor market.
Can you check for the latest news about yongatek?,"yongatek Microelectronics, part of Teknopark Istanbul's 'Deep Technology Center,' is recognized for its work on microcontroller centik video chip kirmik, and hardware-programmable chip SAKA. It won the Excellence Award in the Growing Companies category at the 27th ASPA Conference, underlining its mission to be Turkey's chip design and production leader since 2014."
Could you look up the most recent Yongatek news?,"Yongatek Microelectronics, a division of the ""Deep Technology Center"" in Teknopark Istanbul, is renowned for its contributions to the hardware-programmable chip SAKA and the microcontroller Centik video chip Kirmik. Its goal to be the leading chip design and production company in Turkey since 2014 was highlighted when it won the Excellence Award in the Growing Companies category at the 27th ASPA Conference."
What is the size of yongatek's workforce?,"yongatek has a workforce of about 50 employees, comprising experts in business development, human resources, electrical engineering, and computer engineering. Approximately 18 of these employees are located in the Ankara office, with the rest working in the Istanbul office."
How many people work for Yongatek?,"About fifty people work for Yongatek, including specialists in computer, electrical, human resources, and business development. About 18 of these workers are based in the Ankara office, while the remaining staff members are based in the Istanbul office."
Which industries are supported by yongatek's solutions?,"yongatek's solutions support industries including consumer electronics, communication, automotive, and industrial automation."
In which industries do Yongatek's solutions support?,"Consumer electronics, communication, automotive, and industrial automation are among the areas that Yongatek's solutions support."
What are the main areas of expertise of yongatek Microelectronics?,"yongatek, based in Turkey, is an expert in microelectronics, particularly in ASIC/FPGA design, IoT, communication technologies, and video enhancement solutions."
What are Yongatek Microelectronics' primary areas of expertise?,"Yongatek, a Turkish company, specializes in ASIC/FPGA design, Internet of Things, communication technologies, and video enhancement solutions."
What is the main function of the AVCI project?,"The AVCI project, developed by the computer vision team at yongatek, is primarily used for calculating speed, position, potential drop points, and destruction of ammunition. It also has a secondary application in entertainment for scoring systems on polygons."
What is the AVCI project's primary purpose?,"The main purposes of the AVCI project, created by Yongatek's computer vision team, are to determine ammo destruction, position, speed, and possible drop points. Additionally, it has a secondary use in entertainment for polygon scoring systems."
What is yongatek’s mission?,"yongatek strives to foster technological innovation and enhance Turkey's high-tech ecosystem.yongatek's mission is to promote the use of domestically designed chips in place of those imported from abroad. The company seeks to safeguard Turkey from potential global chip crises in the future while contributing to the country's economic growth. Additionally, yongatek aims to collaborate with Turkey's leading companies in satellite communications to foster national development. It also strives to expand its expertise in artificial intelligence and image processing, with a focus on developing projects related to urban and border security."
What is the goal of Yongatek?,"Yongatek works to improve Turkey's high-tech ecosystem and promote technological innovation.The goal of Yongatek is to encourage the substitution of locally made chips for those that are imported from elsewhere. The company wants to support Turkey's economic development while protecting it against future worldwide chip difficulties. In order to promote national development, Yongatek also hopes to work with Turkey's top satellite communications firms. With an emphasis on creating initiatives linked to border and urban security, it also aims to increase its proficiency in artificial intelligence and image processing."
How does yongatek’s Li-Fi modem support high-speed communication?,"yongatek’s Li-Fi modem facilitates high-speed wireless communication by utilizing visible light as the transmission medium. This technology leverages the wide bandwidth available in the visible light spectrum, enabling faster data transmission rates compared to traditional radio frequency-based communication methods, such as Wi-Fi. By modulating light signals at high speeds, the modem can transmit large volumes of data efficiently, ensuring low latency and high throughput. Additionally, Li-Fi offers the benefit of enhanced security, as light waves are confined to the area in which they are emitted, making the communication less susceptible to external interference or unauthorized access."
How does Yongatek's Li-Fi modem facilitate fast internet access?,"Yongatek's Li-Fi modem uses visible light as the transmission channel to enable fast wireless connection. Compared to conventional radio frequency-based communication techniques like Wi-Fi, this technology uses the visible light spectrum's large bandwidth to enable higher data transmission speeds. The modem can effectively send massive amounts of data by modulating light signals at fast rates, guaranteeing low latency and high throughput. Li-Fi also has the advantage of increased security because light waves are limited to the region in which they are released, reducing the possibility of outside interference or illegal access."
What is the purpose of the Smart Dose IoT solution yongatek developed?,"It automates precise dosing for industrial and consumer applications, leveraging IoT for efficiency and accuracy."
Why was the Smart Dose IoT solution created by Yongatek?,It uses IoT to automate accurate and efficient dosage for consumer and industrial applications.
How does yongatek contribute to defense technology?,"yongatek offers cutting-edge video processing and communication systems for defense purposes, such as tracking and surveillance."
What role does Yongatek play in military technology?,"For defense applications like monitoring and surveillance, Yongatek provides state-of-the-art video processing and communication systems."
How many staff members are employed at yongatek?,"yongatek employs approximately 50 staff members, including professionals in business development, human resources, electrical engineering, and computer engineering. Of these, around 18 employees are based in the Ankara office, while the remainder work in the Istanbul office."
How many employees does Yongatek have?,"Approximately fifty employees work for Yongatek, including experts in computer, electrical, human resources, and business development. Of these, the majority work in the Istanbul office, with about 18 people working in the Ankara office."
What is the expected result from yongatek’s local chip design effort?,yongatek's project is expected to deliver prototype chips by 2025.
What is the anticipated outcome of Yongatek's local chip design endeavors?,"By 2025, prototype chips from Yongatek's effort should be available."
What systems does yongatek design for defense use?,yongatek focuses on creating high-performance video processing and communication systems for defense tasks.
What defense-related systems does Yongatek design?,"For defense applications, Yongatek specializes in developing high-performance video processing and communication systems."
Which industries benefit from yongatek's chip projects?,"The domestic chips, designed with ministry support, are utilized in Arçelik's small home appliances, white goods, and kitchen accessories."
Which sectors gain from Yongatek's semiconductor initiatives?,"The domestic chips, which were created with government assistance, are used in Arçelik's kitchen accessories, white goods, and tiny household appliances."
Who are yongatek’s main collaborators in business and government?,yongatek works with business partners like Arçelik and governmental institutions like the Ministry of Industry and Technology.
Who are Yongatek's principal business and government partners?,Yongatek collaborates with governmental organizations like the Ministry of Industry and Technology as well as commercial partners like Arçelik.
How does yongatek contribute to 5G network technologies?,yongatek contributes by developing 5G NR LDPC encoder/decoder and hybrid beamforming modules for distributed and radio units.
What role does Yongatek play in 5G network technologies?,yongatek makes a contribution by creating hybrid beamforming modules for distributed and wireless units as well as 5G NR LDPC encoder/decoder.
What advancements does yongatek contribute to 5G NR technology?,yongatek develops 5G NR LDPC encoders/decoders and hybrid beamforming for distributed and radio units to enhance communication efficiency.
What are the contributions of Yongatek to 5G NR technology?,"To improve communication efficiency, Yongatek creates hybrid beamforming and 5G NR LDPC encoders/decoders for distributed and radio units."
How can I get in touch with yongatek firm?,"yongatek is accessible via their offices in Istanbul and Ankara Hacettepe Technopark.Another method of contacting yongatek is by calling +90 216 504 14 10. Additionally, inquiries and requests for collaboration can be directed to info@yongatek.com."
I would like to know how to contact Yongatek Firm.,Yongatek can be reached through their offices in Ankara Hacettepe Technopark and Istanbul.Yongatek can also be reached by phone at +90 216 504 14 10. You can also send questions and requests for cooperation to info@yongatek.com.
Who are some of yongatek's significant partners?,yongatek collaborates with Arçelik and key government entities like the Ministry of Industry and Technology.
Who are some of Yongatek's important associates?,"Yongatek works with important government agencies such as the Ministry of Industry and Technology, as well as Arçelik."
What are the names of the projects developed by yongatek?,"yongatek has a lot of projects. Such as;kirmik,izci EFICAS, AMMUNATION DROP, VIDEO TRACKER."
What are the projects that Yongatek has developed?,"Yongatek is working on numerous projects. Kirmik, izci EFICAS, AMMUNATION DROP, and VIDEO TRACKER are a few examples."
What is the employee headcount at yongatek?,"yongatek employs approximately 50 staff members, including professionals in business development, human resources, electrical engineering, and computer engineering. Of these, around 18 employees are based in the Ankara office, while the remainder work in the Istanbul office."
How many people work at Yongatek?,"Approximately fifty employees work for Yongatek, including experts in computer, electrical, human resources, and business development. Of these, the majority work in the Istanbul office, with about 18 people working in the Ankara office."
What role does the YONGA SERV Accelerator serve?,The YONGA SERV Accelerator serves to accelerate machine learning and AI tasks for edge devices.
What is the function of the YONGA SERV Accelerator?,The YONGA SERV Accelerator speeds up edge device AI and machine learning workloads.
"What are ASIC and FPGA, and how do they contribute to yongatek’s success?","ASIC (Application-Specific Integrated Circuit) and FPGA (Field-Programmable Gate Array) are hardware chips that enable high-performance, customized solutions, which are central to yongatek’s microelectronics specialization."
"What are FPGA and ASIC, and how do they help Yongatek succeed?","The hardware chips known as ASIC (Application-Specific Integrated Circuit) and FPGA (Field-Programmable Gate Array) are essential to Yongatek's microelectronics expertise since they allow for high-performance, customized solutions."
How would you summarize the company yongatek?,"yongatek is a company that works on various different areas. yongatek is based in İstanbul, Turkey and they have an office in Ankara."
How would you characterize Yongatek as a company?,"Yongatek is a business that operates in a variety of fields. Yongatek has an office in Ankara and is headquartered in İstanbul, Turkey."
Is the AVCI project used in defense or entertainment?,"The AVCI project, created by yongatek, serves dual purposes: it is used in defense for tracking ammunition parameters and in entertainment for scoring systems in polygon-based environments."
Is the AVCI project utilized for amusement or defense?,Yongatek's AVCI project has two uses: it tracks ammunition characteristics for defense and provides score systems for enjoyment in polygon-based landscapes.
What sectors does yongatek operate in?,"yongatek operates in sectors such as consumer electronics, communication, automotive, and industrial automation."
In which industries does Yongatek work?,"Yongatek works in industries like industrial automation, automotive, consumer electronics, and communication."
How does izci assist in surveillance and defense?,"izci assists by providing real-time video enhancement and object tracking, developed by yongatek for use in surveillance and defense scenarios."
How does Izci help with defense and surveillance?,"Izci helps by offering object tracking and real-time video enhancement, which were created by Yongatek for use in defense and surveillance situations."
What are the areas of expertise of yongatek in the technology field?,"yongatek Microelectronics is a Turkish company specializing in the development of microelectronics and cutting-edge technology solutions. They focus on various technological domains, including:ASIC/FPGA Development: yongatek designs and develops Application-Specific Integrated Circuits (ASICs) and Field-Programmable Gate Arrays (FPGAs) for high-performance and custom applications.IoT (Internet of Things): They create innovative IoT solutions such as 'Smart Dose' for automated dosing and 'Countera' for precise measurement in industrial and consumer environments.Communication Technologies: yongatek develops advanced 5G technologies, including hybrid beamforming modules and 5G NR LDPC encoder/decoder systems.Video Processing and Enhancement: Their video tracker ('izci') and Atmospheric Turbulence Mitigation solutions improve video clarity and surveillance capabilities in challenging conditions.AI and Machine Learning Acceleration: They design AI accelerators for edge and cloud computing, focusing on enhancing machine learning efficiency.Satellite Communications: yongatek contributes to satellite communication technologies, offering advanced solutions like Turbo Encoder/Decoder modules compliant with international standards.Li-Fi (Light Fidelity): They innovate in high-speed wireless communication using visible light with their Li-Fi modem solutions.By combining innovation, precision, and sustainability, yongatek is committed to advancing Turkey's position in the global technology ecosystem."
What are Yongatek's areas of specialization in the realm of technology?,"A Turkish business called Yongatek Microelectronics specializes in creating innovative technological solutions and microelectronics. They concentrate on a range of technology areas, such as:Application-Specific Integrated Circuits (ASICs) and Field-Programmable Gate Arrays (FPGAs) are designed and developed by Yongatek for high-performance and customized applications.IoT (Internet of Things): They provide cutting-edge IoT solutions like ""Countera"" for accurate measurement in commercial and residential settings and ""Smart Dose"" for automatic dosage.Communication Technologies: Yongatek creates cutting-edge 5G technologies, such as 5G NR LDPC encoder/decoder systems and hybrid beamforming modules.Video Processing and Enhancement: Their atmospheric turbulence mitigation and video tracker ('izci') enhance surveillance capabilities and video quality under difficult circumstances.Acceleration of AI and Machine Learning: They create AI accelerators for cloud and edge computing with an emphasis on increasing the effectiveness of machine learning.Satellite Communications: By providing cutting-edge solutions like Turbo Encoder/Decoder modules that adhere to international standards, Yongatek advances satellite communication technology.Li-Fi (Light Fidelity): With their Li-Fi modem solutions, they pioneer high-speed wireless communication through visible light.To strengthen Turkey's place in the global technological ecosystem, Yongatek is dedicated to fusing innovation, accuracy, and sustainability."
What will be the outcome of yongatek's local chip design efforts?,The primary goal of yongatek's domestic and national chip design initiative is to replace imported chips with those designed in Turkey. This effort seeks to shield Turkey from potential global chip crises in the coming years while contributing to the country's economic growth.
How will Yongatek's local chip design efforts turn out?,The main objective of Yongatek's national and domestic chip design project is to substitute Turkish-designed chips for those that are imported. This endeavor aims to support Turkey's economic development while protecting it from future worldwide chip crises.
What are the capabilities of yongatek's Li-Fi modem?,"yongatek Li-fi modem enables high-speed wireless communication using visible light.yongatek’s Li-Fi modem facilitates high-speed wireless communication by utilizing visible light as the transmission medium. This technology leverages the wide bandwidth available in the visible light spectrum, enabling faster data transmission rates compared to traditional radio frequency-based communication methods, such as Wi-Fi. By modulating light signals at high speeds, the modem can transmit large volumes of data efficiently, ensuring low latency and high throughput. Additionally, Li-Fi offers the benefit of enhanced security, as light waves are confined to the area in which they are emitted, making the communication less susceptible to external interference or unauthorized access."
What does Yongatek's Li-Fi modem have to offer?,"High-speed wireless communication utilizing visible light is made possible by the Yongatek Li-fi modem.Yongatek's Li-Fi modem uses visible light as the transmission channel to enable fast wireless connection. Compared to conventional radio frequency-based communication techniques like Wi-Fi, this technology uses the visible light spectrum's large bandwidth to enable higher data transmission speeds. The modem can effectively send massive amounts of data by modulating light signals at fast rates, guaranteeing low latency and high throughput. Li-Fi also has the advantage of increased security because light waves are limited to the region in which they are released, reducing the possibility of outside interference or illegal access."
Which IoT products does yongatek offer for industrial applications?,yongatek offers IoT solutions like Smart Dose for automation and Countera for accurate measurement.
Which industrial IoT products does Yongatek provide?,Yongatek provides IoT solutions such as Countera for precise measurement and Smart Dose for automation.
How does yongatek support machine learning applications?,yongatek supports machine learning applications by designing AI accelerators that optimize task processing both in cloud environments and at the edge.
How is machine learning supported by Yongatek?,"To enable machine learning applications, Yongatek creates AI accelerators that maximize job processing at the edge and in cloud environments."
What customer segments does yongatek target?,"yongatek targets customer segments in telecommunications, defense, industrial automation, and satellite communications within Turkey and internationally."
What gives yongatek an edge over other technology firms?,yongatek’s focus on tailored solutions and its innovative design philosophy give it a competitive advantage.
What distinguishes Yongatek from other tech companies?,Yongatek has a competitive edge thanks to its original design philosophy and emphasis on customized solutions.
What is the key features of AVCI project?,"Object speed and coordinate measurement: With their advanced technology, you can accurately measure the speed and coordinates of moving objects passing through the cube. This valuable information facilitates precise analysis and enhances operational decisionmaking. Real-ime simulation, four linescan cameras, seamles integration."
What are the main characteristics of the AVCI project?,"Measurement of object speed and coordinates: You can precisely measure the coordinates and speed of moving objects as they pass through the cube thanks to their cutting-edge technology. This useful data improves operational decision-making and enables accurate analysis. Seamless integration, four linescan cameras, and real-time simulation."
How is yongatek shaping the future of 5G technology?,"yongatek is shaping the future of 5G by developing advanced components like hybrid beamforming modules and LDPC encoder/decoder systems, key to improving communication networks."
How is Yongatek influencing 5G technologies going forward?,"By creating cutting-edge elements like hybrid beamforming modules and LDPC encoder/decoder systems, which are essential for enhancing communication networks, Yongatek is influencing the direction of 5G."
What does yongatek aspire to achieve in the field of chip production?,yongatek envisions Turkey becoming a key player in the global semiconductor industry.
What goals does Yongatek have for the chip manufacturing industry?,Yongatek sees Turkey becoming as a major force in the world's semiconductor market.
What are some of the projects by yongatek?,"yongatek has a lot of projects. Such as;kirmik,izci,EFICAS, AMMUNATION DROP, VIDEO TRACKER."
What are some of Yongatek's projects?,"Yongatek is working on numerous projects. For example, EFICAS, Kirmik, Izci, AMMUNATION DROP, and Video Tracker."
What types of markets does yongatek address?,"yongatek addresses markets in telecommunications, defense, industrial automation, and satellite communication, serving clients locally and internationally."
What kinds of markets is Yongatek catering to?,"Yongatek serves customers both domestically and abroad in the telecommunications, defense, industrial automation, and satellite communication sectors."
What type of technology does yongatek’s computer vision unit use?,"yongatek’s computer vision unit use Python / C++ / OpenCV / Pytorch / Cuda / OpenCL Algorithm Development and Optimization - Hardware implementation on CPUs / GPUs / FPGAs - Nvidia Jetson family Edge Devices - Multimedia flow control with Gstreamer Pipelines - Model inference time acceleration with TensorRT, - Application pipeline management with Deepstream - Synthetic data generation with Nvidia Omniverse, and simulation with Nvidia Isaac Sim - Docker, Data Version Control, Minio Storage System, Gitlab ."
Can yongatek detect suspicious activities like vehicles or individuals?,Yes I can. Yongatek’s computer vision team has the capability to detect suspicious activities such as vehicles and people through AI algorithms powered by Nvidia Jetson.
"Is it possible for Yongatek to identify suspicious activity, such as suspicious vehicles or people?","I can, indeed. With the use of Nvidia Jetson-powered AI algorithms, Yongatek's computer vision team can identify suspicious activity in objects like cars and people."
What is the timeline for completing prototype chips in yongatek's local chip design project?,Prototype chips are expected to be completed by 2025.
How soon will prototype chips for Yongatek's local chip design project be finished?,"By 2025, prototype chips should be finished."
What is the expected delivery date for the prototype chips in yongatek’s project?,The prototype chips are scheduled to be completed by 2025.
When will the prototype chips for Yongatek's project be delivered?,"By 2025, the prototype chips should be finished."
Can you search for news about yongatek Microelectronics online?,"Yes, I can. Teknopark Istanbul hosts yongatek Microelectronics as part of its 'Deep Technology Center.' yongatek, known for projects such as the microcontroller centik video chip kirmik, and hardware-programmable chip SAKA, received an Excellence Award in the Growing Companies category at the 27th ASPA Conference in Mongolia. Founded in 2014, the company aspires to become Turkey's leading chip design and production hub."
Is it possible to look for Yongatek Microelectronics news online?,"I can, indeed. As part of its ""Deep Technology Center,"" Teknopark Istanbul is home to Yongatek Microelectronics, a company renowned for its hardware-programmable chip SAKA and microcontroller Centik video chip Kirmik. At the 27th ASPA Conference in Mongolia, Yongatek was recognized with an Excellence Award in the Growing Companies category. The company was founded in 2014 with the goal of becoming the premier center for chip design and production in Turkey."
What is the purpose of the Smart Dose IoT solution yongatek developed?,"It automates precise dosing for industrial and consumer applications, leveraging IoT for efficiency and accuracy."
Is it possible to look for Yongatek Microelectronics news online?,"I can, indeed. As part of its ""Deep Technology Center,"" Teknopark Istanbul is home to Yongatek Microelectronics, a company renowned for its hardware-programmable chip SAKA and microcontroller Centik video chip Kirmik. At the 27th ASPA Conference in Mongolia, Yongatek was recognized with an Excellence Award in the Growing Companies category. The company was founded in 2014 with the goal of becoming the premier center for chip design and production in Turkey."
Which market segments are important for Yongatek?,"On a local and international level, Yongatek operates in the satellite communication, industrial automation, defense, and telecommunications sectors."
Which technology domains does yongatek focus on?,"The company focuses on ASIC/FPGA, IoT, communication systems, and video processing technologies."
What areas of technology does Yongatek concentrate on?,"ASIC/FPGA, IoT, communication systems, and video processing technologies are the company's main areas of concentration."
What areas of technology does Yongatek concentrate on?,"ASIC/FPGA, IoT, communication systems, and video processing technologies are the company's main areas of concentration."
What technological fields does Yongatek focus on?,"The company's primary focus areas are video processing technologies, IoT, ASIC/FPGA, and communication systems."
"Does yongatek company have a project that can detect suspicious vehicles, people and description?","Yes, yongatek computer vision team; It has the ability to detect suspicious vehicles, people and plates. In this way, it has the ability to ensure security at the border, in the city."
"Is there a project at Yongatek that can identify suspicious individuals, cars, and descriptions?","Indeed, the Yongatek machine vision team can identify suspicious people, cars, and license plates. It is capable of guaranteeing border and city security in this manner."
"Is there a project at Yongatek that can identify suspicious individuals, cars, and descriptions?","Indeed, the Yongatek machine vision team can identify suspicious people, cars, and license plates. It is capable of guaranteeing border and city security in this manner."
"Is Yongatek working on a project that can recognize suspicious people, vehicles, and descriptions?","The Yongatek machine vision team can, in fact, recognize suspicious license plates, vehicles, and individuals. In this way, it can ensure the security of the city and the border."
What regions and sectors does yongatek focus on?,"yongatek focuses on sectors like telecommunications, defense, industrial automation, and satellite communications, operating in both domestic and international markets."
Which areas and industries does Yongatek prioritize?,"Yongatek operates in both domestic and foreign markets and focuses on industries like as satellite communications, industrial automation, defense, and telecommunications."
Which areas and industries does Yongatek prioritize?,"Yongatek operates in both domestic and foreign markets and focuses on industries like as satellite communications, industrial automation, defense, and telecommunications."
Which businesses and sectors does Yongatek prioritize?,"With a focus on sectors such satellite communications, industrial automation, defense, and telecommunications, Yongatek operates in both domestic and international markets."
Does yongatek’s service list include consulting?,"Consulting is one of yongatek’s specialties, focusing on crafting solutions that address client-specific needs."
Is consulting included in Yongatek's list of services?,"One of Yongatek's specializations is consulting, with an emphasis on developing solutions that cater to the needs of individual clients."
Is consulting included in Yongatek's list of services?,"One of Yongatek's specializations is consulting, with an emphasis on developing solutions that cater to the needs of individual clients."
What industries are targeted by the centik microcontroller?,"The centik microcontroller is designed for applications in industries such as medical, wearables, motor control, smart home, household appliances, industrial automation, IoT, and automotive."
Which industries does the Centik microcontroller target?,"Applications for the Centik microcontroller can be found in the medical, wearable, motor control, smart home, industrial automation, Internet of Things, and automotive sectors."
Which industries does the Centik microcontroller target?,"Applications for the Centik microcontroller can be found in the medical, wearable, motor control, smart home, industrial automation, Internet of Things, and automotive sectors."
Which industries are targeted by the Centik microcontroller?,"The medical, wearable, motor control, smart home, industrial automation, Internet of Things, and automotive industries are among the industries that use the Centik microcontroller."
What role does yongatek play in the evolution of 5G?,yongatek plays a crucial role in the evolution of 5G by designing hybrid beamforming modules and LDPC encoder/decoder systems to optimize communication infrastructure.
How does Yongatek contribute to the development of 5G?,"By creating hybrid beamforming modules and LDPC encoder/decoder systems to maximize communication infrastructure, Yongatek plays a critical part in the development of 5G."
How does Yongatek contribute to the development of 5G?,"By creating hybrid beamforming modules and LDPC encoder/decoder systems to maximize communication infrastructure, Yongatek plays a critical part in the development of 5G."
What role does Yongatek play in the advancement of 5G?,Yongatek contributes significantly to the development of 5G by developing hybrid beamforming modules and LDPC encoder/decoder systems to optimize communication infrastructure.
What is the duration of the project between yongatek and Arçelik?,"The project between yongatek and Arçelik is set for a two-year duration.Arçelik and yongatek will collaborate for a period of two years on the design of domestic and national chips, in accordance with the investments provided by the Turkish Ministry of Technology and Industry."
How long will the project between Yongatek and Arçelik last?,"The two-year project between Yongatek and Arçelik is scheduled to take place.According to the investments made by the Turkish Ministry of Technology and Industry, Arçelik and Yongatek will work together for two years on the creation of domestic and national chips."
How long will the project between Yongatek and Arçelik last?,"The two-year project between Yongatek and Arçelik is scheduled to take place.According to the investments made by the Turkish Ministry of Technology and Industry, Arçelik and Yongatek will work together for two years on the creation of domestic and national chips."
How long will Yongatek and Arçelik's project last?,"The project between Yongatek and Arçelik is expected to be completed in two years.Arçelik and Yongatek will collaborate for two years on the development of domestic and national chips, in accordance with the investments made by the Turkish Ministry of Technology and Industry."
Where is yongatek Microelectronics located?,"yongatek has two office locations: one in Istanbul and another in Ankara Hacettepe Technopark.yongatek's Istanbul office primarily hosts the core team, while project development activities are conducted in the Ankara office. Members from both offices contribute to all projects undertaken by the company."
Yongatek Microelectronics is situated where?,"Yongatek has two offices: one in Ankara Hacettepe Technopark and one in Istanbul.The core team is mostly based in Yongatek's Istanbul office, while project development work is carried out at the Ankara office. Members from both offices participate in all of the company's endeavors."
Yongatek Microelectronics is situated where?,"Yongatek has two offices: one in Ankara Hacettepe Technopark and one in Istanbul.The core team is mostly based in Yongatek's Istanbul office, while project development work is carried out at the Ankara office. Members from both offices participate in all of the company's endeavors."
Where exactly is Yongatek Microelectronics located?,"Yongatek has two offices: one in Istanbul and one in Ankara's Hacettepe Technopark.While project development work is done at the Ankara office, the core team is mostly headquartered in Yongatek's Istanbul location. All of the company's activities involve members from both offices."
What is the importance of power efficiency in microcontrollers?,"Power efficiency is crucial in microcontrollers, especially in battery-operated devices, as it helps extend battery life and ensures that the device can operate reliably for longer periods without frequent recharging."
How important is microcontroller power efficiency?,"Because it helps prolong battery life and guarantees that the device can function dependably for extended periods of time without frequent recharging, power efficiency is essential in microcontrollers, particularly in battery-operated gadgets."
How important is microcontroller power efficiency?,"Because it helps prolong battery life and guarantees that the device can function dependably for extended periods of time without frequent recharging, power efficiency is essential in microcontrollers, particularly in battery-operated gadgets."
How important is microcontroller power efficiency?,"Because it helps prolong battery life and guarantees that the device can function dependably for extended periods of time without frequent recharging, power efficiency is essential in microcontrollers, particularly in battery-operated gadgets."
Can you describe the kirmik SoC?,"Yes, I can.The kirmik SoC is a specialized System-on-Chip developed by yongatek for high-performance embedded systems."
Is it possible for you to explain the Kirmik SoC?,"Yongatek created the kirmik SoC, a specialized System-on-Chip for high-performance embedded applications."
Is it possible for you to explain the Kirmik SoC?,"Yongatek created the kirmik SoC, a specialized System-on-Chip for high-performance embedded applications."
What technology does yongatek's KIVA project use?,"yongatek's KIVA SoC is based on TSMC 22nm technology and includes a 4K image processor, a 4 TOPS neural network processing unit, and a H.265 Video Codec for smart city applications."
What technology is used in Yongatek's KIVA project?,"With a 4K image processor, a 4 TOPS neural network processing unit, and an H.265 video codec for smart city applications, Yongatek's KIVA SoC is built on TSMC 22nm technology."
What technology is used in Yongatek's KIVA project?,"With a 4K image processor, a 4 TOPS neural network processing unit, and an H.265 video codec for smart city applications, Yongatek's KIVA SoC is built on TSMC 22nm technology."
What technology is employed in the KIVA project by Yongatek?,"Yongatek's KIVA SoC is based on TSMC 22nm technology and features a 4K image processor, a 4 TOPS neural network processing unit, and an H.265 video codec for smart city applications."
How is yongatek involved in AI advancements?,yongatek is involved in AI advancements through the design of AI accelerators that enhance the efficiency of machine learning tasks in edge and cloud environments.
How does Yongatek contribute to the development of AI?,Yongatek contributes to the development of AI by creating AI accelerators that improve the effectiveness of machine learning jobs in cloud and edge environments.
How does Yongatek contribute to the development of AI?,Yongatek contributes to the development of AI by creating AI accelerators that improve the effectiveness of machine learning jobs in cloud and edge environments.
How does Yongatek advance artificial intelligence?,"By developing AI accelerators that increase the efficiency of machine learning tasks in cloud and edge contexts, Yongatek advances artificial intelligence."
Can you tell me about the focus of yongatek's technology projects?,"Sure.Yongatek focuses its technology projects on communication, computer vision, and chip design."
What is the main focus of Yongatek's technological initiatives?,"Yes.Chip design, computer vision, and communication are the main areas of concentration for Yongatek's technological initiatives."
What is the main focus of Yongatek's technological initiatives?,"Yongatek concentrates its technological endeavors on semiconductor design, computer vision, and communication."
What are Yongatek's projects mostly focused on?,"Yongatek focuses its technological efforts on communication, computer vision, and semiconductor design."
What method does yongatek use to execute AI algorithms in computer vision?,Yongatek employs edge computing to run AI algorithms efficiently using Nvidia’s embedded computing cards integrated into camera systems.
What approach does Yongatek employ to implement AI algorithms in computer vision?,"Using Nvidia's embedded computer cards built into camera systems, Yongatek uses edge computing to effectively execute AI algorithms."
What approach does Yongatek employ to implement AI algorithms in computer vision?,"By integrating Nvidia's embedded computing cards into camera systems, Yongatek uses edge computing to effectively execute AI algorithms."
What methodology does Yongatek use to apply artificial intelligence algorithms to computer vision?,Yongatek leverages edge computing to efficiently implement AI algorithms by incorporating Nvidia's embedded computer cards into camera systems.
Does yongatek offer consulting services?,Yes they do.Yongatek delivers customized technology consulting solutions tailored to the unique requirements of its clients across various sectors.
Is there consultancy available from Yongatek?,"Indeed, they do.Yongatek provides specialized technology consulting services that are suited to the particular needs of its clients in a range of industries."
Is there consultancy available from Yongatek?,"Indeed, they do.Yongatek provides specialized technology consulting services that are suited to the particular needs of its clients in a range of industries."
Is Yongatek offering consulting services?,"Yes, they do.Yongatek offers tailored technology consulting services to meet the specific requirements of its customers across a variety of sectors."
Can you tell me how to contact yongatek?,"Yes, I can. Yongatek can be contacted through their offices, one located in Istanbul and another in Ankara Hacettepe Technopark."
Could you please inform me how to get in touch with Yongatek?,"I can, indeed. Yongatek's offices in Ankara Hacettepe Technopark and Istanbul are the places to get in touch with them."
Can you describe the company yongatek Microelectronics?,"Sure.Yongatek Microelectronics is a technology-driven company specializing in microelectronics, hardware, and software development. It focuses on engineering and R&D, designing custom electronic systems and innovative tech solutions. The company serves sectors like telecommunications, defense, IoT, and satellite communications, with expertise in ASIC/FPGA design, video processing, 5G technologies, and AI. yongatek is dedicated to advancing cutting-edge technology globally."
Could you give a brief overview of Yongatek Microelectronics?,"Yes.Yongatek Microelectronics is a technology-driven business with a focus on software, hardware, and microelectronics development. It focuses on R&D and engineering, creating unique electrical systems and cutting-edge technological solutions. The company, which specializes in ASIC/FPGA design, video processing, 5G technologies, and artificial intelligence, serves industries such as satellite communications, IoT, defense, and telecommunications. Yongatek is committed to promoting cutting-edge technology around the world."
Could you give a brief overview of Yongatek Microelectronics?,"Sure.A technology-driven business, Yongatek Microelectronics focuses on developing hardware, software, and microelectronics. It focuses on R&D and engineering, creating unique electrical systems and cutting-edge technological solutions. The company, which specializes in ASIC/FPGA design, video processing, 5G technologies, and artificial intelligence, serves industries such as satellite communications, IoT, defense, and telecommunications. Yongatek is committed to promoting cutting-edge technology around the world."
Could you provide a synopsis of Yongatek Microelectronics?,"Yes.Yongatek Microelectronics is a technology-driven company that specializes in creating microelectronics, software, and hardware. It focuses on engineering and research and development, developing innovative electrical systems and state-of-the-art technological solutions. Serving sectors like satellite communications, the Internet of Things, defense, and telecommunications, the company specializes in ASIC/FPGA design, video processing, 5G technologies, and artificial intelligence. Yongatek is dedicated to advancing innovative technology globally."
How are AI algorithms applied in yongatek’s computer vision systems?,"Yongatek applies AI algorithms in its computer vision systems by leveraging edge computing, utilizing Nvidia’s embedded systems to optimize camera-based image processing tasks."
How do Yongatek's computer vision systems use AI algorithms?,"In order to optimize camera-based image processing operations, Yongatek uses edge computing and Nvidia's embedded systems to implement AI algorithms in its computer vision systems."
How do Yongatek's computer vision systems use AI algorithms?,"In order to optimize camera-based image processing operations, Yongatek uses edge computing and Nvidia's embedded systems to implement AI algorithms in its computer vision systems."
How are AI algorithms used in Yongatek's computer vision systems?,Yongatek integrates AI algorithms into its computer vision systems using edge computing and Nvidia's embedded systems to optimize camera-based image processing activities.
What types of IoT projects does yongatek provide?,"Yongatek provides IoT technologies like Smart Dose and Countera, catering to industrial and smart measurement sectors."
Yongatek offers what kinds of IoT projects?,Yongatek serves the industrial and smart measurement sectors by offering IoT solutions such as Countera and Smart Dose.
Yongatek offers what kinds of IoT technologies?,Yongatek serves the industrial and smart measurement sectors by offering IoT solutions such as Smart Dose and Countera.
What types of IoT technology does Yongatek offer?,Yongatek provides IoT solutions like Smart Dose and Countera to the industrial and smart measurement industries.
What is yongatek's vision for the future of Turkey’s semiconductor industry?,Yongatek aims to make Turkey a leading player in the global semiconductor market.
How does Yongatek envision the semiconductor sector in Turkey developing?,Yongatek wants to establish Turkey as a major force in the world market for semiconductors.
How does Yongatek envision the semiconductor sector in Turkey developing?,Yongatek wants to establish Turkey as a major force in the world market for semiconductors.
How does Yongatek see the Turkish semiconductor industry evolving?,Yongatek hopes to make Turkey a dominant player in the global semiconductor business.
What type of company is yongatek Microelectronics?,"Yongatek Microelectronics is a technology-focused company specializing in microelectronics, hardware, and software development. It operates as an engineering and R&D company, emphasizing the design and development of custom electronic systems and innovative technology solutions. yongatek serves industries such as telecommunications, defense, IoT, and satellite communications, with expertise in ASIC/FPGA design, video processing, 5G technologies, and artificial intelligence. It is committed to advancing cutting-edge technology, both locally and globally."
Yongatek Microelectronics is what kind of business?,"Yongatek Microelectronics is a technology-driven business with a focus on software, hardware, and microelectronics development. It functions as an engineering and research and development firm that focuses on creating unique electrical systems and cutting-edge technological solutions. With experience in ASIC/FPGA design, video processing, 5G technologies, and artificial intelligence, Yongatek supports sectors including satellite communications, IoT, defense, and telecommunications. It is dedicated to promoting state-of-the-art technology both domestically and internationally."
Yongatek Microelectronics is what kind of business?,"Yongatek Microelectronics is a technology-driven business with a focus on software, hardware, and microelectronics development. It functions as an engineering and research and development firm that focuses on creating unique electrical systems and cutting-edge technological solutions. With experience in ASIC/FPGA design, video processing, 5G technologies, and artificial intelligence, Yongatek supports sectors including satellite communications, IoT, defense, and telecommunications. It is dedicated to promoting state-of-the-art technology both domestically and internationally."
What kind of company is Yongatek Microelectronics?,"Yongatek Microelectronics is a technology-driven company that specializes in developing hardware, software, and microelectronics. It operates as an engineering and research and development company that specializes in developing innovative technology solutions and distinctive electrical systems. Yongatek serves industries like satellite communications, the Internet of Things, defense, and telecommunications with expertise in ASIC/FPGA design, video processing, and 5G technologies. It is committed to advancing cutting-edge technologies both at home and abroad."
With which businesses and governmental entities does Yongatek work?,Yongatek works with organizations such as the Ministry of Industry and Technology and Arçelik.
Has yongatek gained any notable awards?,yongatek’s innovative projects have been honored with awards that underscore its technological excellence in Turkey.
Has Yongatek received any noteworthy honors?,"Yongatek has received prizes for its creative projects, demonstrating its technological superiority in Turkey."
Which companies and government institutions does yongatek partner with?,yongatek collaborates with companies such as Arçelik and government organizations like the Ministry of Industry and Technology.
With which businesses and governmental organizations does Yongatek collaborate?,Yongatek works with government agencies like the Ministry of Industry and Technology as well as businesses like Arçelik.
How does yongatek improve machine learning task processing?,yongatek improves machine learning task processing by designing AI accelerators that work efficiently in both edge and cloud environments.
How does Yongatek enhance the processing of machine learning tasks?,"By creating AI accelerators that function well in edge and cloud environments, Yongatek enhances machine learning task processing."
What kind of impact does yongatek aim to make?,yongatek aims to make a significant impact by fostering technological innovation and enhancing Turkey’s high-tech ecosystem.
What is the intended impact of Yongatek?,"By encouraging technical innovation and strengthening Turkey's high-tech ecosystem, Yongatek hopes to have a big influence."
Where is yongatek Microelectronics based?,"yongatek is based in Turkey. They have both office in Ankara and İstanbul.yongatek has two office locations: one in Istanbul and another in Ankara Hacettepe Technopark.yongatek's Istanbul office primarily hosts the core team, while project development activities are conducted in the Ankara office. Members from both offices contribute to all projects undertaken by the company."
Yongatek Microelectronics is located where?,"The headquarters of Yongatek are in Turkey. They have offices in Istanbul and Ankara.Yongatek has two offices: one in Ankara Hacettepe Technopark and one in Istanbul.The core team is mostly based in Yongatek's Istanbul office, while project development work is carried out at the Ankara office. Members from both offices participate in all of the company's endeavors."
How is the KIVA SoC tailored for traffic monitoring applications?,"The KIVA SoC includes a 1GHz quad-core CPU, object tracking at 4TOPS, H.265 compression, and DDR4 memory to optimize performance for surveillance and monitoring tasks."
How is the KIVA SoC designed for applications involving traffic monitoring?,"To maximize speed for surveillance and monitoring operations, the KIVA SoC has a 1GHz quad-core CPU, object tracking at 4TOPS, H.265 compression, and DDR4 memory."
In which sectors does yongatek provide expertise?,"Yongatek provides expertise in sectors like consumer electronics, communication, automotive, and industrial automation."
What industries does Yongatek offer expertise in?,"Consumer electronics, communication, automotive, and industrial automation are among the industries in which Yongatek specializes."
What types of applications is the centik microcontroller intended for?,"centik is intended for applications in sectors like medical, wearables, motor control, smart home, household appliances, industrial automation, IoT, and automotive."
What kinds of applications are the Centik microcontroller designed to be used for?,"centik is designed for usage in industries such as wearables, automotive, smart home, automation in factories, wearables, motor control, and the Internet of Things."
What job roles are available in yongatek?,"yongatek has job roles such as Communications Embedded Software Design Engineers, Digital Design Engineers, Project Engineers, Computer Vision Engineers, Software Engineers, and internship opportunities."
What positions are open at Yongatek?,"Yongatek offers internships and positions as a communications embedded software design engineer, digital design engineer, project engineer, computer vision engineer, and software engineer."
What are yongatek and Arçelik working on together?,They are working on the development of local chips for household products and electronics.
What is the YONGA Turbo Encoder used for in communication systems?,The YONGA Turbo Encoder is used to ensure error correction and maintain reliability in high-speed data communication.
What is the purpose of the YONGA Turbo Encoder in communication systems?,"In high-speed data transmission, the YONGA Turbo Encoder is employed to guarantee mistake correction and uphold dependability."
What areas are covered by yongatek's projects?,"yongatek covers projects something like;satellite communication, computer vision, and chip-fpga design."
In which fields are Yongatek's projects focused?,"Yongatek works on initiatives related to chip-fpga design, computer vision, and satellite communication."
How does yongatek differentiate itself from other tech firms?,"yongatek stands out with its expertise in custom microelectronics, cutting-edge designs, and compliance with global standards."
What sets Yongatek apart from other tech companies?,"Yongatek distinguishes itself with its proficiency in bespoke microelectronics, innovative designs, and adherence to international standards."
Where do the computer vision team at yongatek run their AI algorithms?,"yongatek’s computer vision team runs AI algorithms using Nvidia’s embedded computing systems integrated into camera systems, providing more cost-effective and efficient solutions through edge computing."
Where are the AI algorithms used by Yongatek's computer vision team?,"Yongatek's computer vision team uses Nvidia's embedded computing systems incorporated into camera systems to execute AI algorithms, offering edge computing solutions that are more economical and effective."
How does yongatek's video enhancement technology handle atmospheric turbulence?,"It mitigates distortions caused by atmospheric conditions, improving video quality in adverse environments."
How is air turbulence handled by Yongatek's video enhancing technology?,"By reducing ambient aberrations, it enhances video quality in challenging settings."
What are the benefits of using SoCs in modern electronics?,"SoCs offer compactness, energy efficiency, and cost savings by integrating several components into a single chip, making them ideal for applications like smartphones, wearables, and IoT devices."
What advantages does the use of SoCs in contemporary electronics offer?,"By combining several components into a single chip, SoCs provide cost savings, energy efficiency, and compactness, which makes them perfect for wearables, smartphones, and Internet of Things devices."
What innovations in 5G NR technology has yongatek developed?,yongatek develops 5G NR LDPC encoders/decoders and hybrid beamforming for distributed and radio units to enhance communication efficiency.
What advancements has Yongatek made in 5G NR technology?,"To improve communication efficiency, Yongatek creates hybrid beamforming and 5G NR LDPC encoders/decoders for distributed and radio units."
"What is Countera, and how does it relate to yongatek's IoT projects?",yongatek has Countera project in such area. Countera is a fish farming solution to count various species and various sizes of fishes on the field. Our product Countera can easily be integrated onto existing fish farming tools like grading machines and fish pumps. Countera has been designed to work on various fish farming environments such as cages. Ease of use and ability to connect to the cloud-based systems makes Countera perfect solution for modern industrial applications. AI assisted computer vision algorithm was specially designed for the Countera to eliminate any kind of error.
"What is Countera, and what is its connection to Yongatek's Internet of Things initiatives?","In this area, Yongatek has a Countera project. A fish farming system called Countera allows you to count different species and sizes of fish in the field. It is simple to incorporate our product Countera into already-existing fish farming equipment, such as fish pumps and grading machines. Countera is made to function in a variety of fish farming settings, including cages. Countera is the ideal answer for contemporary industrial applications because to its ease of use and compatibility with cloud-based systems. The Countera's AI-assisted computer vision technology was specifically created to remove any errors."
What video processing technologies has yongatek developed?,yongatek has developed the 'izci' video tracking system and Atmospheric Turbulence Mitigation technology to improve video clarity in challenging conditions.
What technology has Yongatek created for video processing?,"For better video clarity in difficult circumstances, Yongatek has created the 'izci' video tracking system and Atmospheric Turbulence Mitigation technology."
How does yongatek stand out in the tech industry?,yongatek is recognized for its advanced microelectronics and its commitment to innovation and global standards.
In what ways does Yongatek distinguish itself in the tech sector?,Yongatek is renowned for its cutting-edge microelectronics as well as its dedication to global standards and innovation.
What does yongatek envision for the future of chip production?,yongatek aims to position Turkey as a key player in the global semiconductor market.
How does Yongatek see the chip manufacturing industry developing?,Yongatek wants to establish Turkey as a major force in the worldwide semiconductor industry.
How does the gozet efficiency in border security?,"The gozet efficiency by using AI to process data in real time, ensuring that only important information is transmitted. This reduces communication loads and increases system speed. It provides real-time tracking of suspicious people and vehicles and secures critical infrastructure, making it an effective tool for border security in harsh environments."
How effective is Gozet for border security?,"By processing data in real time using AI, Gozet efficiency makes sure that only crucial information is sent. This speeds up the system and lowers communication loads. It secures vital infrastructure and tracks suspicious individuals and vehicles in real time, making it a useful tool for border protection in hostile circumstances."
What does KIVA stand for in yongatek's project?,"KIVA stands for kirmik Intelligent Video Analytics. It is a next-generation AI solution for smart city applications with features like a 4K image processor, a 4 TOPS NPU, and a H.265 Video Codec. Production is planned for 2024 with TSMC 22nm technology."
"In Yongatek's project, what does KIVA mean?","Kirmik Intelligent Video Analytics is what KIVA stands for. With capabilities including a 4K image processor, a 4 TOPS NPU, and an H.265 Video Codec, it is a next-generation AI solution for smart city applications. Production using TSMC 22nm technology is scheduled for 2024."
How does the AVCI project support the defense industry?,"The AVCI project supports the defense industry by accurately calculating the speed, position, potential drop points, and destruction of ammunition, developed by yongatek’s computer vision unit."
How does the military sector benefit from the AVCI project?,"The AVCI project, created by Yongatek's computer vision team, aids the defense sector by precisely determining the velocity, location, possible drop places, and destruction of munitions."
How does yongatek contribute to sustainable technology?,"yongatek develops energy-efficient and environmentally friendly solutions, particularly in IoT and communication technologies."
What role does Yongatek play in sustainable technology?,"Yongatek creates eco-friendly and energy-efficient solutions, especially in the fields of communication and the Internet of Things."
Why is the centik project important for yongatek?,"centik represents Turkey’s first commercial microcontroller, developed by yongatek. It integrates a 32-bit RISC-V processor and various peripherals, aiming at applications in robotics, home automation, and motor control."
What makes Yongatek's Centik project significant?The,"centik, created by Yongatek, is Turkey's first commercial microcontroller. With a 32-bit RISC-V processor and a number of peripherals, it is designed for robotics, home automation, and motor control applications."
What is the expected outcome of yongatek's local chip design project?,yongatek's local chip prototype design chips are planned to be completed by 2025.
What is Yongatek's local chip design initiative likely to produce?,"By 2025, Yongatek's local chip prototype design is expected to be finished."
How does yongatek enhance AI capabilities?,yongatek enhances AI capabilities by designing AI accelerators that enable efficient machine learning processing for both edge and cloud-based systems.
In what ways does Yongatek improve AI?,"By creating AI accelerators that facilitate effective machine learning processing for edge and cloud-based systems, Yongatek expands the potential of artificial intelligence."
What is Countera and why is it important for industrial and consumer applications?,"Countera, developed by yongatek, is a precise measurement system crucial for ensuring accurate results in both industrial and consumer contexts."
"What exactly is Countera, and what makes it crucial for consumer and industrial applications?",Yongatek's Countera is a precise measurement device that is essential for guaranteeing accurate findings in both consumer and industrial settings.
What technologies does yongatek provide for defense purposes?,"For instance, the Gozet project enhances border security through the deployment of smart cameras and end devices that are capable of detecting suspicious individuals, vehicles, license plates, and descriptions, while concurrently executing artificial intelligence algorithms. Additionally, the project has demonstrated notable success in the field of security by performing comprehensive due diligence in urban areas."
What defense-related technologies does Yongatek offer?,"The Gozet project, for example, improves border security by deploying smart cameras and end devices that can identify suspicious people, cars, license plates, and descriptions while also running artificial intelligence algorithms. Furthermore, by conducting thorough due diligence in metropolitan regions, the initiative has shown noteworthy achievement in the security domain."
How does Yongatek contribute to defense technologies?,"Yongatek can contribute to defense industry with their projects. Gozet project could be the one of the significant project for defense related project. Gozet project enhances defense capabilities by utilizing advanced smart cameras and devices to detect suspicious individuals, vehicles, and license plates. It also integrates artificial intelligence algorithms for real-time analysis, and has proven effective in urban security operations through extensive due diligence."
What role does Yongatek play in military technology?,"Yongatek's projects can benefit the defense industry. The Gozet project may be one of the most important defense-related initiatives. By using cutting-edge smart cameras and gadgets to identify suspicious people, cars, and license plates, the Gozet project improves defense capabilities. Following thorough due diligence, it has demonstrated efficacy in urban security operations and incorporates artificial intelligence algorithms for real-time analysis."
What role does the Gozet project play in security applications?,"The Gozet initiative plays a crucial role in strengthening border security by deploying intelligent cameras and devices capable of identifying suspicious people, vehicles, and license plates. Its AI-driven algorithms contribute to security efforts, and its effectiveness has been demonstrated through diligent work in urban environments."
What technologies are utilized by Yongatek for improving border safety?,"Yongatek’s border safety solutions, such as the Gozet project, utilize smart cameras and IoT devices that detect unusual activity, including suspicious persons, vehicles, and license plates. The system leverages AI algorithms and has achieved substantial success in urban security operations by performing thorough due diligence."
What roles can one apply for at yongatek?,"Roles at yongatek include Communications Embedded Software Design Engineers, Digital Design Engineers, Project Engineers, Computer Vision Engineers, Software Engineers, and intern positions."
What positions at Yongatek are open to applicants?,"Project engineers, computer vision engineers, communications embedded software design engineers, digital design engineers, software engineers, and interns are among the roles at Yongatek."
What are yongatek’s primary goals?,"Yongatek's primary goal is to conduct R&D for developing new solutions, reducing reliance on external sources, and offering cutting-edge technologies while focusing on innovation and human talent."
What are the main objectives of Yongatek?,"With an emphasis on innovation and human skill, Yongatek's main objective is to carry out research and development in order to create new solutions, lessen dependency on outside sources, and provide cutting-edge technologies."
What are the main business focuses of yongatek Microelectronics?,"yongatek's business focus is on microelectronics, with special emphasis on ASIC/FPGA development, IoT, communication systems, and video enhancement technology."
What are Yongatek Microelectronics' primary business areas?,"Microelectronics, specifically ASIC/FPGA development, IoT, communication systems, and video enhancement technology, are the main business areas of Yongatek."
What IoT solutions does yongatek offer?,"yongatek has solutions in the IoT area.For instance;yongatek offers Countera project.The Countera project was developed to address the issues faced in fish farms due to manual fish counting during procurement. It utilizes a camera and an end device to count the fish passing over the system. As a result, errors caused by miscalculations, such as over- or under-counting during the procurement process, are eliminated."
What IoT solutions are available from Yongatek?,"Yongatek offers IoT-related solutions.Yongatek provides the Countera project, for example.To solve the problems in fish farms caused by manual fish counting during procurement, the Countera project was created. It counts the number of fish that pass over the system using an end device and a camera. Errors brought on by incorrect estimates, like over- or under-counting during the purchase process, are thus avoided."
What is the focus of yongatek's projects?,"yongatek focuses on developing projects in communication, computer vision, and chip design.yongatek's business focus is on microelectronics, with special emphasis on ASIC/FPGA development, IoT, communication systems, and video enhancement technology."
What are Yongatek's projects focused on?,"Yongatek specializes on creating initiatives related to chip design, computer vision, and communication.Microelectronics, specifically ASIC/FPGA development, IoT, communication systems, and video enhancement technology, are the main business areas of Yongatek."
Can you describe the centik project developed by yongatek?,"Sure.Centik is a microcontroller based on RISC-V architecture, designed for low-cost control systems, and is intended to be manufactured using TSMC 55nm technology."
Can you explain the Centik project that Yongatek created?,Yes.The RISC-V based Centik microcontroller is made for low-cost control systems and is meant to be produced with TSMC 55nm technology.
What does the Li-Fi modem developed by yongatek do?,"yongatek Li-fi modem enables high-speed wireless communication using visible light.yongatek’s Li-Fi modem facilitates high-speed wireless communication by utilizing visible light as the transmission medium. This technology leverages the wide bandwidth available in the visible light spectrum, enabling faster data transmission rates compared to traditional radio frequency-based communication methods, such as Wi-Fi. By modulating light signals at high speeds, the modem can transmit large volumes of data efficiently, ensuring low latency and high throughput. Additionally, Li-Fi offers the benefit of enhanced security, as light waves are confined to the area in which they are emitted, making the communication less susceptible to external interference or unauthorized access."
What is the function of Yongatek's Li-Fi modem?,"High-speed wireless communication utilizing visible light is made possible by the Yongatek Li-fi modem.Yongatek's Li-Fi modem uses visible light as the transmission channel to enable fast wireless connection. Compared to conventional radio frequency-based communication techniques like Wi-Fi, this technology uses the visible light spectrum's large bandwidth to enable higher data transmission speeds. The modem can effectively send massive amounts of data by modulating light signals at fast rates, guaranteeing low latency and high throughput. Li-Fi also has the advantage of increased security because light waves are limited to the region in which they are released, reducing the possibility of outside interference or illegal access."
Where are the chips designed by yongatek used?,"Domestic chips, developed through a project supported by the Ministry of Industry and Technology, are being applied in Arçelik's white goods, consumer electronics, and kitchen accessories."
Where are Yongatek-designed chips used?,"Arçelik's white goods, consumer electronics, and kitchen accessories use domestic chips that were created as part of a Ministry of Industry and Technology-sponsored project."
What does yongatek izci project track?,"yongatek's izci project tracks objects in video streams, primarily for surveillance and defense applications."
What is the track of the Yongatek Izci project?,"The izci project by Yongatek tracks objects in video streams, mainly for military and surveillance purposes."
What is the focus of the yongatek-Arçelik collaboration?,yongatek and Arçelik are collaborating to design domestic chips for white goods and consumer electronics.
What is the AVCI project?,"The AVCI project was developed by the computer vision unit of the yongatek company. It is a test project for systems that calculate the speed, position, potential drop point, and destruction of ammunition. Additionally, it can be used in the entertainment industry, particularly for scoring systems on polygons."
What is the project called AVCI?,"The Yongatek company's computer vision unit created the AVCI project. It is a test project for systems that determine ammunition's position, speed, possible drop spot, and destruction. It can also be applied in the entertainment sector, namely for polygon scoring systems."
What is the objective of the AVCI project developed by Yongatek?,"The AVCI project, initiated by Yongatek’s computer vision division, aims to test systems that analyze the trajectory, speed, possible drop zones, and destruction of ammunition. It is also adaptable for use in the entertainment industry, including applications like polygon scoring systems."
How does the AVCI project enhance tracking capabilities?,"The AVCI project, developed by Yongatek’s computer vision unit, enhances tracking capabilities by testing systems that determine the position, speed, potential drop site, and destruction of ammunition. It is also applicable in the entertainment field, particularly for polygon scoring systems."
What is the significance of the AVCI project for Yongatek?,"The AVCI project, created by Yongatek’s computer vision team, is significant for its role in testing systems that track the position, speed, possible drop locations, and destruction of ammunition. Additionally, it has been adapted for use in the entertainment industry, particularly in polygon scoring systems."
Does yongatek focus on international markets?,"Yes, yongatek creates solutions that align with global standards, making their products suitable for international markets."
Is Yongatek concentrating on global markets?,"Yes, Yongatek develops solutions that meet international standards, which enables their products to be sold in other countries."
Why was izci developed?,izci was developed by yongatek because to improve real-time video quality and facilitate object tracking in surveillance and defense environments.
Why did Izci get its start?,Yongatek created izci to enhance real-time video quality and make object tracking easier in defense and surveillance settings.
What IoT innovations has yongatek developed?,yongatek has developed IoT innovations such as Smart Dose for automated dosing and Countera for precision measurement.
What advancements in IoT has Yongatek created?,Yongatek has created Internet of Things inventions including Countera for accurate measuring and Smart Dose for automatic dosage.
In what areas does yongatek surpass its competitors?,yongatek’s innovative custom microelectronics and adherence to international standards position it ahead.
Where does Yongatek outperform its rivals?,Yongatek is positioned ahead due to its revolutionary custom microelectronics and adherence to international standards.
What is the Turkish government’s contribution to yongatek’s work?,"Through the HIT-30 program, yongatek gets financial and technical support for chip design and production."
Can you provide detailed information about yongatek and its projects?,"Yes, I can. Yongatek Microelectronics has been advancing Turkey's capabilities in microelectronics since its establishment in 2014. It is responsible for creating centik a national microcontroller chip, kirmik, a video processing chip, and SAKA, a hardware-programmable chip. centik designed for controlling electronic devices, is now in production for global markets, with the first shipment ready for Dubai-based clients. This marks a significant milestone in exporting Turkey-made microcontrollers."
Could you give me some details on Yongatek and its initiatives?,"I can, indeed. Since its founding in 2014, Yongatek Microelectronics has been developing Turkey's microelectronics capabilities. It is in charge of producing the hardware-programmable SAKA chip, the video processing chip Kirmik, and the national microcontroller Centik. Centik, which was created to control electronic gadgets, is currently being produced for international markets, and the first shipment is prepared for customers in Dubai. This is a major turning point in the export of microcontrollers manufactured in Turkey."
What is the focus of yongatek’s technology portfolio expansion?,"yongatek is expanding its portfolio by emphasizing AI acceleration, IoT innovations, and advanced communication technologies."
What is the main goal of Yongatek's expansion of its technological portfolio?,"Yongatek is diversifying its offerings by focusing on sophisticated communication technologies, IoT advancements, and AI acceleration."
Who are the main collaborators of yongatek?,yongatek works with companies such as Arçelik and government organizations like the Ministry of Industry and Technology.
Is there a communication-focused project from yongatek?,"Yes, yongatek's ""DVB-RCS and DVB-RCS2 Turbo Encoder/Decoder"" project focuses on communication systems. It features forward error correction (FEC) technologies and supports various modulation schemes, making it suitable for modern communication infrastructure."
Is Yongatek working on a project that focuses on communication?,"Yes, for instance; communication systems are the main emphasis of Yongatek's ""DVB-RCS and DVB-RCS2 Turbo Encoder/Decoder"" project. It is appropriate for contemporary communication infrastructure since it supports a variety of modulation schemes and incorporates forward error correction (FEC) technology."
What industries does yongatek cater to?,"The company serves industries such as telecommunications, defense, industrial automation, and satellite communications across local and international markets."
How does the YONGA SERV Accelerator improve performance?,The YONGA SERV Accelerator improves performance by accelerating machine learning and AI computations for edge devices.
How is performance enhanced by the YONGA SERV Accelerator?,"By speeding up machine learning and artificial intelligence calculations for edge devices, the YONGA SERV Accelerator enhances performance."
What IoT project is yongatek currently working on?,For example; Yongatek has Countera project in such area. Countera is a fish farming solution to count various species and various sizes of fishes on the field. Our product Countera can easily be integrated onto existing fish farming tools like grading machines and fish pumps. Countera has been designed to work on various fish farming environments such as cages. Ease of use and ability to connect to the cloud-based systems makes Countera perfect solution for modern industrial applications. AI assisted computer vision algorithm was specially designed for the Countera to eliminate any kind of error.
What Internet of Things project is Yongatek working on right now?,"Yongatek, for instance, has a Countera project in this field. A fish farming system called Countera allows you to count different species and sizes of fish in the field. It is simple to incorporate our product Countera into already-existing fish farming equipment, such as fish pumps and grading machines. Countera is made to function in a variety of fish farming settings, including cages. Countera is the ideal answer for contemporary industrial applications because to its ease of use and compatibility with cloud-based systems. The Countera's AI-assisted computer vision technology was specifically created to remove any errors."
What is the purpose of the local chip design collaboration between Arçelik and yongatek?,"The project focuses on creating domestic chips for white goods and consumer electronics, with a prototype expected by 2025."
What is the goal of Arçelik and Yongatek's local chip design collaboration?,"A prototype is anticipated by 2025, and the project's main goal is to develop homegrown chips for consumer electronics and white goods."
What kind of microcontroller is centik?,"Centik is a RISC-V based microcontroller, aimed at providing low-cost solutions for control systems, and will be fabricated using TSMC 55nm technology."
What is a centik microcontroller?,The RISC-V based Centik microcontroller will be manufactured on TSMC 55nm technology and is intended to offer affordable control system solutions.
Can you explain what the Centik microcontroller is?,"Yes, I can.The Centik microcontroller, built on RISC-V architecture, is set to be manufactured using TSMC’s 55nm technology, aiming to deliver cost-effective solutions for control systems."
What makes the Centik microcontroller unique?,"Centik, a microcontroller utilizing RISC-V architecture, stands out for its affordability and will be fabricated with TSMC 55nm technology for efficient control system applications."
What is the Centik microcontroller designed for?,"The Centik microcontroller, based on the RISC-V platform, will be manufactured using TSMC’s advanced 55nm process and is aimed at delivering economical solutions for automation and control systems."
What are the areas of technology yongatek focuses on?,"yongatek focuses on areas like ASIC/FPGA design, IoT, 5G systems, AI acceleration, video processing, and satellite communication."
Which sectors are the primary focus of yongatek?,"yongatek primarily focuses on communication, defense, industrial automation, and satellite communications markets, serving both domestic and global clients."
Which industries are Yongatek's main target areas?,"Yongatek serves both domestic and international clients, with a primary focus on the communication, defense, industrial automation, and satellite communications areas."
Can you explain the KIVA project by yongatek?,"Yes, I can. Yongatek's kirmik Intelligent Video Analytics (KIVA SoC is an AI-powered solution designed for smart city applications. It features a 4K-capable image processor (ISP), a 4 TOPS neural network processing unit (NPU), and a H.265 Video Codec. It is expected to be manufactured using TSMC 22nm technology in 2024."
Can you describe Yongatek's KIVA project?,"I can, indeed. For use in smart city applications, Yongatek's Kirmik Intelligent Video Analytics (KIVA SoC) is an AI-powered solution. It has an H.265 Video Codec, a 4 TOPS neural network processing unit (NPU), and an image processor (ISP) with 4K capabilities. In 2024, it is anticipated to be produced on TSMC 22nm technology."
Why is the YONGA Turbo Encoder important?,The YONGA Turbo Encoder is important for providing error correction and ensuring the reliability of high-speed data communication.
What is the significance of the YONGA Turbo Encoder?,Error correction and high-speed data communication dependability are two key functions of the YONGA Turbo Encoder.
Which devices employ the projects developed by yongatek?,"Chips designed with ministry support are applied in Arçelik's consumer electronics, kitchen tools, and white goods."
What does the AVCI project focus on?,"The AVCI project developed by yongatek's computer vision unit focuses on calculating the speed, position, potential drop point, and destruction of ammunition. It also has applications in the entertainment industry for scoring systems in polygon-based settings."
What is the main aim of the AVCI project?,"The goal of Yongatek's computer vision unit's AVCI project is to determine the ammunition's velocity, location, possible drop spot, and destruction. Applications for scoring systems in polygon-based environments can also be found in the entertainment sector."
How would you characterize the company yongatek?,"I can characterize Yongatek as a company primarily focused on FPGA and chip design, as well as on developing projects enhanced by robust artificial intelligence algorithms. Yongatek has plenty of projects in different areas. With its exceptional team of engineers, Yongatek has been developing highly successful projects in fields such as satellite communications, image processing, FPGA, and chip design."
What makes yongatek is a important company in Turkey?,"Actually, In contemporary technology, artificial intelligence algorithms are processed on platforms such as computers, workstations, and the cloud. However, the trajectory of technological advancement indicates that these highly functional AI algorithms will eventually operate on smaller mechanisms, such as chips. Keeping pace with these developments, Yongatek aims to optimize their AI algorithms to run on FPGAs, enabling the production of fast and scalable chips applicable across diverse fields, including defense, consumer electronics, and IoT."
What is the goal of Yongatek?,"In order to produce quick and scalable circuits that can be used in a variety of industries, such as consumer electronics, defense, and the Internet of Things, Yongatek hopes to optimize their AI algorithms to run on FPGAs."
Why is Yongatek a significant business in Turkey?,"Actually, platforms like computers, workstations, and the cloud are used to process artificial intelligence algorithms in modern technology. But given the rate of technological development, these incredibly powerful AI algorithms will soon run on smaller devices like chips. Yongatek wants to keep up with these advancements by optimizing their AI algorithms to operate on FPGAs, which will allow for the creation of quick and scalable chips that can be used in a variety of industries, such as consumer electronics, defense, and the Internet of Things."
What Does Yongatek want to do?,"Yongatek wants to optimize their AI algorithms to run on FPGAs, enabling the production of fast and scalable chips applicable across diverse fields, including defense, consumer electronics, and IoT."
What does Yongatek plan to achieve?,"Yongatek plans to refine its AI models to operate efficiently on FPGAs, facilitating the development of fast and versatile chips for applications in IoT, defense, and consumer electronics."
What does Yongatek aim to accomplish?,"Actually, Yongatek aims to ensure its AI algorithms run seamlessly on FPGAs, driving the production of efficient and scalable chips that cater to fields such as defense, IoT, and consumer electronics."
What does Yongatek intend to develop?,"Yongatek intends to develop advanced AI algorithms optimized for FPGAs, supporting the manufacture of fast and adaptable chips for use in defense, IoT, and consumer electronics."
What is the significance of the Li-Fi modem developed by yongatek?,It plays a role in enabling high-speed wireless communication using visible light.
What is the izci system developed by yongatek?,"izci is a video tracking system developed by yongatek to enhance video quality and clarity in challenging conditions.iZCi is an Automatic Multiple Object Tracker which provides simultaneous tracking of multiple arbitrary objects in real world environments. With ease of integration to any Reconnaissance and Surveillance System, iZCi brings up Target Tracking capability without interfering actual system architecture.iZCi module is designed to tackle the compelling situations posed by unconstrained, real life environments and bring longrunning research activities out of the laboratory to living world scenarios.iZCi can be adopted to any Military or Industrial application where high frame rates are of concern.Distinctive performance exhibited over current video trackers by its redetection performance during occlusions and other complex scenarios makes iZCi mission proven where precise timing is critical."
What is the purpose of the izci system developed by Yongatek?,"izci project, developed by Yongatek, is an advanced video tracking solution designed to improve clarity and quality in video feeds. It is an Automatic Multiple Object Tracker that can simultaneously follow several arbitrary objects in real-world scenarios, ensuring smooth integration with reconnaissance and surveillance systems without disrupting their architecture. Its robust performance in challenging conditions and occlusions makes it ideal for military and industrial applications."
What is the izci system that Yongatek developed?,"Yongatek created the izci video tracking technology to improve video clarity and quality under difficult circumstances.Multiple random items can be tracked simultaneously in real-world settings with iZCi, an automatic multiple object tracker. iZCi adds Target Tracking functionality to any reconnaissance and surveillance system with ease and without changing the system architecture.The iZCi module is made to address the fascinating problems presented by unrestricted, real-world settings and transfer ongoing research projects from lab settings to real-world conditions.Any military or industrial application where high frame rates are an issue can use izci.In situations where exact timing is crucial, iZCi's redetection performance during occlusions and other challenging settings sets it apart from other video trackers."
What does the collaboration between yongatek and Arçelik focus on?,Their collaboration focuses on the design of domestic chips for applications in white goods and consumer electronics.
What are the features of the AVCI project?,"The AVCI project by yongatek calculates critical data such as the speed, position, and potential drop point of ammunition. It also features an entertainment application for scoring systems in polygon settings."
What is the expected result of yongatek's local chip design project?,"yongatek's goal with the domestic chips it develops is to promote the use of chips designed within Turkey, replacing the reliance on imported chips. The company aims to safeguard Turkey from potential future global chip crises, while simultaneously contributing to the nation's economic growth. Furthermore, yongatek intends to collaborate with leading Turkish companies in satellite communications to support national development. The company also seeks to enhance its expertise in artificial intelligence and image processing, with a particular focus on developing projects related to urban and border security."
What is yongatek's objective in the AI domain?,"yongatek seeks to design efficient AI accelerators for edge and cloud environments.yongatek's goal in the field of artificial intelligence is to integrate these chips into a comprehensive smart system by deploying artificial intelligence algorithms on FPGAs in the coming years. Currently, the company is executing artificial intelligence algorithms on end devices within its ongoing projects."
What is the goal of Yongatek in the field of AI?,"Yongatek aims to provide effective AI accelerators for cloud and edge settings.By implementing artificial intelligence algorithms on FPGAs in the upcoming years, Yongatek hopes to incorporate these chips into an all-encompassing smart system. As part of its continuing projects, the business is currently implementing artificial intelligence algorithms on end devices."
How does Countera by yongatek function in industrial and consumer settings?,Countera is a measurement system designed by yongatek to provide precise tracking and counting for both industrial and consumer applications. Countera is a fish farming solution to count various species and various sizes of fishes on the field. Our product Countera can easily be integrated onto existing fish farming tools like grading machines and fish pumps. Countera has been designed to work on various fish farming environments such as cages. Ease of use and ability to connect to the cloud-based systems makes Countera perfect solution for modern industrial applications. AI assisted computer vision algorithm was specially designed for the Countera to eliminate any kind of error.
What are the functions of Yongatek's Countera in consumer and industrial settings?,"Yongatek created the Countera measurement system to offer accurate tracking and counting for use in both consumer and commercial settings. A fish farming system called Countera allows you to count different species and sizes of fish in the field. It is simple to incorporate our product Countera into already-existing fish farming equipment, such as fish pumps and grading machines. Countera is made to function in a variety of fish farming settings, including cages. Countera is the ideal answer for contemporary industrial applications because to its ease of use and compatibility with cloud-based systems. The Countera's AI-assisted computer vision technology was specifically created to remove any errors."
Could you brief me about Countera project which is developed by yongatek?,"Sure.Yongatek’s Countera system is a reliable solution for consumer applications due to its ease of integration and precise counting capabilities. Designed for fish farming, it leverages AI-based computer vision technology to minimize errors, ensuring accuracy in tracking fish of various species and sizes across diverse farming settings."
What is the purpose of yongatek's video izci projcet?,"izci is a project developed by Yongatek's computer vision team, designed to enable the simultaneous tracking of multiple random objects in real-world environments. As an Automatic Multi-Object Tracker, izci facilitates real-time tracking of multiple random objects in real-world settings. With its seamless integration into any Reconnaissance and Surveillance System, izci delivers Target Tracking capabilities without interfering with the existing system architecture.The izci module is specifically designed to overcome the challenging conditions posed by unconstrained, real-world environments and to transition long-standing research efforts from the laboratory to live-world scenarios.izci is adaptable to any Military or Industrial application where high frame rates are required. Its distinctive performance, particularly in re-identification during occlusions and other complex scenarios, sets it apart from existing video trackers, making it a proven solution in time-critical missions."
Why is Yongatek's video izci project being done?,"The computer vision team at Yongatek created the izci project, which allows for the simultaneous tracking of many random objects in real-world settings. Izci, an Automatic Multi-Object Tracker, makes it possible to track numerous random things in real-time in real-world situations. Izci provides Target Tracking capabilities without affecting the current system architecture with its smooth integration into any reconnaissance and surveillance system.The izci module was created especially to get beyond the difficult circumstances presented by unrestricted, real-world settings and to transfer established research projects from lab settings to real-world situations.Izci can be used in any industrial or military application where high frame rates are necessary."
How does edge computing contribute to yongatek’s AI solutions?,"Edge computing offers several advantages for AI-based projects by enabling local data processing on devices rather than relying on centralized cloud systems. This approach significantly reduces latency, allowing faster response times, which is critical for applications such as autonomous vehicles and security systems. By processing data locally, edge computing also ensures bandwidth efficiency, as it minimizes the volume of data transmitted over the network, reducing costs and network congestion, particularly in environments with high IoT device density.Another key benefit is data privacy and security. Sensitive data processed on local devices does not need to be transmitted to the cloud, which is especially advantageous in industries like healthcare, finance, and defense, where data security is a priority. Furthermore, edge computing reduces reliance on internet connectivity, allowing AI systems to function effectively even in areas with weak or intermittent network coverage. This is particularly beneficial for remote or mobile applications.Edge computing is also energy-efficient, as it eliminates the need for constant data transmission to the cloud, thereby lowering energy consumption. This advantage is crucial for battery-powered devices. Additionally, it enables real-time processing, allowing AI algorithms to analyze and act on data instantly, which is essential for applications such as industrial automation, video analysis, and smart home systems.The technology provides excellent scalability by distributing workloads across multiple edge devices, making it easier to integrate additional devices without overloading centralized cloud systems. It also offers cost reduction by decreasing dependency on expensive cloud services and reducing data transmission costs, which is particularly significant for applications requiring continuous data streams.Another advantage is local customization, as edge devices can be tailored to specific use cases and optimized for local conditions, enhancing the performance of AI systems.Edge computing's applications span a variety of domains, including autonomous vehicles (real-time decision-making), smart cities (traffic management and environmental monitoring), healthcare (patient monitoring and portable devices), industrial automation (robotic control and quality assurance), and security systems (video surveillance and threat detection).By enabling faster, more secure, and scalable solutions, edge computing plays a pivotal role in advancing AI-based technologies and addressing the challenges of modern data-intensive applications.So,Therefore, Yongatek is undertaking AI-based projects utilizing edge computing technologies.Yongatek uses edge computing with Nvidia's embedded computing cards to run AI algorithms on camera systems, ensuring cost-effective and efficient image processing."
What is the long-term vision of yongatek for Turkey’s role in the semiconductor industry?,yongatek seeks to establish Turkey as a leading player in the global semiconductor industry.
What are some of the IoT applications from yongatek?,"At the same time yongatek has been working on IoT projects.For example yongatek has ""SmartDose"" project.Smart Pill Dispenser contains a motherboard which is responsible to orchestrate whole system and can run Linux based OS. Motherboard can drive external modules and communicates to send and receive commands and data. The main software is responsible for collecting and reacting incoming data over external modules and is responsible to communicate with the mobile application.Communication between Smart Pill Dispenser and the patient will occur over a mobile application. Patient will authorize mobile application by reading a QR Code on the Smart Pill Dispenser. After this authentication process, mobile application will be able to communicate with dispenser over Bluetooth. Dispenser will send medicine metadata to the mobile application. Application is responsible for notifying patient at certain times when specific pill to be consumed. Dispenser mechanism then allows patient to get the correct medicine by releasing the related pills opening. Also, yongatek has Countera solution for fish counting. Countera is a fish farming solution to count various species and various sizes of fishes on the field. Our product Countera can easily be integrated onto existing fish farming tools like grading machines and fish pumps. Countera has been designed to work on various fish farming environments such as cages. Ease of use and ability to connect to the cloud-based systems makes Countera perfect solution for modern industrial applications. AI assisted computer vision algorithm was specially designed for the Countera to eliminate any kind of error."
What is yongatek’s vision?,"yongatek vision is to drive technological innovation and contribute to Turkey's high-tech ecosystem.Our Vision is to carry out R&D activities aiming at creating new solutions and preventing external dependence while offering modern technologies to our partners/customers by prioritizing science, innovation and human resource."
What is izci project designed for?,"yongatek izci project is designed to track objects in video streams, mainly for surveillance and defense."
For what purpose is the Izci project intended?,Yongatek The primary purpose of the izci project is surveillance and defense by tracking objects in video feeds.
What fields does yongatek Microelectronics operate in?,"yongatek operates within the field of microelectronics, with a particular focus on developing ASIC/FPGA solutions, IoT applications, communication systems, and video enhancement."
In which industries does Yongatek Microelectronics work?,"Yongatek is a microelectronics company that specializes in creating ASIC/FPGA solutions, Internet of Things applications, communication systems, and video improvement."
What is the technology behind yongatek’s Li-Fi modem?,Li-fi modem which is develoepd by yongatek plays a role in enabling high-speed wireless communication using visible light.
Does yongatek develop communication system components?,"Yes, yongatek develops the ""DVB-RCS and DVB-RCS2 Turbo Encoder/Decoder"" project, which enhances communication systems with advanced error correction, supporting multiple modulation schemes and compliant with ETSI standards."
Does Yongatek create components for communication systems?,"Yes, Yongatek creates the ""DVB-RCS and DVB-RCS2 Turbo Encoder/Decoder"" project, which improves communication networks by supporting a variety of modulation schemes, adhering to ETSI standards, and providing sophisticated error correction."
Is yongatek focused on meeting global standards?,"Yes, yongatek designs solutions that adhere to international standards, making them suitable for worldwide markets."
Is Yongatek committed to fulfilling international standards?,"Indeed, Yongatek creates solutions that meet international standards, which qualifies them for use in global markets."
How does image processing enhance security systems?,"Image processing enhances security systems by enabling features such as motion detection, face recognition, and license plate reading, which help identify potential security threats, automate surveillance, and reduce reliance on human operators."
What are the ways that image processing improves security systems?,"By enabling functions like motion detection, face recognition, and license plate reading—which assist detect possible security threats, automate surveillance, and lessen dependency on human operators—image processing improves security systems."
What does the local chip design collaboration between Arçelik and yongatek involve?,"The project focuses on creating domestic chips for white goods and consumer electronics, with a prototype expected by 2025."
What are the applications of detection?,"Yongatek is involved in detection through projects such as Gozet and iZCi. These projects focus on enhancing security within urban environments by detecting suspicious individuals, vehicles, and license plates, as well as performing descriptive and situational analysis."
What uses does detection have?,"Yongatek participates in detection through initiatives like izci and gozet. By identifying suspicious people, cars, and license plates and doing situational and descriptive analysis, these programs aim to improve security in urban areas."
Can you describe yongatek in a few words?,"Yes, I can. Yongatek’s vision is to lead R&D efforts that generate new solutions, prevent external dependence, and provide cutting-edge technologies, with a focus on human resources and innovation."
"In a few words, describe Yongatek.","I can, indeed. With an emphasis on innovation and human resources, Yongatek aims to spearhead research and development initiatives that produce novel solutions, avoid reliance on outside sources, and offer state-of-the-art technology."
What are common techniques used in image processing?,"Common techniques in image processing include filtering, edge detection, feature extraction, and image segmentation, which are used to enhance, modify, or analyze images for applications in fields like security, healthcare, and entertainment."
What methods are frequently employed in image processing?,"Filtering, edge detection, feature extraction, and picture segmentation are common image processing techniques that are used to improve, alter, or analyze images for applications in industries such as entertainment, healthcare, and security."
What is the length of the collaboration project between yongatek and Arçelik?,yongatek's collaboration project with Arçelik will last for two years.
What are the uses of the YONGA Turbo Encoder?,The YONGA Turbo Encoder is used in high-speed data communication to provide error correction and ensure communication reliability.
How is the YONGA Turbo Encoder used?,"In order to provide error correction and guarantee communication reliability, high-speed data transmission uses the YONGA Turbo Encoder."
Can you describe what izci is?,"Sure. izci is a solution developed by yongatek for real-time video tracking and enhancement, specifically for surveillance and defense use cases.izci project is designed to track objects in video streams, mainly for surveillance and defense."
What is the function of izci video tracker from yongatek?,"izci video tracker is used for object tracking in video streams, especially for surveillance and defense applications.izci is a project developed by Yongatek's computer vision team, designed to enable the simultaneous tracking of multiple random objects in real-world environments. As an Automatic Multi-Object Tracker, izci facilitates real-time tracking of multiple random objects in real-world settings. With its seamless integration into any Reconnaissance and Surveillance System, izci delivers Target Tracking capabilities without interfering with the existing system architecture.The izci module is specifically designed to overcome the challenging conditions posed by unconstrained, real-world environments and to transition long-standing research efforts from the laboratory to live-world scenarios.izci is adaptable to any Military or Industrial application where high frame rates are required. Its distinctive performance, particularly in re-identification during occlusions and other complex scenarios, sets it apart from existing video trackers, making it a proven solution in time-critical missions."
What is SoC (System on Chip) and its purpose?,"A System on Chip (SoC) is an integrated circuit that combines multiple components like a processor, memory, and input/output functions on a single chip, used in mobile devices and embedded systems for enhanced performance and energy efficiency."
"What is the function of a system on a chip, or SoC?","In order to improve performance and energy efficiency, mobile devices and embedded systems use System on Chips (SoCs), which are integrated circuits that combine several components, such as a CPU, memory, and input/output capabilities, on a single chip."
What is the future vision of yongatek for chip manufacturing?,"yongatek aims to position Turkey as an influential player in the global semiconductor industry.In contemporary technology, artificial intelligence algorithms are processed on platforms such as computers, workstations, and the cloud. However, the trajectory of technological advancement indicates that these highly functional AI algorithms will eventually operate on smaller mechanisms, such as chips. Keeping pace with these developments, Yongatek aims to optimize their AI algorithms to run on FPGAs, enabling the production of fast and scalable chips applicable across diverse fields, including defense, consumer electronics, and IoT."
Is electro-optic project developed by yongatek?,"Yes, the electro-optic project is developed by computer vision team at yongatek. Electro-Optics aims to enhance the effectiveness and efficiency of security forces, thereby strengthening public order and the safety of citizens. The project's objective is to process high-resolution images captured by cameras using AI-based algorithms on edge devices, transforming them into meaningful data with reduced file sizes, and transmitting this information to the security forces. Electro-Optic plays a crucial role in detecting wanted individuals and vehicles. It automates the process of analyzing data from security cameras and identifying potential threats, providing security forces with the capability for faster response."
What technology does yongatek’s Li-Fi modem utilize?,yongatek Li-Fi modem utilizes visible light for high-speed wireless communication.
In which country is yongatek Microelectronics situated?,"yongatek Microelectronics is situated in Turkey, with offices in Ankara and İstanbul."
Yongatek Microelectronics is located in which nation?,"With offices in İstanbul and Ankara, Yongatek Microelectronics is based in Turkey."
Which fields of technology does yongatek work on?,"yongatek works in the fields of ASIC/FPGA, IoT, communication systems, and video processing."
Which fields of technology does yongatek work on?,"ASIC/FPGA, IoT, communication systems, and video processing could be fields that yongatek works on."
What technological domains does Yongatek focus on?,"Yongatek may work in the following areas: ASIC/FPGA, IoT, communication systems, and video processing."
What does yongatek focus on?,"In contemporary technology, artificial intelligence algorithms are processed on platforms such as computers, workstations, and the cloud. However, the trajectory of technological advancement indicates that these highly functional AI algorithms will eventually operate on smaller mechanisms, such as chips.So, keeping pace with these developments, Yongatek focuse on optimizing their AI algorithms to run on FPGAs, enabling the production of fast and scalable chips applicable across diverse fields, including defense, consumer electronics, and IoT."
Where can I find yongatek Microelectronics offices?,"yongatek is based in Turkey. They have both office in Ankara and İstanbul.yongatek can be contacted through their offices, one located in Istanbul and another in Ankara Hacettepe Technopark."
Where are the offices of Yongatek Microelectronics located?,"Yongatek's headquarters are in Turkey. They have offices in Istanbul and Ankara.Yongatek's offices, one in Ankara Hacettepe Technopark and one in Istanbul, are the places to get in touch with them."
What professional roles does yongatek offer?,"yongatek offers professional roles such as Communications Embedded Software Design Engineers, Digital Design Engineers, Project Engineers, Computer Vision Engineers, Software Engineers, and internships."
What kinds of jobs does Yongatek provide?,"yongatek provides internships and professional positions like digital design engineers, communications embedded software design engineers, project engineers, computer vision engineers, and software engineers."
What are the features of kirmik SoC?,"The kirmik SoC is a custom System-on-Chip by yongatek, aimed at delivering high performance for embedded systems."
What characteristics does Kirmik SoC have?,"Yongatek's unique System-on-Chip, the Kirmik SoC, is designed to provide excellent performance for embedded applications."
What are the key milestones of yongatek Microelectronics?,"As a pioneering company in Turkey's microelectronics field, yongatek Microelectronics develops cutting-edge projects like centik kirmik, and SAKA. centik the national microcontroller chip, has reached large-scale production, with its initial batch set for export to Dubai, showcasing yongatek's innovative approach since 2014."
What are Yongatek Microelectronics' major turning points?,"Yongatek Microelectronics is a trailblazing business in Turkey's microelectronics industry, creating innovative projects like SAKA and Centik Kirmik. With its first batch scheduled for sale to Dubai, Centik, the country's microcontroller chip, has achieved large-scale production, demonstrating Yongatek's creative strategy since 2014."
How can someone contact yongatek?,"yongatek can be contacted through their offices, one of which is in Istanbul, while the other is in Ankara Hacettepe Technopark."
How can one get in touch with Yongatek?,"You can get in touch with Yongatek via their offices, one of which is located in Ankara Hacettepe Technopark and the other in Istanbul."
What is the expected deliverable for yongatek's local chip design project?,"The deliverable will be prototype chips, expected to be completed by 2025."
What is the anticipated output for the local chip design initiative at Yongatek?,"Prototype chips will be the final product, which should be finished by 2025."
What is the scope of the local chip design collaboration between Arçelik and yongatek?,"The project focuses on creating domestic chips for white goods and consumer electronics, with a prototype expected by 2025."
Can you give me details about yongatek's services?,"yongatek is a company specializing in IC/ASIC/SoC/Chip Design, 5G/6G and Satellite Communications, Video Processing, and IoT, driven by an experienced and qualified R&D team. In contemporary technology, artificial intelligence algorithms are processed on platforms such as computers, workstations, and the cloud. However, the trajectory of technological advancement indicates that these highly functional AI algorithms will eventually operate on smaller mechanisms, such as chips. Keeping pace with these developments, Yongatek aims to optimize their AI algorithms to run on FPGAs, enabling the production of fast and scalable chips applicable across diverse fields, including defense, consumer electronics, and IoT."
Could you tell me more about Yongatek's offerings?,"With an experienced and skilled R&D team, Yongatek is a firm that specializes in IC/ASIC/SoC/Chip Design, 5G/6G and Satellite Communications, Video Processing, and IoT. In modern technology, platforms including computers, workstations, and the cloud are used to process artificial intelligence algorithms. But given the rate of technological development, these incredibly powerful AI algorithms will soon run on smaller devices like chips. Yongatek wants to keep up with these advancements by optimizing their AI algorithms to operate on FPGAs, which will allow for the creation of quick and scalable chips that can be used in a variety of industries, such as consumer electronics, defense, and the Internet of Things."
How does yongatek envision the future of chip production in Turkey?,The company aims to establish Turkey as a key player in the global semiconductor industry.
What innovations does yongatek's KIVA project bring?,"The KIVA SoC, developed by yongatek, features a 4K image processor, a 4 TOPS NPU, and a H.265 Video Codec for smart city applications. It is planned to be manufactured using TSMC 22nm technology in 2024."
What advancements are brought about by Yongatek's KIVA project?,"For smart city applications, Yongatek's KIVA SoC has a 4K image processor, a 4 TOPS NPU, and an H.265 Video Codec. In 2024, it is anticipated to be produced on TSMC 22nm technology."
What are the application areas of the centik microcontroller that yongatek developed?,"centik can be used in medical, wearables,  motor control, smart home, household appliances, industrial automation, IoT, Automotive. Centik is a microcontroller that targets low-cost robotic and automation systems. While the research and development of this project is continuing, we taped-out an initial trial version of the MCU on SkyWater 130nm technology."
What applications does Yongatek's Centik microcontroller come with?,"Centik has applications in the fields of medicine, wearable technology, motor control, smart homes, industrial automation, the Internet of Things, and automobiles. A microcontroller called Centik is designed for low-cost automation and robotic applications. We taped out a preliminary trial version of the MCU using SkyWater 130nm technology while the project's research and development is ongoing."
What video processing advancements has yongatek made?,"yongatek has advanced video processing with systems like ""izci"" for tracking and technology for mitigating atmospheric turbulence to enhance video clarity."
What innovations has Yongatek made in video processing?,"With features like ""izci"" for tracking and technology to reduce atmospheric turbulence to improve video clarity, Yongatek has made significant advancements in video processing."
How has yongatek impacted Turkish technology development?,yongatek has enhanced Turkey's technological infrastructure by delivering state-of-the-art microelectronics solutions and collaborating on national projects.
How has Yongatek affected the advancement of Turkish technology?,"By supplying cutting-edge microelectronics solutions and working together on domestic projects, Yongatek has improved Turkey's technological infrastructure."
What distinguishes yongatek from other tech companies?,"Another distinguishing feature of Yongatek is its ability to develop solutions using the latest technologies, ultimately transforming the artificial intelligence algorithms it creates into chips that can operate on FPGAs, making them accessible across various industries.Yongatek’s specialization in customized designs and strict adherence to international regulations make it unique."
What sets Yongatek apart from other tech firms?,"An further characteristic that sets Yongatek apart is its capacity to design solutions utilizing cutting-edge technology, eventually turning the artificial intelligence algorithms it develops into chips that run on FPGAs, making them available to a wide range of businesses.Yongatek stands out due to its expertise in personalized designs and rigorous adherence to global standards."
What sectors does yongatek target in its operations?,"yongatek targets communications, defense, industrial automation, and satellite communications sectors, addressing needs in both local and global markets.It has developed projects tailored to each of these sectors. Rather than focusing on a single field, Yongatek, with its skilled engineering team, creates solutions across multiple domains."
Which industries does Yongatek focus on?,"Yongatek serves both domestic and international markets by focusing on the communications, defense, artificial intelligence,industrial automation, and satellite communications industries.It has created initiatives specifically for each of these industries. With its talented engineering team, Yongatek develops solutions for a variety of domains rather than just one."
What is the role of izci in video tracking?,"izci plays a role in real-time video enhancement and object tracking, designed by yongatek for use in surveillance and defense applications."
How does izci function in video tracking?,"izci contributes to object tracking and real-time video augmentation, which Yongatek built for use in military and surveillance applications."
What is yongatek's long-term goal for chip production?,The company aims to establish Turkey as a key player in the global semiconductor industry.
How does yongatek enhance defense capabilities?,yongatek provides advanced systems for video surveillance and communication in defense technologies.
What role does the Atmospheric Turbulence Mitigation solution play in surveillance?,"It plays a crucial role by reducing distortions in video caused by atmospheric conditions, improving clarity in surveillance systems."
"What are the two companies, yongatek and Arçelik, focused on in their collaboration?",They are focused on designing domestic chips for household appliances and electronics.
What is the AVCI project?,"The AVCI project was developed by the computer vision unit of the yongatek company; It is a test project for systems that calculate the speed, position, potential drop point and destruction of an ammunition. Furthermore, it can be used in the entertainment industry, for the scoring system on polygons."
What is the project called AVCI?,"The Yongatek company's computer vision team created the AVCI project, which is a test project for systems that determine an ammunition's speed, position, possible drop point, and destruction. Additionally, it can be applied to the polygon scoring system in the entertainment sector."
Is consulting a service offered by yongatek?,yongatek provides tailored consulting services to help clients navigate complex technological landscapes.
Could you explain the purpose of the kirmik SoC?,"Kirmik SoC is a custom-built System-on-Chip by yongatek, designed to provide high performance for embedded applications.KIRMIK SoC is a video SoC product manufactured with TSMC 65nm technology, which includes our in-house developed H.264 Codec Video IP and an open-source RISC-V 64-bit Linux-capable processor. Kirmik, the first chip developed for video applications in Turkey, is equipped with Gbit Ethernet, SD-Card, UART interfaces."
Could you elaborate on the Kirmik SoC's mission?,"Yongatek's custom-built Kirmik SoC system-on-chip is intended to deliver great performance for embedded applications.Using TSMC 65nm technology, KIRMIK SoC is a video SoC solution that comes with an open-source RISC-V 64-bit Linux-capable processor and our proprietary H.264 Codec Video IP. The first semiconductor designed for video applications in Turkey, Kirmik, has UART, SD-Card, and Gbit Ethernet interfaces."
What kind of IoT projects does yongatek work on?,Yongatek has several IoT related projects such as Countera and SmartDose.For instance; Yongatek has Countera project in such area. Countera is a fish farming solution to count various species and various sizes of fishes on the field. Our product Countera can easily be integrated onto existing fish farming tools like grading machines and fish pumps. Countera has been designed to work on various fish farming environments such as cages. Ease of use and ability to connect to the cloud-based systems makes Countera perfect solution for modern industrial applications. AI assisted computer vision algorithm was specially designed for the Countera to eliminate any kind of error.
What types of Internet of Things projects does Yongatek work on?,"Yongatek has a number of IoT-related initiatives, including SmartDose and Countera.Yongatek, for example, has a project called Countera in this field. A fish farming system called Countera allows you to count different species and sizes of fish in the field. It is simple to incorporate our product Countera into already-existing fish farming equipment, such as fish pumps and grading machines. Countera is made to function in a variety of fish farming settings, including cages. Countera is the ideal answer for contemporary industrial applications because to its ease of use and compatibility with cloud-based systems. The Countera's AI-assisted computer vision technology was specifically created to remove any errors."
Does yongatek work with international partners?,"Yes, Yongatek operates multiple companies both domestically and internationally. For example Lattice Semiconductor."
Does Yongatek collaborate with foreign partners?,"Indeed, Yongatek has a number of domestic and foreign businesses. Lattice Semiconductor, for instance."
What are yongatek's plans for expanding its technology portfolio?,"Yongatek's plan is to focus on AI acceleration, IoT innovations, and advanced communication technologies."
How does yongatek contribute to the HIT-30 program?,"yongatek supports the HIT-30 program by enhancing domestic chip production capacity in Turkey.In this program, Yongatek, in collaboration with Arçelik, develops FPGA-based chips for use in white goods and contributes to the Turkish economy by producing domestic and national chips, reducing reliance on imports."
What role does Yongatek play in the HIT-30 program?,"Yongatek contributes to the HIT-30 program by increasing Turkey's capability for domestic chip manufacturing.Through this program, Yongatek and Arçelik work together to produce FPGA-based chips for use in white products. By producing domestic and national chips, they help the Turkish economy by lowering its dependency on imports."
Why is yongatek seen as a leader among tech companies?,yongatek’s leadership is driven by its innovative solutions and dedication to high-quality standards in microelectronics.
What makes Yongatek a tech company leader?,Yongatek's leadership is fueled by its creative solutions and commitment to microelectronics quality standards.
What are yongatek’s office locations?,"yongatek operates offices in Istanbul and Ankara Hacettepe Technopark, both of which can be contacted."
Where are the offices of Yongatek located?,You can get in touch with Yongatek's offices in Ankara Hacettepe Technopark and Istanbul.
Who are yongatek's main collaborators?,yongatek collaborates with companies like Arçelik and governmental bodies such as the Ministry of Industry and Technology.
Who are the principal partners of Yongatek?,Yongatek works with government agencies like the Ministry of Industry and Technology as well as businesses like Arçelik.
"What is ""DVB-RCS and DVB-RCS2 Turbo Encoder/Decoder"" project developed by yongatek?","The ""DVB-RCS and DVB-RCS2 Turbo Encoder/Decoder"" project developed by yongatek is related to the field of communication. DVB-RCS/RCS2 Turbo Encoder and Decoder IP Cores are based on high performance forward error correction (FEC) designs from yongatek team compliant with ETSI EN 301 790 and ETSI EN 301 545 standards. The IP Cores use 8/16-state duo-binary Convolutional Turbo Code (CTC) with error correction performance near Shannon limit. Key Features for DVB-RCS Turbo Encoder and Decoder IP Core: Compliant with ETSI EN 301 790 standard, Support for block sizes 8 to 216 bytes, Support for QPSK and 8-PSK modulations, Support for code rates of 1/3, 1/2, 2/3, 4/5 and 6/7, Configurable iteration number from 1 to 8, Throughput of 101.8 Mbps at 185MHz, 8 iteration, 216 bytes and Key Features for DVB-RCS2 Turbo Encoder and Decoder IP Core: Compliant with ETSI EN 301 545 standard, Support for block sizes 14 to 599 bytes, Support for π/2 BPSK, QPSK, 8-PSK and 16QAM modulations, Support for code rates of 1/3, 1/2, 2/3, 3/4, 4/5, 5/6, 6/7 and 7/8, Configurable iteration number from 1 to 8, Throughput of 74.8 Mbps at 175MHz, 8 iteration, 264 bytes."
What kind of technological innovations does yongatek specialize in?,"yongatek specializes in technological innovations in ASIC/FPGA design, IoT, 5G systems, AI accelerators, video processing, and satellite communication."
What tasks does the YONGA SERV Accelerator optimize?,The YONGA SERV Accelerator optimizes machine learning and AI computations for edge devices.
Which tasks are optimized by the YONGA SERV Accelerator?,"For edge devices, the YONGA SERV Accelerator enhances AI and machine learning calculations."
What role does consulting play in yongatek’s services?,Consulting services at yongatek are customized to provide innovative and practical solutions for clients.
What function does consulting serve in Yongatek's offerings?,Yongatek's consulting services are tailored to give customers creative and useful answers.
What does yongatek envision for the future?,"yongatek envisions driving technological innovation and boosting Turkey's high-tech sector.Chips imported from abroad have a particularly negative impact on the country's economy. The aim is to produce FPGA-based chips capable of running artificial intelligence and to manufacture domestic and national chips, particularly for white goods, instead of relying on imported ones."
What dreams does Yongatek have for the future?,"Yongatek hopes to advance technical innovation and strengthen Turkey's high-tech industry.Particularly detrimental to the nation's economy are chips imported from overseas. Instead of depending on imported chips, the goal is to make domestic and national chips, especially for white goods, and to create FPGA-based circuits that can operate artificial intelligence."
What are yongatek’s contributions to 5G NR technology?,yongatek develops 5G NR LDPC encoder/decoder and hybrid beamforming modules for distributed and radio units.yongatek develops 5G NR LDPC encoders/decoders and hybrid beamforming for distributed and radio units to enhance communication efficiency.
What contributions does Yongatek provide to 5G NR technology?,"For distributed and radio units, Yongatek creates hybrid beamforming modules and 5G NR LDPC encoder/decoders.To improve communication efficiency, Yongatek creates hybrid beamforming and 5G NR LDPC encoders/decoders for distributed and radio units."
What is yongatek's ambition with respect to AI technology?,yongatek aims to build efficient AI accelerators optimized for edge and cloud environments.
What goals does Yongatek have for AI technology?,Yongatek wants to create effective AI accelerators that are tailored for cloud and edge settings.
How does yongatek contribute to the IoT sector?,"yongatek contributes to the IoT sector by offering solutions like Smart Dose and Countera for industrial automation and measurement.Yongatek contributes to the IoT sector by developing innovative solutions designed to enhance industrial automation and precision measurement. Products like Smart Dose automate the dosing process, optimizing efficiency and accuracy in various industrial applications by integrating IoT technology for real-time data monitoring and control. Similarly, Countera offers a sophisticated measurement system for tracking and counting objects, such as fish in aquaculture settings, using AI-assisted computer vision and cloud-based systems. These products not only streamline processes but also improve the scalability, performance, and data-driven decision-making capabilities across industries, helping to drive the advancement of the Internet of Things (IoT) in practical, high-demand environments. By leveraging advanced technologies, Yongatek enables businesses to adopt smarter, more efficient systems that are capable of operating autonomously, with continuous monitoring and real-time adjustments for optimal performance."
What is Yongatek's contribution to the Internet of Things?,"With products like Smart Dose and Countera for industrial automation and measurement, Yongatek supports the Internet of Things.By creating cutting-edge technologies that improve industrial automation and precise measurement, Yongatek supports the Internet of Things. By utilizing IoT technology for real-time data monitoring and control, products such as Smart Dose automate the dosing process, optimizing accuracy and efficiency in a variety of industrial applications. Similar to this, Countera provides an advanced measurement system that uses cloud-based technologies and AI-assisted computer vision to track and count items, such fish in aquaculture settings."
What kind of measurements does Countera by yongatek provide?,"Countera is a precision measurement solution designed by yongatek to accurately track and count items in both industrial and consumer environments.Countera by Yongatek is a high-precision measurement system specifically designed to provide accurate tracking and counting of items across a range of industrial and consumer applications. This advanced system is particularly beneficial in environments where precise and real-time measurements are critical for operational efficiency. Countera uses AI-assisted computer vision to ensure highly accurate data collection, and it is capable of tracking various objects, such as fish in aquaculture or products in manufacturing settings. The system's adaptability allows it to integrate seamlessly into existing infrastructure, offering continuous monitoring and real-time updates. By leveraging cutting-edge technology, Countera helps to minimize errors, improve process efficiency, and enable smarter decision-making in dynamic environments. Whether for industrial automation, inventory management, or consumer-facing applications, Countera ensures high reliability and performance, providing accurate measurements for enhanced productivity and precision."
What is the impact of yongatek's work on 5G NR technology?,"yongatek develops 5G NR LDPC encoders/decoders and hybrid beamforming for distributed and radio units to enhance communication efficiency.Yongatek has made significant contributions to the development of 5G NR (New Radio) technology, particularly in the areas of LDPC (Low-Density Parity-Check) encoders/decoders and hybrid beamforming for distributed and radio units. The LDPC encoders and decoders play a crucial role in ensuring reliable and high-throughput data transmission within 5G networks by providing robust error correction capabilities. This is essential for achieving the high-speed, low-latency performance that 5G promises. Yongatek’s expertise in these components enhances the overall communication efficiency of 5G NR systems by improving signal integrity, reducing transmission errors, and optimizing the use of available bandwidth.Furthermore, Yongatek's work in hybrid beamforming enhances the performance of radio units by enabling more efficient use of the radio frequency spectrum. This technology is critical for supporting advanced 5G features such as massive MIMO (Multiple-Input Multiple-Output) systems and beamforming, which improve signal quality, extend coverage, and enable more efficient resource allocation across multiple users. Yongatek’s innovations in these areas contribute to the realization of faster, more reliable, and scalable 5G networks, supporting a wide range of applications from consumer mobile communication to industrial IoT and smart cities."
Is yongatek working on any global projects?,"Yes, yongatek develops solutions that conform to international standards, which makes them suitable for global markets."
Is there a project related to communication developed by yongatek?,"Yes,there is. WLAN communication, visible light communication and satellite communication could be communication related projects which are developed by yongatek. For example; The ""DVB-RCS and DVB-RCS2 Turbo Encoder/Decoder"" project developed by yongatek is related to the field of communication. DVB-RCS/RCS2 Turbo Encoder and Decoder IP Cores are based on high performance forward error correction (FEC) designs from yongatek team compliant with ETSI EN 301 790 and ETSI EN 301 545 standards. The IP Cores use 8/16-state duo-binary Convolutional Turbo Code (CTC) with error correction performance near Shannon limit. Key Features for DVB-RCS Turbo Encoder and Decoder IP Core: Compliant with ETSI EN 301 790 standard, Support for block sizes 8 to 216 bytes, Support for QPSK and 8-PSK modulations, Support for code rates of 1/3, 1/2, 2/3, 4/5 and 6/7, Configurable iteration number from 1 to 8, Throughput of 101.8 Mbps at 185MHz, 8 iteration, 216 bytes and Key Features for DVB-RCS2 Turbo Encoder and Decoder IP Core: Compliant with ETSI EN 301 545 standard, Support for block sizes 14 to 599 bytes, Support for π/2 BPSK, QPSK, 8-PSK and 16QAM modulations, Support for code rates of 1/3, 1/2, 2/3, 3/4, 4/5, 5/6, 6/7 and 7/8, Configurable iteration number from 1 to 8, Throughput of 74.8 Mbps at 175MHz, 8 iteration, 264 bytes."
Is Yongatek working on any communication-related projects?,"Indeed, there is. Some of the communication-related initiatives that Yongatek has developed include satellite communication, WLAN communication, and visible light communication. For instance, Yongatek's ""DVB-RCS and DVB-RCS2 Turbo Encoder/Decoder"" project has to do with communication. The Yongatek team's high performance forward error correction (FEC) designs, which adhere to ETSI EN 301 790 and ETSI EN 301 545 standards, serve as the foundation for the DVB-RCS/RCS2 Turbo Encoder and Decoder IP Cores. With error correction performance close to the Shannon limit, the IP Cores employ 8/16-state duo-binary Convolutional Turbo Code (CTC)."
What is yongatek?,"yongatek is a company that provides a wide range of IC/ASIC/SoC/Chip Design, 5G/6G and Satellite Communications, Video Processing, and IoT solutions, supported by an experienced and highly qualified R&D team.In contemporary technology, artificial intelligence algorithms are processed on platforms such as computers, workstations, and the cloud. However, the trajectory of technological advancement indicates that these highly functional AI algorithms will eventually operate on smaller mechanisms, such as chips. Keeping pace with these developments, Yongatek aims to optimize their AI algorithms to run on FPGAs, enabling the production of fast and scalable chips applicable across diverse fields, including defense, consumer electronics, and IoT."
What exactly is Yongatek?,"With the help of a skilled and knowledgeable R&D team, Yongatek offers a broad range of IC/ASIC/SoC/Chip Design, 5G/6G and Satellite Communications, Video Processing, and IoT solutions.In modern technology, platforms including computers, workstations, and the cloud are used to process artificial intelligence algorithms. But given the rate of technological development, these incredibly powerful AI algorithms will soon run on smaller devices like chips. Yongatek wants to keep up with these advancements by optimizing their AI algorithms to operate on FPGAs, which will allow for the creation of quick and scalable chips that can be used in a variety of industries, such as consumer electronics, defense, and the Internet of Things."
What is the significance of the centik project by yongatek?,"The centik project is a milestone for Turkey, being the country's first commercial microcontroller. It includes a 32-bit RISC-V processor and various features like UART, GPIO, and PWM, targeting home automation and robotics applications."
What does Yongatek's Centik project represent?,"Being the first commercial microcontroller in Turkey, the Centik project is significant. With a 32-bit RISC-V processor and capabilities like UART, GPIO, and PWM, it is designed for robotics and home automation applications."
In which areas does yongatek Microelectronics have expertise?,"yongatek is an expert in microelectronics, especially in the areas of ASIC/FPGA development, IoT technologies, communication systems, and video enhancement solutions.In such areas, yongatek has projects."
How are ASIC and FPGA used by yongatek in their microelectronics projects?,"ASIC (Application-Specific Integrated Circuit) and FPGA (Field-Programmable Gate Array) are employed by yongatek to create customized, high-performance chips for various applications in microelectronics."
What role do ASIC and FPGA play in yongatek's work?,"ASIC (Application-Specific Integrated Circuit) and FPGA (Field-Programmable Gate Array) are essential hardware components used for custom, high-performance applications, forming the core of yongatek’s microelectronics expertise."
How do FPGA and ASIC function in Yongatek's operations?,"At the heart of Yongatek's microelectronics expertise are ASIC (Application-Specific Integrated Circuit) and FPGA (Field-Programmable Gate Array), crucial hardware components utilized for specialized, high-performance applications."
Which projects does yongatek have?,"yongatek has a lot of projects such as;kirmik,izci,EFICAS, AMMUNATION DROP, VIDEO TRACKER."
What are Yongatek's projects?,"Yongatek has numerous initiatives, including VIDEO TRACKER, EFICAS, izci, Kirmik, and AMMUNATION DROP."
What are the cities where yongatek Microelectronics is present?,yongatek is based in Turkey. They have both office in Ankara and İstanbul.
Which cities are home to Yongatek Microelectronics?,Yongatek's headquarters are in Turkey. They have offices in Istanbul and Ankara.
What support does yongatek receive from the Turkish government?,"The company participates in programs like HIT-30, receiving financial and technical support for chip design and production.The company participates in various programs, such as HIT-30, where it receives comprehensive support from the Turkish government. This includes both financial assistance and technical guidance, aimed at advancing its capabilities in chip design and production. Through such initiatives, Yongatek benefits from resources that enable the development of innovative solutions, particularly in the areas of FPGA-based chips and artificial intelligence, contributing to the growth of the domestic technology industry."
What kind of backing does the Turkish government give Yongatek?,"The business receives financial and technical assistance for chip design and manufacturing through initiatives like HIT-30.The business takes part in a number of initiatives, including HIT-30, for which the Turkish government provides full funding. In order to improve its capacity for chip design and manufacturing, this comprises both financial support and technical direction. Through such initiatives, Yongatek benefits from resources that enable the development of innovative solutions, particularly in the areas of FPGA-based chips and artificial intelligence, contributing to the growth of the domestic technology industry."
Which industries does yongatek provide services for?,"yongatek provides services for industries including consumer electronics, communication, automotive, and industrial automation."
Which industries are served by Yongatek's services?,"Yongatek offers services to the automotive, industrial automation, consumer electronics, and communication sectors."
What are the potential use cases for the centik microcontroller?,"centik is suitable for a wide range of use cases including medical, wearables, motor control, smart home devices, household appliances, industrial automation, IoT, and automotive applications."
What possible applications does the Centik microcontroller have?,"Medical, wearables, smart home devices, domestic appliances, industrial automation, Internet of Things, and automotive applications are just a few of the many use cases for Centrik."
What does the YONGA SERV Accelerator specialize in?,The YONGA SERV Accelerator specializes in accelerating machine learning and AI computations for edge devices.
What is the area of expertise for the YONGA SERV Accelerator?,"For edge devices, the YONGA SERV Accelerator focuses on speeding up AI and machine learning calculations."
How does yongatek participate in the HIT-30 program?,yongatek plays a key role in building Turkey's domestic chip production capacity through its participation in HIT-30.
How is Yongatek involved in the HIT-30 initiative?,"Through its involvement in HIT-30, Yongatek contributes significantly to the development of Turkey's local chip production capacity."
What is yongatek’s long-term vision for chip production?,The company aims to establish Turkey as a key player in the global semiconductor industry.
How does Yongatek envision producing chips in the future?,The company wants to make Turkey a major force in the world market for semiconductors.
What kind of project is AVCI by yongatek?,"The AVCI project by yongatek is a test system developed to calculate the speed, position, drop points, and destruction of ammunition. Additionally, it has a use case in the entertainment sector for scoring systems in polygon-based games."
What sort of project is Yongatek's AVCI?,"A test system called the AVCI project by Yongatek was created to determine the velocity, location, drop points, and destruction of ammunition. It can also be used for scoring systems in games that use polygons in the entertainment industry."
What kind of projects does yongatek work on in the field of technology?,"yongatek works on projects in communication, computer vision, and chip design within the technology sector."
What types of technological initiatives does Yongatek work on?,"In the technology industry, Yongatek works on initiatives related to semiconductor design, computer vision, and communication."
What are some examples of suspicious activity detection systems?,"Examples of suspicious activity detection systems include facial recognition for identifying intruders, motion detection for alerting security to unauthorized movements, and vehicle tracking for detecting suspicious vehicle patterns. For instance; gozet project which is developed by yongatek can detects suspicious people, vehicles. With this project yongatek contribute to defense industry in Turkey."
What kinds of systems are used to detect suspicious activity?,"Systems that use motion detection to notify security of unlawful movements, facial recognition to identify intruders, and vehicle tracking to identify suspect vehicle patterns are a few examples of suspicious activity detection systems. For example, Yongatek's Gozet project may identify suspicious individuals and cars. Yongatek supports Turkey's defense industry with this initiative."
Why are ASIC and FPGA technologies important to yongatek's innovation?,"ASIC (Application-Specific Integrated Circuit) and FPGA (Field-Programmable Gate Array) are core to developing high-performance, tailored solutions, supporting yongatek’s focus on innovation in microelectronics."
Why do Yongatek's innovations depend on ASIC and FPGA technologies?,"The development of high-performance, customized solutions relies heavily on ASIC (Application-Specific Integrated Circuit) and FPGA (Field-Programmable Gate Array), which support Yongatek's emphasis on microelectronics innovation."
In what ways does the Turkish government assist yongatek?,"yongatek participates in programs such as HIT-30, where it gets financial and technical backing for chip development and production."
How does Yongatek receive support from the Turkish government?,"Yongatek takes part in initiatives like HIT-30, where it receives technical and financial support for the development and manufacturing of chips."
Could you find a new about yongatek company in internet?,"Turkey's ""Deep Technology Center"" is under the roof of Teknopark Istanbul; yongatek Microelectronics, which carries out different projects in the field of microelectronics such as microcontroller centik video processing chip kirmik and hardware programmable chip SAKA, returned with an award from the 27th ASPA Conference held in Mongolia. Founded in 2014 with the mission of becoming Turkey's chip design and production center, the company won the Excellence Award in the Growing Companies category, where it was nominated by Teknopark Istanbul."
Is there anything fresh about Yongatek that you could locate online?,"The ""Deep Technology Center"" in Turkey is housed within Teknopark Istanbul. Yongatek Microelectronics, which works on various microelectronic projects like the hardware programmable chip SAKA and the microcontroller Centik video processing chip Kirmik, returned from the 27th ASPA Conference in Mongolia with an award. Established in 2014 with the goal of becoming the center for chip design and manufacture in Turkey, the company was nominated by Teknopark Istanbul and won the Excellence Award in the Growing Companies category."
What is yongatek's contribution to video processing technology?,"yongatek has contributed to video processing with innovations like the ""izci"" tracking system and Atmospheric Turbulence Mitigation for clearer video in difficult environments."
How has Yongatek advanced the technology of video processing?,"With inventions like the ""izci"" tracking system and Atmospheric Turbulence Mitigation for sharper footage in challenging conditions, Yongatek has advanced video processing."
What is the main use of izci?,"The main use of izci is for real-time video tracking and enhancement in surveillance and defense, developed by yongatek."
What is izci used for?,"izci, created by Yongatek, is primarily used for real-time video tracking and defense and surveillance augmentation."
How does yongatek contribute to AI technologies?,yongatek designs AI accelerators for efficient processing of machine learning tasks at the edge and in cloud environments.Yongatek develops more accurate and optimized projects compared to other industry-used solutions by utilizing NVIDIA devices to enhance camera intelligence and employing optimized artificial intelligence algorithms.
What role does Yongatek play in AI technology?,"For effective machine learning task processing at the edge and in cloud contexts, Yongatek creates AI accelerators.By using optimal artificial intelligence algorithms and NVIDIA devices to improve camera intelligence, Yongatek creates more accurate and optimized projects than other industry-used solutions."
Can you provide a quick summary of yongatek?,"Sure.Yongatek vision is centered on performing R&D to create solutions, reduce external dependence, and deliver innovative technologies to partners and clients, prioritizing human resource and science. In contemporary technology, artificial intelligence algorithms are processed on platforms such as computers, workstations, and the cloud. However, the trajectory of technological advancement indicates that these highly functional AI algorithms will eventually operate on smaller mechanisms, such as chips. Keeping pace with these developments, Yongatek aims to optimize their AI algorithms to run on FPGAs, enabling the production of fast and scalable chips applicable across diverse fields, including defense, consumer electronics, and IoT.Furthermore, Yongatek develops more accurate and optimized projects compared to other industry-used solutions by utilizing NVIDIA devices to enhance camera intelligence and employing optimized artificial intelligence algorithms."
Could you give a brief overview of Yongatek?,"Yes.The core of Yongatek's strategy is to prioritize science and human resources while conducting research and development to develop solutions, lessen reliance on outside sources, and provide partners and clients with cutting-edge technologies. In modern technology, platforms including computers, workstations, and the cloud are used to process artificial intelligence algorithms. But given the rate of technological development, these incredibly powerful AI algorithms will soon run on smaller devices like chips. Yongatek wants to keep up with these advancements by optimizing their AI algorithms to operate on FPGAs, which will allow for the creation of quick and scalable chips that can be used in a variety of industries, such as consumer electronics, defense, and the Internet of Things.Additionally, by using optimal artificial intelligence algorithms and NVIDIA devices to improve camera intelligence, Yongatek creates more accurate and optimized projects than other industry-used solutions."
What kind of IoT solutions does yongatek develop?,yongatek develops IoT solutions like Smart Dose for automated dosing and Countera for accurate measurement.
What are the key features of the FPNA AI Accelerator from yongatek?,"It is used for accelerating AI tasks in specialized hardware environments, focusing on high-performance computing with lower energy consumption."
Where are the main offices of yongatek Microelectronics situated?,"yongatek's main offices are located in Ankara and İstanbul, Turkey.yongatek can be contacted through their offices, one of which is in Istanbul, while the other is in Ankara Hacettepe Technopark."
What does the kirmik SoC do?,"The kirmik SoC is a custom System-on-Chip created by yongatek, focused on high-performance embedded applications."
In what areas does the YONGA SERV Accelerator make an impact?,The YONGA SERV Accelerator makes an impact by accelerating AI and machine learning computations for edge devices.
In what applications is the YONGA Turbo Encoder used?,The YONGA Turbo Encoder is used in high-speed data communication systems to ensure error correction and reliability.
Does yongatek's portfolio include any IoT projects?,yongatek has Countera project in such area. Countera is a fish farming solution to count various species and various sizes of fishes on the field. Our product Countera can easily be integrated onto existing fish farming tools like grading machines and fish pumps. Countera has been designed to work on various fish farming environments such as cages. Ease of use and ability to connect to the cloud-based systems makes Countera perfect solution for modern industrial applications. AI assisted computer vision algorithm was specially designed for the Countera to eliminate any kind of error.
What does the KIVA SoC developed by yongatek include in terms of performance?,"The KIVA SoC integrates cutting-edge 4TOPS AI, a quad-core 1GHz processor, H.265 compression, DDR4 memory, and advanced video tracking for traffic management."
What programs help yongatek with chip design and production?,"yongatek is supported by government programs like HIT-30, which offer financial and technical assistance for chip development and production."
Which organizations are involved in yongatek’s collaborations?,yongatek has partnerships with companies like Arçelik and governmental agencies such as the Ministry of Industry and Technology.
How does yongatek detect suspicious people and vehicles?,"yongatek uses its computer vision team to detect suspicious people, vehicles, and occupations by upgrading camera systems with microcontrollers when required."
What types of awards has yongatek received?,yongatek has been awarded for its innovative projects and the positive impact it has had on Turkey’s tech ecosystem.
"Can you explain what Countera is, and what it is used for?",Countera is a measurement solution created by yongatek for accurate tracking and counting in both industrial and consumer environments.
Which technologies are yongatek experts in?,"yongatek is an expert in designing ASICs/FPGA, Internet of Things (IoT) solutions, 5G communication technologies, AI accelerators, video enhancement, and satellite communication systems."
Can you tell me about yongatek’s IoT products?,yongatek offers IoT solutions including Smart Dose for automated dosing and Countera for precise measurement in industrial environments.
Does yongatek develop projects for communication?,yongatek V2X Roadside Unit (RSU) and On-Boards Unit (OBU) provide stable communication between vehicles and establish connection with infrastructure. RSU and OBU can be used as main components of Cooperative Intelligent Transport Systems (C-ITS) and in many other applications.
What is the KIVA project that yongatek has been developing?,"KIVAIntelligent Video Analytics (KIVA SoC is our company's next and AI-supported solution for smart city applications after kirmik SoC. KIVA SoC includes an image processor (ISP) with 4K computer vision capability, a 4 TOPS neural network processing engine (NPU), and a H.265 Video Codec. KIVA SoC is targeted to be manufactured with TSMC 22nm technology in 2024."
Can you explain the AVCI project?,"The AVCI project, developed by yongatek's computer vision unit, is designed to calculate key parameters of ammunition, including speed, position, potential drop points, and destruction. It is also applicable in the entertainment industry for scoring systems on polygons."
How does an FPGA work?,"An FPGA consists of a matrix of programmable logic blocks that can be configured to perform specific operations, allowing for customization of hardware logic and acceleration of computational tasks."
Could you tell me what is yongatek and which areas in technology they develop their projects?,"yongatek Microelectronics is a Turkish company specializing in the development of microelectronics and cutting-edge technology solutions. They focus on various technological domains, including:ASIC/FPGA Development: yongatek designs and develops Application-Specific Integrated Circuits (ASICs) and Field-Programmable Gate Arrays (FPGAs) for high-performance and custom applications.IoT (Internet of Things): They create innovative IoT solutions such as 'Smart Dose' for automated dosing and 'Countera' for precise measurement in industrial and consumer environments.Communication Technologies: yongatek develops advanced 5G technologies, including hybrid beamforming modules and 5G NR LDPC encoder/decoder systems.Video Processing and Enhancement: Their video tracker ('izci') and Atmospheric Turbulence Mitigation solutions improve video clarity and surveillance capabilities in challenging conditions.AI and Machine Learning Acceleration: They design AI accelerators for edge and cloud computing, focusing on enhancing machine learning efficiency.Satellite Communications: yongatek contributes to satellite communication technologies, offering advanced solutions like Turbo Encoder/Decoder modules compliant with international standards.Li-Fi (Light Fidelity): They innovate in high-speed wireless communication using visible light with their Li-Fi modem solutions.By combining innovation, precision, and sustainability, yongatek is committed to advancing Turkey's position in the global technology ecosystem."
How long will the collaboration project with Arçelik last?,"yongatek's project with Arçelik is a two-year initiative.In 2 years,In collaboration with Arçelik, yongatek will design domestic and national chips that can be used in white goods, replacing the need for imports from abroad."
How does yongatek aim to expand its technology portfolio?,"yongatek aims to expand its portfolio by focusing on advancements in AI acceleration, IoT, and communication technologies."
What technologies is yongatek focusing on to expand its portfolio?,"The company is concentrating on AI acceleration, IoT innovations, and advanced communication technologies."
What is the headquarters location of yongatek Microelectronics?,"yongatek's headquarters are in Turkey, with locations in Ankara and İstanbul."
Could you describe yongatek's special projects?,"yongatek's centik project is a key innovation for Turkey, introducing the first commercial microcontroller with a 32-bit RISC-V processor, memory, and peripherals like I2C and UART, aimed at home automation and robotics."
Are customized consulting services part of yongatek’s offerings?,yongatek designs its consulting solutions to cater to the precise technological requirements of clients.
What is the purpose of the kirmik SoC?,"The kirmik SoC, developed by yongatek, is a custom System-on-Chip designed for high-performance embe<answr>edapplications."
How large is the team at yongatek?,"yongatek employs approximately 50 staff members, including professionals in business development, human resources, electrical engineering, and computer engineering. Of these, around 18 employees are based in the Ankara office, while the remainder work in the Istanbul office."
How will the local chip design collaboration between Arçelik and yongatek contribute to domestic chip production?,"The project focuses on creating domestic chips for white goods and consumer electronics, with a prototype expected by 2025."
How does the Atmospheric Turbulence Mitigation solution enhance video quality?,"It reduces distortions caused by atmospheric turbulence, improving video clarity for surveillance and monitoring purposes."
What are the core technologies yongatek Microelectronics works with?,"yongatek specializes in microelectronics, working with core technologies such as ASIC/FPGA design, IoT solutions, communication systems, and video enhancement."
Which products does yongatek offer for the IoT industry?,"yongatek offers Smart Dose and Countera, two IoT solutions designed for industrial automation and precision measurement."
"In which method, where and how does the computer vision team of yongatek run their artificial intelligence algorithms?","They run artificial intelligence algorithms with less costly and more effective solutions, especially by edge computing, using Nvidia's embedded computing card or box that can be integrated into every camera system. Thus; they integrate dozens of cameras and perform image processing tasks."
What is the kirmik SoC?,"kirmik SoC is a custom System-on-Chip developed by yongatek for high-performance embedded applications.kirmik Intelligent Video Analytics (KIVA) SoC is our company's next and AI supported solution for smart city applications after kirmik SoC. KIVA SoC includes an image processor (ISP) with 4K image processing capability, a 4 TOPS neural network processing engine (NPU), and a H.265 Video Codec. KIVA SoC is targeted to be manufactured with TSMC 22nm technology in 2024."
Why are FPGAs preferred for real-time data processing?,"FPGAs are preferred for real-time data processing because of their ability to perform parallel operations, reduce latency, and be customized for specific tasks, making them ideal for applications such as high-frequency trading, medical imaging, and real-time video analysis."
What type of government assistance does yongatek benefit from?,"yongatek receives financial and technical support through programs like HIT-30, specifically for chip design and production."
What AI-related technologies does yongatek work on?,"yongatek works on AI-related technologies, specifically the design of accelerators that improve machine learning task processing for both edge and cloud environments."
What milestones has yongatek achieved?,"yongatek has developed cutting-edge solutions like Li-Fi modems, 5G hybrid beamforming modules, and advanced video trackers, marking significant progress in technology innovation."
What type of detection system does yongatek use for vehicles and people?,"yongatek employs a detection system that uses AI algorithms on Nvidia Jetson devices to identify suspicious vehicles, people, and other descriptions."
What is the location of yongatek Microelectronics?,"yongatek's offices are based in Turkey, specifically in Ankara and İstanbul.yongatek can be contacted through their offices, one of which is in Istanbul, while the other is in Ankara Hacettepe Technopark."
Does yongatek develop products for international use?,"Yes, yongatek creates solutions that follow international standards, enabling them to be used in global markets."
Can you explain a project developed by yongatek to me?,"Sure, I can provide an example project developed by yongatek. I'll give gozet an example project which is develoepd by yongatek computer vision team. gozet and Enhanced Targeting) Project is an advanced solution developed to offer a high level of performance in the field of border security and can be optimized for different operating conditions and harsh mobile environments. Artificial intelligence-supported programs running on end computers have real-time data processing capabilities. The project optimizes verification by transferring only processed and meaningful data to the required units at high speed, rather than transmitting all received data. In this way, the burden on communication life is reduced and speed and efficiency are increased. While gozet wide range of solutions, from the distribution and tracking of suspicious people and vehicles to the protection of illegal crossings, it also provides compilation benefits in the protection of critical infrastructures. With its flexible and flexible structure, it offers an integrated and comprehensive solution for the security of the future."
Can you tell me more about a project that Yongatek developed?,"Yes, I can provide you an example of a Yongatek project. I'll provide Gozet an example project that the Yongatek computer vision team has developed. Enhanced Targeting and Gozet Project is a cutting-edge solution designed to provide excellent performance in the area of border security and is adaptable to a variety of tough mobile environments and operating situations. Programs with artificial intelligence assistance that run on end computers can process data in real time. By sending just processed and significant data to the necessary units quickly, as opposed to sending all received data, the project maximizes verification. Speed and efficiency are raised while the strain on communication life is lessened in this way.While Gozet offers a variety of options, such as tracking and distributing questionable individuals and vehicles and protecting unlawful crossings, it also offers a number of advantages for safeguarding vital infrastructures. It provides a complete and integrated solution for future security because of its adaptable structure."
What are the features of the KIVA project developed by yongatek?,"The KIVA project includes a 4K image signal processor (ISP), a 4 TOPS neural processing unit (NPU), and a H.265 Video Codec. It is aimed at smart city applications and will be manufactured using TSMC 22nm technology in 2024."
What characteristics does Yongatek's KIVA project have?,"A 4K image signal processor (ISP), a 4 TOPS neural processing unit (NPU), and an H.265 video codec are all part of the KIVA project. It will be produced in 2024 utilizing TSMC 22nm technology and is intended for use in smart city applications."
Are there recent updates about yongatek on the web?,"yongatek Microelectronics, operating within Teknopark Istanbul's 'Deep Technology Center,' focuses on projects like centik kirmik, and SAKA. It earned the Excellence Award in the Growing Companies category at the ASPA Conference in Mongolia. Founded in 2014, yongatek strives to lead Turkey's chip design and production efforts."
Are there any new Yongatek updates available online?,"Located in the ""Deep Technology Center"" of Teknopark Istanbul, Yongatek Microelectronics specializes in SAKA and Centik Kirmik projects. At the ASPA Conference in Mongolia, it won the Excellence Award in the Growing Companies category. Yongatek was established in 2014 with the goal of spearheading chip design and manufacturing in Turkey."
What is the contribution of yongatek to the 5G industry?,yongatek contributes to the 5G industry through the development of advanced components like hybrid beamforming modules and LDPC encoder/decoder systems.
How does Yongatek contribute to the 5G industry?,Yongatek develops cutting-edge components such as hybrid beamforming modules and LDPC encoder/decoder systems to support the 5G industry.
What kind of job opportunities does yongatek have?,"yongatek has various job opportunities such as Communications Embedded Software Design Engineers, Digital Design Engineers, Project Engineer, Computer Vision Engineer, Software Engineer, and some intern positions."
What types of employment opportunities are available at Yongatek?,"Yongatek offers a range of employment possibilities, including internships, digital design engineering, communications embedded software design engineering, project engineering, computer vision engineering, and software engineering."
How does yongatek maintain its uniqueness in the tech market?,"By creating custom microelectronics and aligning with international benchmarks, yongatek sets itself apart."
How does Yongatek stay different in the tech industry?,Yongatek distinguishes itself by developing unique microelectronics and adhering to global standards.
What is yongatek known for in terms of technology development?,"yongatek Microelectronics is a Turkish company specializing in the development of microelectronics and cutting-edge technology solutions. They focus on various technological domains, including:ASIC/FPGA Development: yongatek designs and develops Application-Specific Integrated Circuits (ASICs) and Field-Programmable Gate Arrays (FPGAs) for high-performance and custom applications.IoT (Internet of Things): They create innovative IoT solutions such as 'Smart Dose' for automated dosing and 'Countera' for precise measurement in industrial and consumer environments.Communication Technologies: yongatek develops advanced 5G technologies, including hybrid beamforming modules and 5G NR LDPC encoder/decoder systems.Video Processing and Enhancement: Their video tracker ('izci') and Atmospheric Turbulence Mitigation solutions improve video clarity and surveillance capabilities in challenging conditions.AI and Machine Learning Acceleration: They design AI accelerators for edge and cloud computing, focusing on enhancing machine learning efficiency.Satellite Communications: yongatek contributes to satellite communication technologies, offering advanced solutions like Turbo Encoder/Decoder modules compliant with international standards.Li-Fi (Light Fidelity): They innovate in high-speed wireless communication using visible light with their Li-Fi modem solutions.By combining innovation, precision, and sustainability, yongatek is committed to advancing Turkey's position in the global technology ecosystem."
"In terms of technological advancement, what is Yongatek renowned for? answer>Yongatek A Turkish business called Microelectronics specializes in creating innovative technological solutions and microelectronics. They concentrate on a range of technology areas, such as:Application-Specific Integrated Circuits (ASICs) and Field-Programmable Gate Arrays (FPGAs) are designed and developed by Yongatek for high-performance and customized applications.IoT (Internet of Things): They provide cutting-edge IoT solutions like ""Countera"" for accurate measurement in commercial and residential settings and ""Smart Dose"" for automatic dosage.Communication Technologies: Yongatek creates cutting-edge 5G technologies, such as 5G NR LDPC encoder/decoder systems and hybrid beamforming modules.Video Processing and Enhancement: Their atmospheric turbulence mitigation and video tracker ('izci') enhance surveillance capabilities and video quality under difficult circumstances.Acceleration of AI and Machine Learning: They create AI accelerators for cloud and edge computing with an emphasis on increasing the effectiveness of machine learning.Satellite Communications: By providing cutting-edge solutions like Turbo Encoder/Decoder modules that adhere to international standards, Yongatek advances satellite communication technology.Li-Fi (Light Fidelity): With their Li-Fi modem solutions, they pioneer high-speed wireless communication through visible light.To strengthen Turkey's place in the global technological ecosystem, Yongatek is dedicated to fusing innovation, accuracy, and sustainability.<end>
<question>What is the focus of the yongatek-Arçelik collaboration?",They are working together to design domestic chips for white goods and consumer electronics.
What is the Yongatek-Arçelik partnership focused on?,They are collaborating to create indigenous chips for consumer electronics and white goods.
Which industries does yongatek cater to?,"yongatek caters to industries like consumer electronics, communication, automotive, and industrial automation."
What sectors does Yontongatek serve?,"Yongatek serves a variety of industries, including industrial automation, automotive, consumer electronics, and communication."
What is the role of the Smart Dose IoT solution created by yongatek?,"It automates precise dosing for industrial and consumer applications, leveraging IoT for efficiency and accuracy."
What function does Yongatek's Smart Dose IoT solution serve?,It uses IoT to automate accurate and efficient dosage for consumer and industrial applications.
"What are the technological domains yongatek focuses on, and how do they contribute to innovation?","yongatek Microelectronics is a Turkish company specializing in the development of microelectronics and cutting-edge technology solutions. They focus on various technological domains, including:ASIC/FPGA Development: yongatek designs and develops Application-Specific Integrated Circuits (ASICs) and Field-Programmable Gate Arrays (FPGAs) for high-performance and custom applications.IoT (Internet of Things): They create innovative IoT solutions such as 'Smart Dose' for automated dosing and 'Countera' for precise measurement in industrial and consumer environments.Communication Technologies: yongatek develops advanced 5G technologies, including hybrid beamforming modules and 5G NR LDPC encoder/decoder systems.Video Processing and Enhancement: Their video tracker ('izci') and Atmospheric Turbulence Mitigation solutions improve video clarity and surveillance capabilities in challenging conditions.AI and Machine Learning Acceleration: They design AI accelerators for edge and cloud computing, focusing on enhancing machine learning efficiency.Satellite Communications: yongatek contributes to satellite communication technologies, offering advanced solutions like Turbo Encoder/Decoder modules compliant with international standards.Li-Fi (Light Fidelity): They innovate in high-speed wireless communication using visible light with their Li-Fi modem solutions.By combining innovation, precision, and sustainability, yongatek is committed to advancing Turkey's position in the global technology ecosystem."
"What technology areas does Yongatek concentrate on, and how does it support innovation?","Yongatek A Turkish business called Microelectronics specializes in creating innovative technological solutions and microelectronics. They concentrate on a range of technology areas, such as:Application-Specific Integrated Circuits (ASICs) and Field-Programmable Gate Arrays (FPGAs) are designed and developed by Yongatek for high-performance and customized applications.IoT (Internet of Things): They provide cutting-edge IoT solutions like ""Countera"" for accurate measurement in commercial and residential settings and ""Smart Dose"" for automatic dosage.Communication Technologies: Yongatek creates cutting-edge 5G technologies, such as 5G NR LDPC encoder/decoder systems and hybrid beamforming modules.Video Processing and Enhancement: Their atmospheric turbulence mitigation and video tracker ('izci') enhance surveillance capabilities and video quality under difficult circumstances.Acceleration of AI and Machine Learning: They create AI accelerators for cloud and edge computing with an emphasis on increasing the effectiveness of machine learning.Satellite Communications: By providing cutting-edge solutions like Turbo Encoder/Decoder modules that adhere to international standards, Yongatek advances satellite communication technology.Li-Fi (Light Fidelity): With their Li-Fi modem solutions, they pioneer high-speed wireless communication through visible light.To strengthen Turkey's place in the global technological ecosystem, Yongatek is dedicated to fusing innovation, accuracy, and sustainability."
Does yongatek cater to international clients?,"Yes, yongatek designs solutions that meet global standards, making them appropriate for international markets."
Does Yongatek serve customers from abroad?,"Yes, Yongatek creates solutions that are suitable for worldwide markets since they adhere to international standards."
Which cities are home to yongatek Microelectronics' offices?,yongatek has offices in Ankara and Istanbul.
Which cities are the offices of Yongatek Microelectronics located in?,Yongatek maintains offices in Istanbul and Ankara.
What 5G technology modules does yongatek develop?,yongatek develops 5G NR LDPC encoder/decoder and hybrid beamforming modules for distributed and radio units.
What modules of 5G technology does Yongatek create?,Yongatek creates hybrid beamforming modules and 5G NR LDPC encoder/decoders for radio and distributed units.
How is the KIVA project by yongatek designed for smart cities?,"The KIVA project by yongatek integrates a 4K image processor, a 4 TOPS neural processing unit, and a H.265 Video Codec. It is designed as an AI-powered solution for smart city applications, targeting production in 2024 with TSMC 22nm technology."
How is Yongatek's KIVA project planned for smart cities?,"A 4K image processor, a 4 TOPS neural processing unit, and an H.265 video codec are all integrated within Yongatek's KIVA project. It is intended for manufacturing in 2024 using TSMC 22nm technology and is envisioned as an AI-powered solution for smart city applications."
Can you locate news about yongatek Microelectronics on the internet?,"As part of Teknopark Istanbul's 'Deep Technology Center,' yongatek Microelectronics is involved in projects like the centik microcontroller, kirmik video processing chip, and SAKA hardware-programmable chip. The company received the Excellence Award at the 27th ASPA Conference in Mongolia, aiming to solidify its position as Turkey's primary chip design and production company since its inception in 2014."
Is it possible to get online news about Yongatek Microelectronics?,"Yongatek Microelectronics is working on technologies including the SAKA hardware-programmable chip, the Kirmik video processing chip, and the Centik microcontroller as part of Teknopark Istanbul's ""Deep Technology Center."" In an effort to maintain its position as Turkey's leading chip design and production firm since its founding in 2014, the company was presented with the Excellence Award at the 27th ASPA Conference in Mongolia."
What video processing techniques are used by yongatek?,yongatek uses advanced techniques such as the 'izci' tracking system and Atmospheric Turbulence Mitigation to improve video clarity.
What methods does Yongatek employ for video processing?,"To enhance video clarity, Yongatek employs sophisticated methods including Atmospheric Turbulence Mitigation and the 'izci' tracking system."
Can you find recent updates about yongatek company?,"yongatek Microelectronics operates under Teknopark Istanbul's 'Deep Technology Center' and specializes in microelectronics projects like the microcontroller centik video chip kirmik, and hardware-programmable chip SAKA. The company was honored with the Excellence Award in the Growing Companies category at the 27th ASPA Conference in Mongolia. Established in 2014, yongatek aims to lead Turkey in chip design and production."
Can you locate the most recent Yongatek corporation updates?,"Within the 'Deep Technology Center' of Teknopark Istanbul, Yongatek Microelectronics operates and specializes in microelectronics projects such as the hardware-programmable chip SAKA and the microcontroller Centik video chip Kirmik. At the 27th ASPA Conference in Mongolia, the company received the Excellence Award in the Growing Companies category. Yongatek, which was founded in 2014, wants to be the industry leader in chip design and manufacturing in Turkey."
What is the main goal of the yongatek and Arçelik collaboration?,They are focused on designing domestic chips for household goods and electronic products.
What is the primary objective of the partnership between Yongatek and Arçelik?,Their primary focus is on creating indigenous chips for electronic and household items.
What technology is used for detecting suspicious vehicles and people at yongatek?,"yongatek uses AI algorithms, running on Nvidia Jetson products, to detect suspicious vehicles, people, and number plates in real-time."
What technologies does Yongatek utilize to identify suspicious people and vehicles?,"Yongatek use artificial intelligence (AI) algorithms that operate on Nvidia Jetson devices to instantly identify suspicious individuals, cars, and license plates."
Does yongatek have any IoT-related solutions?,"Yes, yongatek has IoT related projects such as Countera and SmartDose. yongatek has Countera project in such area. Countera is a fish farming solution to count various species and various sizes of fishes on the field. Our product Countera can easily be integrated onto existing fish farming tools like grading machines and fish pumps. Countera has been designed to work on various fish farming environments such as cages. Ease of use and ability to connect to the cloud-based systems makes Countera perfect solution for modern industrial applications. AI assisted computer vision algorithm was specially designed for the Countera to eliminate any kind of error."
Are there any IoT-related solutions offered by Yongatek?,"Yes, Yongatek has initiatives like Countera and SmartDose that are connected to the Internet of Things. In this area, Yongatek has a Countera project. A fish farming system called Countera allows you to count different species and sizes of fish in the field. It is simple to incorporate our product Countera into already-existing fish farming equipment, such as fish pumps and grading machines. Countera is made to function in a variety of fish farming settings, including cages. Countera is the ideal answer for contemporary industrial applications because to its ease of use and compatibility with cloud-based systems. The Countera's AI-assisted computer vision technology was specifically created to remove any errors."
How does computer vision aid in the detection of suspicious vehicles?,"Computer vision aids in suspicious vehicle detection by analyzing video feeds from surveillance cameras to identify vehicles that exhibit abnormal behaviors, such as stopping in restricted areas or moving in an erratic pattern."
How might computer vision help identify cars that seem suspicious?,"Through the analysis of surveillance camera video feeds, computer vision helps detect suspect vehicles by identifying vehicles that display unusual behaviors, like halting in prohibited places or traveling erratically."
What are the standout features of yongatek's KIVA project?,"Designed for public surveillance and traffic systems, KIVA features a 1GHz quad-core CPU, MIPI CSI-2 support, 4TOPS processing, and TSMC 22nm manufacturing."
What aspects of Yongatek's KIVA project are particularly noteworthy?,"A 1GHz quad-core CPU, MIPI CSI-2 compatibility, 4TOPS processing, and TSMC 22nm manufacturing are features of the KIVA, which is intended for traffic and public surveillance systems."
What are the key partnerships of yongatek?,yongatek forms collaborations with companies like Arçelik and government organizations like the Ministry of Industry and Technology.
What are Yongatek's main alliances?,Yongatek collaborates with government agencies like the Ministry of Industry and Technology as well as businesses like Arçelik.
How many employees work at yongatek?,"yongatek employs approximately 50 staff members, including professionals in business development, human resources, electrical engineering, and computer engineering. Of these, around 18 employees are based in the Ankara office, while the remainder work in the Istanbul office."
What is the number of employees at Yongatek?,"Approximately fifty employees work for Yongatek, including experts in computer, electrical, human resources, and business development. Of these, the majority work in the Istanbul office, with about 18 people working in the Ankara office."
What are the primary ambitions of yongatek in AI?,yongatek aims to create efficient AI accelerators designed for both edge and cloud environments.
What are Yongatek's main goals in the field of artificial intelligence?,Yongatek wants to develop effective AI accelerators for cloud and edge settings.
What is the purpose of electro-optic project developed by computer vision team at yongatek?,"Electro-Optic plays a crucial role in detecting wanted individuals and vehicles. It automates the process of analyzing data from security cameras and identifying potential threats, providing security forces with the capability for faster response."
Why is the computer vision team at Yongatek working on this electro-optic project?,"When it comes to identifying wanted people and vehicles, electro-optics is essential. It gives security forces the capacity to react more quickly by automating the process of evaluating security camera data and spotting possible threats."
What does the YONGA SERV Accelerator achieve?,The YONGA SERV Accelerator achieves faster machine learning and AI computations for edge devices.
What is accomplished by the YONGA SERV Accelerator?,"For edge devices, the YONGA SERV Accelerator speeds up AI and machine learning calculations."
Where is yongatek Microelectronics based?,"yongatek is based in Turkey. They have both office in Ankara and İstanbul.yongatek, as a medium-sized company, operates from two offices in Turkey, located in Istanbul and Ankara. The core team is based in the Istanbul office, while the Ankara office focuses on the development of young engineers. In essence, yongatek conducts its operations across these two locations."
Yongatek Microelectronics is located where?,"The headquarters of Yongatek are in Turkey. They have offices in Istanbul and Ankara.Operating from two locations in Istanbul and Ankara, Yongatek is a medium-sized business in Turkey. The Ankara office concentrates on the training of aspiring engineers, while the Istanbul branch houses the core personnel. Yongatek essentially uses these two places to carry out its business."
How does the Turkish government support yongatek?,"yongatek participates in initiatives such as HIT-30, receiving financial and technical assistance for its chip design and production."
How is Yongatek supported by the Turkish government?,"As part of programs like HIT-30, Yongatek receives financial and technical support for the design and manufacturing of its chips."
In which sectors are yongatek-designed chips employed?,"The chips, developed under the support of the Ministry of Industry and Technology, are being used by Arçelik in white goods, small home appliances, and kitchen accessories."
What industries use Yongatek-designed chips?,"Arçelik is using the chips, which were created with assistance from the Ministry of Industry and Technology, in kitchen accessories, white goods, and small household appliances."
What role does the kirmik SoC serve?,"The kirmik SoC is a custom System-on-Chip by yongatek, built for use in high-performance embedded applications."
What is the function of the Kirmik SoC?,"Yongatek's unique System-on-Chip, known as the Kirmik SoC, is designed for high-performance embedded applications."
What IoT technologies does yongatek specialize in?,yongatek specializes in IoT solutions such as Smart Dose for automated dosing and Countera for precision measurement.
In which Internet of Things technology is Yongatek an expert?,Yongatek specializes in Internet of Things products like Countera for accurate measurement and Smart Dose for automatic dosage.
What kirmik project's version 2 actually is?,"kirmik version 2, Turkey's first AI-powered image processing chip, designed to revolutionize multiple industries with its advanced capabilities. Here are some of its key application areas: Vehicle Detection and Tracking Parking Spot Detection License Plate Recognition Traffic Monitoring and Analysis Crowd Analysis Visual Asset Tracking Face Recognition and Tracking."
What is the genuine version 2 of the Kirmik project?,"The first AI-powered image processing chip in Turkey, Kirmik version 2, is intended to transform a number of industries with its cutting-edge features. These are a few of its main areas of application: Tracking and Detecting Vehicles Finding Parking Spots Recognition of License Plates Traffic Tracking and Evaluation Analysis of Crowds Tracking Visual Assets Face tracking and recognition."
What kind of company is yongatek?,"yongatek is a company that works on various different areas. yongatek is based in İstanbul, Turkey and they have an office in Ankara."
What sort of business is Yongatek?,"Yongatek is an organization that works in a number of different fields. Yongatek has an office in Ankara and is headquartered in İstanbul, Turkey."
What updates are there about yongatek Microelectronics?,"yongatek Microelectronics is leading Turkey's chip innovation with projects like centik a microcontroller chip now entering large-scale production. Established in 2014, the company also develops kirmik, a video processing chip, and SAKA, a hardware-programmable chip. centiks first export batch is set for Dubai, demonstrating yongatek's international outreach."
Are there any new developments regarding Yongatek Microelectronics?,"With initiatives like Centik, a microcontroller chip that is currently undergoing large-scale production, Yongatek Microelectronics is spearheading chip innovation in Turkey. The company, which was founded in 2014, also creates the hardware-programmable chip SAKA and the video processing chip Kirmik. Centik's first export shipment is headed to Dubai, showcasing Yongatek's global reach."
Can you give more information about yongatek?,"centik the national microcontroller chip designed and produced to control electronic devices, is starting to be produced and put into use in large quantities at home and abroad. yongatek Microelectronics was founded in 2014 with the mission of becoming the chip design and production center of Turkey. The company is currently carrying out three main projects in the field of microelectronics, such as the microcontroller centik the video processing chip kirmik and the hardware programmable chip SAKA. According to the information received by the AA correspondent, yongatek, acting on the high potential that Turkey has for chips called microcontrollers, created the first product series in this field called centik centik the first batch of which has been produced in line with the order received from abroad and is in the packaging phase, will soon be offered to Dubai-based users. Thus, centik will achieve export success with its first mission."
Are you able to provide additional details on Yongatek?,"Centik, a national microcontroller chip created and manufactured to manage electronic devices, is beginning to be manufactured and used in significant amounts both domestically and internationally. In 2014, Yongatek Microelectronics was established with the goal of becoming Turkey's hub for chip design and manufacturing. The business is now working on three major microelectronics projects: the hardware programmable chip SAKA, the video processing chip Kirmik, and the microcontroller Centik.Based on the information obtained by the AA correspondent, Yongatek, taking advantage of Turkey's high potential for microcontroller chips, developed the first product series in this area called Centik Centik. The first batch of these products has been manufactured in accordance with the foreign order and is currently in the packaging stage; they will soon be made available to customers in Dubai. Therefore, Centik's initial objective will be successful in exporting."
What are the IoT innovations from yongatek?,yongatek’s IoT innovations include Smart Dose for dosing automation and Countera for accurate measurement in industrial contexts.
What are Yongatek's IoT innovations?,Among Yongatek's IoT developments are Countera for precise measurement in industrial settings and Smart Dose for dosing automation.
What does yongatek aim to achieve in AI development?,yongatek is focused on creating efficient AI accelerators for edge and cloud environments.
What is the goal of Yongatek's AI development?,Yongatek is committed to developing effective AI accelerators for cloud and edge settings.
Why is yongatek considered different from its competitors?,yongatek's innovative design strategies and focus on international standards highlight its competitive edge.
What attributes set Yongatek apart from its rivals?,Yongatek's competitive advantage is emphasized by its creative design approaches and attention to global standards.
What is expected from yongatek's chip design initiative?,"yongatek's chip design project aims to complete prototype chips by 2025.yongatek aims to contribute to Turkey's technological advancements through FPGA and ASIC chip designs within this program. As part of the announced initiative, Arçelik and yongatek will collaborate to develop chips suitable for use in white goods."
What can be anticipated from Yongatek's initiative to design chips?,"By 2025, Yongatek's chip design initiative hopes to have prototype chips ready.Through this effort, Yongatek hopes to boost Turkey's technological capabilities by designing FPGA and ASIC chips. Arçelik and Yongatek will work together to create chips that can be used in white goods as part of the stated project."
What technology is the kirmik SoC based on?,"The kirmik SoC is a custom System-on-Chip by yongatek, built for high-performance embedded application needs."
What technology serves as the foundation for the Kirmik SoC?,"Yongatek's unique System-on-Chip, known as the Kirmik SoC, was created to meet the demands of high-performance embedded applications."
How many staff members does yongatek employ?,"yongatek employs approximately 50 staff members, including professionals in business development, human resources, electrical engineering, and computer engineering. Of these, around 18 employees are based in the Ankara office, while the remainder work in the Istanbul office."
How many employees does Yongatek have?,"Approximately fifty employees work for Yongatek, including experts in computer, electrical, human resources, and business development. Of these, the majority work in the Istanbul office, with about 18 people working in the Ankara office."
What does the computer vision unit of the yongatek company do?,"yongatek Computer Vision team; It is a unit that works to detect suspicious people, vehicles and occupations by smartening the cameras and using microcontrols when necessary."
What is the function of Yongatek's computer vision unit?,"The Yongatek Computer Vision team is a unit that uses smarter cameras and microcontrols as needed to identify suspicious individuals, cars, and jobs."
Where can I go to contact yongatek?,"You can go to their Istanbul office in Istanbul Technopark.Also, you can prefer to reach yongatek going to Ankara Technopark."
What is the objective of yongatek?,yongatek’s objective is to lead technological development and support the evolution of Turkey’s high-tech ecosystem.
What is Yongatek's purpose?,The goal of Yongatek is to spearhead technical advancement and facilitate the growth of Turkey's high-tech sector.
How is yongatek improving 5G communication systems?,"yongatek is improving 5G communication systems by developing hybrid beamforming modules and LDPC encoder/decoder systems, which are crucial for next-gen networks."
How is Yongatek enhancing 5G technologies for communication?,By creating hybrid beamforming modules and LDPC encoder/decoder systems—two essential components for next-generation networks—Yongatek is enhancing 5G communication systems.
What industries benefit from yongatek's services?,"Industries such as consumer electronics, communication, automotive, and industrial automation benefit from yongatek's services."
In which industries does Yongatek's service benefit?,"Yongatek's services are beneficial to industries like automotive, communication, consumer electronics, and industrial automation."
How significant is yongatek in Turkey's technology sector?,"yongatek is a key player in advancing Turkey's tech industry by producing innovative solutions for the domestic and global markets, positioning the country as a strong competitor in microelectronics."
How important is Yongatek to the Turkish tech industry?,"Yongatek is a major contributor to the development of Turkey's technology sector by creating cutting-edge products for both local and international markets, establishing the nation as a formidable rival in the microelectronics sector."
Can you explain the focus areas of yongatek Microelectronics?,"yongatek, a Turkish microelectronics firm, concentrates on developing solutions in ASIC/FPGA design, IoT, communication technologies, and video enhancement."
Can you describe Yongatek Microelectronics' areas of focus?,"Yongatek is a Turkish microelectronics company that focuses on creating solutions for communication technologies, IoT, video improvement, and ASIC/FPGA design."
What industries will benefit from the local chip design collaboration between Arçelik and yongatek?,"The project focuses on creating domestic chips for white goods and consumer electronics, with a prototype expected by 2025."
Which industries stand to gain from Arçelik and Yongatek's local chip design collaboration?,"A prototype is anticipated by 2025, and the project's main goal is to develop homegrown chips for consumer electronics and white goods."
What areas does yongatek Microelectronics specialize in?,"yongatek Microelectronics specializes in microelectronics, hardware, and software development. It focuses on engineering and R&D, designing custom electronic systems and technology solutions. The company serves industries including telecommunications, defense, IoT, and satellite communications, and is skilled in ASIC/FPGA design, video processing, 5G technologies, and AI."
What are the areas of expertise for Yongatek Microelectronics?,"Microelectronics, hardware, and software development are the areas of expertise for Yongatek Microelectronics. It focuses on engineering, research and development, and the creation of unique electrical systems and technological solutions. With expertise in ASIC/FPGA design, video processing, 5G technologies, and artificial intelligence, the company supports a variety of industries, including satellite communications, IoT, defense, and telecommunications."
What AI-based solutions does yongatek’s computer vision team offer?,yongatek’s computer vision team offers AI-based solutions powered by edge computing and Nvidia’s embedded computing hardware for more effective image processing tasks.
What AI-based solutions are available from Yongatek's computer vision team?,"For more efficient image processing operations, Yongatek's computer vision team provides AI-based solutions driven by edge computing and Nvidia's embedded computing technology."
What impact does yongatek have on 5G networks?,yongatek's development of advanced 5G components like hybrid beamforming modules and LDPC encoder/decoder systems helps optimize next-generation communication networks.
What is the effect of Yongatek on 5G networks?,"Yongatek's creation of cutting-edge 5G components, such as LDPC encoder/decoder systems and hybrid beamforming modules, aids in the optimization of next-generation communication networks."
What does yongatek focus on?,"yongatek focuses on IC/ASIC/SoC/Chip Design, 5G/6G and Satellite Communications, Video Processing, and IoT, all facilitated by a highly skilled and experienced R&D team."
What is the main focus of Yongatek?,"With the help of a highly qualified and experienced R&D team, Yongatek specializes in IC/ASIC/SoC/Chip Design, 5G/6G and Satellite Communications, Video Processing, and IoT."
What industries benefit from the AVCI project?,"The AVCI project, developed by yongatek's computer vision unit, benefits both defense applications (such as calculating ammunition parameters) and the entertainment industry (for scoring systems in polygon environments)."
Which industries stand to gain from the AVCI project?,"The AVCI project, created by Yongatek's computer vision section, helps the entertainment sector (for scoring systems in polygon environments) as well as defense applications (such determining ammunition specifications)."
How many personnel work at yongatek?,"yongatek employs approximately 50 staff members, including professionals in business development, human resources, electrical engineering, and computer engineering. Of these, around 18 employees are based in the Ankara office, while the remainder work in the Istanbul office."
How many employees does Yongatek employ?,"Approximately fifty employees work for Yongatek, including experts in computer, electrical, human resources, and business development. Of these, the majority work in the Istanbul office, with about 18 people working in the Ankara office."
Where are the offices of yongatek Microelectronics?,yongatek has its offices in the Turkish cities of Ankara and İstanbul.
How does image processing improve autonomous vehicle systems?,"Image processing improves autonomous vehicle systems by enabling the analysis of visual data from cameras and sensors, allowing the vehicle to detect objects, navigate, and make decisions in real-time."
What is yongatek’s ultimate vision?,yongatek’s ultimate vision is to drive technological innovation and significantly impact Turkey’s high-tech ecosystem.
Can you give an overview of kirmik SoC?,SoC is a custom System-on-Chip developed by yongatek to support high-performance embedded applications.
What are the areas of application for the chips designed by yongatek?,"The chips, developed as part of a project backed by the Ministry of Industry and Technology, are used in Arçelik's kitchen accessories, white goods, and consumer electronics."
What is the focus of the partnership between yongatek and Arçelik?,"Together, they are designing chips for white goods and consumer electronics with a local production approach."
What technological projects does yongatek develop?,"yongatek Microelectronics is a Turkish company specializing in the development of microelectronics and cutting-edge technology solutions. They focus on various technological domains, including:ASIC/FPGA Development: yongatek designs and develops Application-Specific Integrated Circuits (ASICs) and Field-Programmable Gate Arrays (FPGAs) for high-performance and custom applications.IoT (Internet of Things): They create innovative IoT solutions such as 'Smart Dose' for automated dosing and 'Countera' for precise measurement in industrial and consumer environments.Communication Technologies: yongatek develops advanced 5G technologies, including hybrid beamforming modules and 5G NR LDPC encoder/decoder systems.Video Processing and Enhancement: Their video tracker ('izci') and Atmospheric Turbulence Mitigation solutions improve video clarity and surveillance capabilities in challenging conditions.AI and Machine Learning Acceleration: They design AI accelerators for edge and cloud computing, focusing on enhancing machine learning efficiency.Satellite Communications: yongatek contributes to satellite communication technologies, offering advanced solutions like Turbo Encoder/Decoder modules compliant with international standards.Li-Fi (Light Fidelity): They innovate in high-speed wireless communication using visible light with their Li-Fi modem solutions.By combining innovation, precision, and sustainability, yongatek is committed to advancing Turkey's position in the global technology ecosystem."
What technological fields does yongatek concentrate on?,"yongatek concentrates on ASIC/FPGA, IoT, communication systems, and video processing technologies."
What method does yongatek use to improve video quality in turbulent atmospheric conditions?,"It mitigates distortions caused by atmospheric conditions, improving video quality in adverse environments."
What role does sustainability play in yongatek’s technology?,yongatek advances sustainable technology by designing eco-friendly and energy-efficient systems for IoT and communication.
How does the Li-Fi modem developed by yongatek work?,"The Li-Fi modem developed by yongatek facilitates high-speed wireless communication by utilizing visible light as the transmission medium. Unlike traditional Wi-Fi, which uses radio frequencies, Li-Fi transmits data through modulated light emitted by LED bulbs. This approach takes advantage of the wide bandwidth available in the visible light spectrum, allowing for faster data transfer rates and reduced interference. The modem can transmit large volumes of data with low latency, providing efficient communication in environments where radio frequency-based systems might face limitations, such as in dense or sensitive areas. Additionally, Li-Fi offers enhanced security, as light cannot penetrate walls, ensuring more localized and secure communication."
Could you find news about yongatek company on the internet?,"Turkey's 'Deep Technology Center' is under the roof of Teknopark Istanbul; yongatek Microelectronics, which carries out different projects in the field of microelectronics such as microcontroller centik video processing chip kirmik and hardware programmable chip SAKA, returned with an award from the 27th ASPA Conference held in Mongolia. Founded in 2014 with the mission of becoming Turkey's chip design and production center, the company won the Excellence Award in the Growing Companies category, where it was nominated by Teknopark Istanbul."
What is the benefit of the Atmospheric Turbulence Mitigation solution?,It enhances video clarity by reducing distortions caused by atmospheric conditions in surveillance and monitoring systems.
Does yongatek have any projects in the field of IoT?,yongatek has Countera project in such area. Countera is a fish farming solution to count various species and various sizes of fishes on the field. Our product Countera can easily be integrated onto existing fish farming tools like grading machines and fish pumps. Countera has been designed to work on various fish farming environments such as cages. Ease of use and ability to connect to the cloud-based systems makes Countera perfect solution for modern industrial applications. AI assisted computer vision algorithm was specially designed for the Countera to eliminate any kind of error.
What is the aim of the partnership between yongatek and Arçelik?,The aim is to design and manufacture local chips for household appliances and consumer electronics.
Is there a project from yongatek for communication systems?,"yongatek has developed the 'DVB-RCS and DVB-RCS2 Turbo Encoder/Decoder' project, which is designed for communication systems. It provides advanced error correction using Convolutional Turbo Codes, ensuring high-quality data transmission."
What makes yongatek Microelectronics unique?,"yongatek Microelectronics is unique for its specialization in microelectronics, hardware, and software development, with a strong focus on engineering and R&D. The company designs custom electronic systems and offers innovative technology solutions, serving industries such as telecommunications, defense, IoT, and satellite communications. It has a strong expertise in ASIC/FPGA design, video processing, 5G technologies, and artificial intelligence."
How does yongatek plan to enhance its technology portfolio?,"yongatek plans to focus on AI acceleration, IoT innovations, and advanced communication technologies."
What is the primary focus of yongatek's computer vision team?,"yongatek’s computer vision team focuses on detecting suspicious individuals, vehicles, and activities, enhancing cameras with microcontrollers as needed."
How does yongatek improve 5G NR communication efficiency?,yongatek develops 5G NR LDPC encoders/decoders and hybrid beamforming for distributed and radio units to enhance communication efficiency.
What is suspicious activity detection in surveillance systems?,"Suspicious activity detection in surveillance systems uses computer vision and AI algorithms to identify abnormal behavior or events, such as unauthorized entry, unusual movements, or vehicle patterns, for security purposes."
How does izcienhance video tracking?,"izcienhances video tracking by providing real-time video enhancement and object tracking, specifically for surveillance and defense applications."
What cities does yongatek Microelectronics have offices in?,yongatek is based in Turkey. They have both office in Ankara and İstanbul.
What are the key benefits of using SoCs in mobile devices?,"SoCs in mobile devices offer benefits like reduced power consumption, increased processing speed, compact size, and cost savings, as they integrate multiple components such as the CPU, GPU, and memory into a single chip."
Which product groups utilize yongatek's projects?,"The locally produced chips, supported by the Ministry of Industry and Technology, are used by Arçelik in white goods, consumer electronics, and small home appliances."
What is yongatek’s ambition for Turkey's semiconductor industry in the long term?,yongatek aims to position Turkey as a major player in the global semiconductor market.
What role does yongatek play in defense-focused technology?,"yongatek develops high-tech video and communication solutions for defense applications, including tracking and surveillance."
What specific 5G technologies does yongatek develop?,yongatek develops 5G NR LDPC encoder/decoder and hybrid beamforming modules for distributed and radio units.
What function does the YONGA Turbo Encoder serve?,The YONGA Turbo Encoder serves to ensure error correction and reliability in high-speed data communication environments.
Can you explain the importance of ASIC and FPGA for yongatek’s product development?,"ASIC (Application-Specific Integrated Circuit) and FPGA (Field-Programmable Gate Array) are used to create high-performance, customized hardware, which is integral to yongatek’s product development in microelectronics."
Why does yongatek hold a unique position in the tech landscape?,Its focus on microelectronics innovation and strict adherence to global standards place yongatek in a unique spot.
What industries does yongatek serve?,"yongatek serves industries such as consumer electronics, communication, automotive, and industrial automation."
What industries does yongatek specialize in serving?,"yongatek specializes in serving telecommunications, defense, industrial automation, and satellite communication markets locally and globally."
What is yongatek’s approach to AI and machine learning?,yongatek’s approach to AI and machine learning involves designing accelerators that facilitate efficient processing of tasks in both edge and cloud environments.
How many people work at yongatek?,"yongatek employs approximately 50 staff members, including professionals in business development, human resources, electrical engineering, and computer engineering. Of these, around 18 employees are based in the Ankara office, while the remainder work in the Istanbul office."
Is yongatek involved in projects that have a global reach?,"Yes, yongatek develops solutions that comply with international standards, making them suitable for global markets."
What does yongatek hope to achieve in the AI sector?,yongatek plans to develop efficient AI accelerators for edge and cloud environments.
What is the relationship between FPGA and AI in real-time processing?,"FPGAs and AI complement each other in real-time processing by using FPGAs to accelerate specific tasks, such as feature extraction, and AI algorithms to provide intelligent analysis, making them suitable for high-speed, low-latency applications."
What role does yongatek play in satellite communications?,"yongatek develops Turbo Encoder/Decoder modules that adhere to the DVB-RCS and DVB-RCS2 standards, enhancing satellite communication."
How does yongatek enhance video quality in harsh conditions?,yongatek enhances video quality by using its 'izci' tracking system and technology that mitigates atmospheric turbulence.
What is the AI technology behind yongatek’s detection capabilities?,"The AI technology behind yongatek’s detection capabilities is based on algorithms running on Nvidia Jetson products, which enable real-time detection of suspicious vehicles, people."
Who are the primary companies and organizations yongatek collaborates with?,yongatek works with companies like Arçelik and government entities including the Ministry of Industry and Technology.
What are yongatek’s long-term plans for chip production?,yongatek is focused on making Turkey a key player in the global semiconductor industry.
What special projects has yongatek developed?,"One of their major projects is centik which is Turkey's first commercial microcontroller. It features a 32-bit RISC-V processor, 1 KB boot ROM, and peripherals like PWM and GPIO, designed for motor control and human-machine interaction."
What type of company is yongatek Microelectronics?,"yongatek is a Turkish company specializing in microelectronics, focusing on ASIC/FPGA development, IoT, communication technologies, and video enhancement solutions."
How does the AVCI project contribute to the entertainment industry?,"The AVCI project, developed by yongatek, contributes to the entertainment industry by providing a scoring system for polygons, in addition to its primary use in military applications for ammunition tracking."
Why is the Smart Dose IoT solution by yongatek important?,"It automates precise dosing for industrial and consumer applications, leveraging IoT for efficiency and accuracy."
What problem does yongatek's KIVA project aim to solve?,"The KIVA project aims to enhance smart city applications by providing advanced video analytics capabilities. It includes a 4K ISP, a 4 TOPS neural processor, and a H.265 Video Codec, with production targeted for 2024 using TSMC 22nm technology."
What is the focus of yongatek Microelectronics?,"The focus of yongatek Microelectronics is on microelectronics, hardware, and software development, with a strong emphasis on engineering and R&D. The company designs custom electronic systems and technology solutions for industries like telecommunications, defense, IoT, and satellite communications, specializing in ASIC/FPGA design, video processing, 5G technologies, and AI."
Where is yongatek Microelectronics' office located in Turkey?,yongatek is based in Turkey. They have both office in Ankara and İstanbul.
How would you describe the company yongatek?,"yongatek is a company that works on various different areas. yongatek is based in İstanbul, Turkey and they have an office in Ankara."
What kind of work does yongatek do in technology?,"yongatek works on projects in diverse technology areas, such as communication, computer vision, and chip design."
What is the primary function of a microcontroller?,"A microcontroller is a small integrated circuit designed to control a device or system. It combines a processor, memory, and input/output peripherals to handle specific tasks, often in embedded systems such as appliances, vehicles, and robots."
What are the key IoT solutions offered by yongatek?,"Key IoT solutions from yongatek include Smart Dose, an automated dosing system, and Countera, a precision measurement tool."
What are some common uses for FPGAs in communication systems?,"FPGAs are commonly used in communication systems for tasks such as signal processing, modulation, and encoding/decoding, where real-time processing and flexibility are crucial."
How will yongatek increase its technology offerings?,"yongatek aims to increase its offerings by focusing on AI acceleration, IoT innovations, and advanced communication technologies."
How does yongatek balance innovation with sustainability?,"yongatek delivers innovative, eco-conscious technologies in IoT and communication, ensuring energy efficiency."
What areas will yongatek prioritize to grow its technology portfolio?,"The company will prioritize AI acceleration, IoT innovations, and advanced communication technologies."
What are the targets of izci project developed by computer vision team at yongatek?,"izci project developed by computer vision team at yongatek targets traffic control, maritime security, aerial reconnaissance and surveillance, border security, energy facilities."
What tasks does the YONGA SERV Accelerator enhance?,The YONGA SERV Accelerator enhances tasks related to machine learning and AI computations for edge devices.
What does the Atmospheric Turbulence Mitigation solution do?,"It corrects distortions caused by atmospheric turbulence, ensuring clearer video in surveillance systems."
Can you tell me where the projects of the yongatek company are used?,"The domestic chips, designed with the project supported by the Ministry of Industry and Technology, will be used by Arçelik in the fields of white goods, consumer electronics, small home appliances and kitchen accessories."
How is yongatek involved in 5G development?,yongatek is involved by developing 5G NR LDPC encoder/decoder and hybrid beamforming modules for distributed and radio units.
Does yongatek’s computer vision unit have detection capabilities?,"Yes, the computer vision unit at yongatek is capable of detecting suspicious people, vehicles, and number plates using AI algorithms running on Nvidia Jetson devices."
What assistance does the Turkish government offer to yongatek?,"yongatek is supported by the Turkish government through programs like HIT-30, which provide financial and technical assistance for chip design."
How does yongatek enhance machine learning performance?,yongatek enhances machine learning performance by designing AI accelerators that optimize task processing in both edge and cloud-based environments.
How does yongatek adress challenges in video clarity?,yongatek addresses video clarity challenges with technologies like the 'izci' tracking system and Atmospheric Turbulence Mitigation.
Can you explain the role of yongatek in 5G NR technology?,yongatek develops 5G NR LDPC encoders/decoders and hybrid beamforming for distributed and radio units to enhance communication efficiency.
What is the main focus of yongatek and Arçelik's collaboration?,Their collaboration is centered around the creation of domestic chips for appliances and consumer electronics.
What kind of projects does yongatek work on?,"yongatek works on various technology areas, including communication, computer vision, and chip design."
Can you provide a list of projects by yongatek?,"yongatek has a lot of projects. Such as;kirmik,izci,EFICAS, AMMUNATION DROP, VIDEO TRACKER."
What is yongatek's ultimate vision for chip manufacturing?,The company plans to establish Turkey as a significant player in the global semiconductor industry.
What recent achievements has yongatek Microelectronics had?,"yongatek Microelectronics, under Teknopark Istanbul's 'Deep Technology Center,' focuses on cutting-edge projects such as the microcontroller centik video chip kirmik, and SAKA hardware-programmable chip. It recently earned the Excellence Award at the 27th ASPA Conference in Mongolia, fulfilling its mission to advance Turkey's chip industry since 2014."
How can computer vision be used for suspicious vehicle detection?,"Computer vision is used for suspicious vehicle detection by analyzing video footage from cameras to identify vehicles that match certain criteria, such as speeding, unusual parking, or entering restricted areas."
What role does yongatek play in enhancing 5G NR technology?,yongatek develops 5G NR LDPC encoders/decoders and hybrid beamforming for distributed and radio units to enhance communication efficiency.
What does the computer vision unit at yongatek focus on?,"The focus of the computer vision unit at yongatek is detecting suspicious people, vehicles, and occupations by enhancing cameras and utilizing microcontrollers when necessary."
What is the role of FPGAs in hardware acceleration?,"FPGAs (Field-Programmable Gate Arrays) are programmable chips that can be configured to accelerate specific tasks, making them ideal for applications that require high-speed processing, such as signal processing and machine learning tasks."
Can you tell me where yongatek Microelectronics is located?,"yongatek is located in Turkey, with its offices in both Ankara and İstanbul."
What can you tell me about yongatek's KIVA project?,"KIVA is an intelligent video analytics SoC developed by yongatek for smart city solutions. It has a 4K image processor, a 4 TOPS NPU, and a H.265 Video Codec, aiming for production with TSMC 22nm technology in 2024."
What domains do yongatek's projects cover?,"yongatek's projects cover various domains, including communication, computer vision, and chip design."
What are the main technological areas of focus for yongatek?,"yongatek’s main technological areas of focus include ASIC/FPGA, IoT, communication systems, and video processing."
What is the importance of yongatek in Turkey’s technological growth?,"yongatek is crucial to Turkey’s technological progress, developing high-tech products for both local and global markets that help Turkey compete effectively in the field of microelectronics."
What is the role of the YONGA Turbo Encoder?,The YONGA Turbo Encoder plays a crucial role in ensuring error correction and reliability in high-speed data communication.
How does the gozet critical infrastructure protection?,"The gozet to critical infrastructure protection by providing real-time monitoring and tracking solutions. Its AI-supported programs filter and process data, ensuring only relevant information is transmitted. This enhances security operations and reduces communication load, all while operating efficiently in tough conditions."
What is yongatek's strategy for expanding its technology offerings?,"The company is concentrating on AI acceleration, IoT innovations, and advanced communication technologies."
Does yongatek support its clients with consulting expertise?,The company provides consulting services aimed at delivering tailored technological strategies for clients.
How does yongatek approach R&D?,"yongatek invests heavily in research and development, focusing on creating innovative and practical technology solutions."
How does yongatek plan to expand its technology portfolio?,"The company focuses on AI acceleration, IoT innovations, and advanced communication technologies."
What is the purpose of the YONGA SERV Accelerator?,The YONGA SERV Accelerator is designed to accelerate machine learning and AI computations for edge devices.
What are the technical highlights of the centik project developed by yongatek?,"centik Turkey’s first commercial microcontroller, features a 32-bit RISC-V processor, 1 KB boot ROM, memory, and peripherals such as UART, PWM, and I2C, and is aimed at robotics and home applications."
What does the FPNA AI Accelerator developed by yongatek specialize in?,"It is used for accelerating AI tasks in specialized hardware environments, focusing on high-performance computing with lower energy consumption."
How does yongatek define its mission?,"Their goal is to conduct R&D for innovative solutions, avoid external reliance, and deliver advanced technologies to customers, focusing on scientific development and human expertise."
What does yongatek strive for in AI technology?,The company is focused on creating efficient AI accelerators for edge and cloud environments.
How does yongatek's video technology improve video in adverse atmospheric conditions?,"It mitigates distortions caused by atmospheric conditions, improving video quality in adverse environments."
What does izci refer to?,izci is a video tracking technology created by yongatek for enhancing real-time video and tracking objects in surveillance and defense settings.
What advancements does yongatek contribute to 5G NR technology?,yongatek develops 5G NR LDPC encoders/decoders and hybrid beamforming for distributed and radio units to enhance communication efficiency.
What hardware specifications are included in the KIVA project by yongatek?,"The KIVA SoC offers a 1GHz quad-core processor, 4TOPS object detection, H.265 video encoding, DDR4 support, and advanced processing capabilities for license plate recognition and traffic monitoring."
What is yongatek's involvement in 5G NR technology?,yongatek develops 5G NR LDPC encoders/decoders and hybrid beamforming for distributed and radio units to enhance communication efficiency.
How does yongatek plan to impact the field of AI?,yongatek is working on creating efficient AI accelerators for edge and cloud environments.
Does yongatek provide consulting services?,"Yes, yongatek offers tailored technology consulting to meet the specific needs of its clients across industries."
What distinguishes the centik microcontroller from other projects?,"centik is unique as it is Turkey's first commercial microcontroller, featuring advanced components like a 32-bit RISC-V processor, 1 KB boot ROM, and peripherals such as PWM and I2C, making it ideal for home and robotics applications."
What milestone is yongatek aiming for in its local chip design project?,yongatek aims to complete prototype chips by 2025.
What is the goal of the KIVA project at yongatek?,"The goal of the KIVA project is to provide AI-supported smart city solutions. It features a 4K-capable ISP, a 4 TOPS NPU, and a H.265 Video Codec, targeting production with TSMC 22nm technology in 2024."
What is the centik microcontroller and its intended application?,"centik is a RISC-V microcontroller aimed at low-cost control system applications, with plans to manufacture it using TSMC 55nm technology."
Is yongatek involved in any IoT projects?,yongatek has Countera project in such area. Countera is a fish farming solution to count various species and various sizes of fishes on the field. Our product Countera can easily be integrated onto existing fish farming tools like grading machines and fish pumps. Countera has been designed to work on various fish farming environments such as cages. Ease of use and ability to connect to the cloud-based systems makes Countera perfect solution for modern industrial applications. AI assisted computer vision algorithm was specially designed for the Countera to eliminate any kind of error.
What industries does yongatek Microelectronics focus on?,"yongatek, a Turkish company, primarily serves industries related to microelectronics, including sectors like ASIC/FPGA development, IoT, communication technologies, and video enhancement."
What is the scope of the local chip design collaboration between Arçelik and yongatek?,"The project focuses on creating domestic chips for white goods and consumer electronics, with a prototype expected by 2025."
What technological advancements are present in yongatek's KIVA SoC?,"With 4TOPS AI processing, H.265 video compression, DDR4 support, and a 1GHz quad-core CPU, the KIVA SoC is designed for advanced traffic surveillance and monitoring."
In which areas does yongatek develop projects?,"yongatek develops projects in areas like communication, computer vision, and chip design."
In what ways is yongatek enhancing 5G infrastructure?,yongatek contributes to 5G infrastructure by developing hybrid beamforming modules and LDPC encoder/decoder systems for better communication performance.
Can you explain the technical details of yongatek’s KIVA project?,"Designed for tasks like traffic surveillance and vehicle monitoring, KIVA includes a 1GHz quad-core CPU, DDR4 memory support, 4TOPS object tracking, H.265 compression, and a TSMC 22nm fabrication process."
How does yongatek's technology improve video quality in turbulent atmospheric conditions?,"It mitigates distortions caused by atmospheric conditions, improving video quality in adverse environments."
What are the job offerings at yongatek?,"yongatek offers job opportunities for Communications Embedded Software Design Engineers, Digital Design Engineers, Project Engineers, Software Engineers, Computer Vision Engineers, and interns."
How is yongatek contributing to Turkey's microelectronics industry?,"Since its founding in 2014, yongatek Microelectronics has focused on developing Turkey's microelectronics industry through projects like centik kirmik, and SAKA. centik designed to control electronic devices, is now in mass production, with the first export batch heading to Dubai-based clients."
What contributions does yongatek make to the defense field?,yongatek develops advanced surveillance systems and communication tools for defense applications.
In which locations does yongatek Microelectronics have offices?,yongatek is based in Turkey. They have both office in Ankara and İstanbul.
What makes the centik project by yongatek special?,"centik stands out as Turkey's first commercial microcontroller, equipped with a 32-bit RISC-V processor, memory, and peripherals like UART and I2C, designed for robotics and home automation applications."
What are microcontrollers used for?,"Microcontrollers are small, low-power integrated circuits that serve as the brain of embedded systems, used in applications ranging from household appliances to automotive control systems, where low-cost, energy-efficient control is required."
How does a microcontroller manage power consumption?,"Microcontrollers are designed to be power-efficient by using techniques like low-power sleep modes, clock management, and reduced voltage operation, making them ideal for battery-operated and embedded applications."
What financial and technical support does yongatek receive from the Turkish government?,"Through programs like HIT-30, yongatek gets financial and technical aid for its chip design and manufacturing."
What is a short summary of yongatek?,"The company prioritizes R&D to produce innovative solutions, reduce reliance on external resources, and supply modern technologies to customers, with a strong emphasis on science and human innovation."
What is the significance of yongatek in the Turkish tech ecosystem?,"yongatek contributes to Turkey’s technological advancements by creating high-tech solutions for domestic and international markets, positioning Turkey as a competitive player in microelectronics."
What type of microcontroller is centik and what is its target market?,"centik is a RISC-V microcontroller aimed at providing low-cost solutions for control systems, with production to be done using TSMC 55nm technology."
Could you list the advanced features of the KIVA SoC developed by yongatek?,"This project includes features like 4TOPS AI acceleration, a 1GHz quad-core CPU, H.265 encoding, DDR4 memory, and TSMC's 22nm technology for road traffic applications."
Which areas can the centik microcontroller serve?,"centik serves several areas, including medical, wearables, motor control, smart home technology, household appliances, industrial automation, IoT, and automotive."
What technologies is yongatek focused on in the 5G domain?,yongatek is focused on developing 5G NR LDPC encoder/decoder and hybrid beamforming modules for distributed and radio units.
Which applications are supported by the technical features of KIVA,"The KIVA SoC, with its 1GHz quad-core CPU, advanced AI object recognition at 4TOPS, and H.265 compression, supports traffic systems and video surveillance applications."
What is the kirmik 2.0 project?,"Applications in image processing, due to the complexity of the algorithms employed, run on chips with high processing capacity and specialized hardware for image processing. With the development of smart vehicles and smart city systems, there is an enormous amount of data that needs to be processed and interpreted. The need for this data to be processed with high accuracy and in real-time has increased the demand for AI-supported image processing chips."
What is the Atmospheric Turbulence Mitigation solution?,"It reduces distortions in video caused by atmospheric conditions, improving clarity in surveillance and monitoring systems."
What is the main objective of the yongatek-Arçelik partnership?,Their joint project is to develop local chips for consumer electronics and white goods.
What are the primary industries that yongatek serves?,"yongatek primarily serves industries like consumer electronics, communication, automotive, and industrial automation."
How does yongatek tackle video clarity issues in challenging environments?,"yongatek tackles video clarity issues with the 'izci' tracking system and Atmospheric Turbulence Mitigation technology, improving video quality in difficult environments."
What does centik aim to achieve in the microcontroller market?,"centik is a RISC-V based microcontroller designed to provide low-cost solutions for control systems, with production set to use TSMC 55nm technology."
Who are the important collaborators for yongatek?,yongatek partners with Arçelik and government bodies such as the Ministry of Industry and Technology.
What is the significance of the Atmospheric Turbulence Mitigation solution?,"It improves video quality by minimizing distortions caused by atmospheric turbulence, benefiting surveillance and monitoring systems."
Can you give some examples of projects developed by the computer vision unit of yongatek company?,"For example; The AVCI project was developed by the computer vision unit of the yongatek company; It is a test project for systems that calculate the speed, position, potential drop point and destruction of an ammunition. Another exemplary project is; It is a cannon drop project that can be used especially in border security. Thanks to this project, it is possible to calculate where the ammunition falls to the ground and the damage it causes. Thus, security forces can quickly move to the point where the ammunition falls."
What technological advancements has yongatek made for 5G NR?,yongatek develops 5G NR LDPC encoders/decoders and hybrid beamforming for distributed and radio units to enhance communication efficiency.
Could you provide a brief overview of yongatek?,"Their vision is to perform R&D efforts to develop innovative solutions, reduce external dependency, and provide modern technologies to partners and customers, focusing on science, innovation, and human resources."
What makes ASIC and FPGA crucial for yongatek’s technology solutions?,"ASIC (Application-Specific Integrated Circuit) and FPGA (Field-Programmable Gate Array) are designed for high-performance, customized applications, and are central to the innovative technology solutions provided by yongatek."
Is yongatek involved in international projects?,"Yes, yongatek creates solutions that adhere to international standards, allowing them to serve global markets."
Does yongatek have any solutions in the IoT industry?,yongatek has Countera project in such area. Countera is a fish farming solution to count various species and various sizes of fishes on the field. Our product Countera can easily be integrated onto existing fish farming tools like grading machines and fish pumps. Countera has been designed to work on various fish farming environments such as cages. Ease of use and ability to connect to the cloud-based systems makes Countera perfect solution for modern industrial applications. AI assisted computer vision algorithm was specially designed for the Countera to eliminate any kind of error.
How do I reach yongatek offices?,"You can reach yongatek at their Istanbul office or their Ankara Hacettepe Technopark office.yongatek is accessible via their offices in Istanbul and Ankara Hacettepe Technopark.Another method of contacting yongatek is by calling +90 216 504 14 10. Additionally, inquiries and requests for collaboration can be directed to info@yongatek.com."
What are the key industries served by yongatek?,"The key industries served by yongatek include consumer electronics, communication, automotive, and industrial automation."
How does edge computing benefit yongatek’s AI projects?,Edge computing benefits yongatek’s AI projects by enabling real-time image processing using Nvidia’s embedded computing hardware integrated into camera systems.
What is the purpose of yongatek?,yongatek’s purpose is to promote technological innovation and contribute to the growth of Turkey’s high-tech ecosystem.
What are yongatek’s innovations in the defense industry?,yongatek has developed advanced video tracking and communication tools for use in defense scenarios.
What is the role of the Li-Fi modem developed by yongatek?,"The the role of Li-Fi modem developed by yongatek is facilitating high-speed wireless communication by utilizing visible light as the transmission medium. Unlike traditional Wi-Fi, which uses radio frequencies, Li-Fi transmits data through modulated light emitted by LED bulbs. This approach takes advantage of the wide bandwidth available in the visible light spectrum, allowing for faster data transfer rates and reduced interference. The modem can transmit large volumes of data with low latency, providing efficient communication in environments where radio frequency-based systems might face limitations, such as in dense or sensitive areas. Additionally, Li-Fi offers enhanced security, as light cannot penetrate walls, ensuring more localized and secure communication."
In which markets does yongatek operate?,"yongatek operates in telecommunications, defense, industrial automation, and satellite communications, targeting both national and global sectors."
Does yongatek have a presence in international markets?,"Yes, yongatek develops solutions that conform to international standards, positioning them for global market integration."
What AI technology does yongatek employ for camera system integration?,yongatek employs Nvidia’s embedded computing solutions and edge computing to run AI algorithms for integrating smart cameras and optimizing image processing.
Can you tell me what technology sectors yongatek works in and what solutions they provide?,"yongatek Microelectronics is a Turkish company specializing in the development of microelectronics and cutting-edge technology solutions. They focus on various technological domains, including:ASIC/FPGA Development: yongatek designs and develops Application-Specific Integrated Circuits (ASICs) and Field-Programmable Gate Arrays (FPGAs) for high-performance and custom applications.IoT (Internet of Things): They create innovative IoT solutions such as 'Smart Dose' for automated dosing and 'Countera' for precise measurement in industrial and consumer environments.Communication Technologies: yongatek develops advanced 5G technologies, including hybrid beamforming modules and 5G NR LDPC encoder/decoder systems.Video Processing and Enhancement: Their video tracker ('izci') and Atmospheric Turbulence Mitigation solutions improve video clarity and surveillance capabilities in challenging conditions.AI and Machine Learning Acceleration: They design AI accelerators for edge and cloud computing, focusing on enhancing machine learning efficiency.Satellite Communications: yongatek contributes to satellite communication technologies, offering advanced solutions like Turbo Encoder/Decoder modules compliant with international standards.Li-Fi (Light Fidelity): They innovate in high-speed wireless communication using visible light with their Li-Fi modem solutions.By combining innovation, precision, and sustainability, yongatek is committed to advancing Turkey's position in the global technology ecosystem."
What is the purpose of the AVCI project?,"The AVCI project, created by yongatek's computer vision team, aims to assess the speed, position, and potential drop point of ammunition, along with its destruction. Additionally, it can be used for scoring systems in entertainment applications."
How does 5G enable the Internet of Things (IoT)?,"5G enhances IoT by providing faster data transfer rates, low latency, and the ability to connect a massive number of devices simultaneously, enabling the deployment of smart cities, industrial automation, and connected healthcare systems."
What is the partnership between Arçelik and yongatek aimed at?,It is aimed at creating local chips for appliances and consumer electronics.
What does the Atmospheric Turbulence Mitigation solution improve?,It improves video clarity by reducing distortions caused by atmospheric conditions in surveillance and monitoring applications.
Has yongatek been acknowledged with any prestigious awards?,yongatek has earned accolades for its outstanding contributions to innovation and the Turkish technology landscape.
What are the key features of yongatek’s centik project?,"The centik project is significant as Turkey’s first commercial microcontroller, featuring a 32-bit RISC-V processor, 1 KB boot ROM, UART, GPIO, and I2C support, and is intended for applications in motor control and home automation."
What type of communication does the Li-Fi modem from yongatek support?,It supports high-speed wireless communication using visible light.
What solutions does yongatek provide for IoT automation?,yongatek provides Smart Dose for automated dosing and Countera for high-precision measurement.
How is yongatek contributing to smart city solutions with KIVA,"yongatek's KIVA SoC is an AI-enabled smart city solution with a 4K image processor, a 4 TOPS neural network processor, and a H.265 Video Codec. It is set for production with TSMC 22nm technology in 2024."
How are AI algorithms utilized for image processing by yongatek’s computer vision team?,"AI algorithms are utilized by yongatek’s computer vision team through edge computing, using Nvidia’s embedded systems to optimize camera-based image processing tasks."
What role does AI play in the gozet,"AI plays a crucial role in the gozet enabling real-time data processing on end computers. The AI processes the data to filter out irrelevant information, ensuring that only essential and meaningful data is transmitted. This reduces communication strain, increases efficiency, and allows the system to focus on tracking suspicious individuals and securing infrastructure in mobile and harsh environments."
What steps is yongatek taking to expand its technology portfolio?,"The company is emphasizing AI acceleration, IoT innovations, and advanced communication technologies."
What IoT solutions does yongatek specialize in?,"yongatek specializes in IoT solutions like Smart Dose and Countera, aimed at industrial automation and smart measurement."
How do you describe yongatek company?,"yongatek is a company that works on vary different areas. yongatek based in İstanbul, Turkey and they have a office in Ankara."
What services does yongatek provide?,"yongatek provides a broad spectrum of services in IC/ASIC/SoC/Chip Design, 5G/6G and Satellite Communications, Video Processing, and IoT, powered by an experienced R&D team."
What does izci video tracker developed by yongatek do?,"izci video tracker is used to follow objects in video streams, mainly in surveillance and defense scenarios."
What projects are developed by yongatek?,"There are projects developed by yongatek.I can give such an example;kirmik,izci,gozet,AVCI.The purpose and scope of each project vary significantly. For instance, kirmik is an FPGA-based chip, whereas gozet is a computer vision project designed for urban and border security applications. It operates by running artificial intelligence algorithms on the backend and utilizes an end device for its functionality. Additionally, the AVCI project, developed by the artificial intelligence-based computer vision team, is focused on tracking the speed, acceleration, position, and trajectory of ammunition."
Which are the key projects of yongatek?,"I can give you an example of key projects which are developed by yongatek.yongatek has a lot of key projects. Such as;kirmik,izci,gozet,AVCI.The purpose and scope of each project vary significantly. For instance, kirmik is an FPGA-based chip, whereas gozet is a computer vision project designed for urban and border security applications. It operates by running artificial intelligence algorithms on the backend and utilizes an end device for its functionality. Additionally, the AVCI project, developed by the artificial intelligence-based computer vision team, is focused on tracking the speed, acceleration, position, and trajectory of ammunition."
Is there any online article about yongatek Microelectronics?,"Within Teknopark Istanbul's 'Deep Technology Center,' yongatek Microelectronics has made significant advancements in microelectronics with projects like centik kirmik, and SAKA. At the 27th ASPA Conference in Mongolia, the company received the Excellence Award in the Growing Companies category. yongatek was established in 2014 to become a leading chip design and production firm in Turkey."
What is 5G communication and how does it differ from 4G?,"5G is the fifth generation of mobile network technology that provides faster data speeds, lower latency, and greater connectivity than 4G, enabling advanced applications such as autonomous vehicles and smart cities."
In what ways does yongatek aim to grow its technology portfolio?,"yongatek aims to expand through AI acceleration, IoT innovations, and advanced communication technologies."
What contributions does yongatek make to environmentally friendly tech?,yongatek contributes to sustainable development with energy-saving solutions in IoT and communication technologies.
What impact does yongatek have on green technology?,yongatek drives sustainability through energy-efficient and eco-friendly solutions in IoT and communication technologies.
How does yongatek lead in sustainable tech practices?,"By prioritizing energy efficiency and eco-friendliness, yongatek sets an example in IoT and communication fields."
What are the usage areas of the chips developed by yongatek?,"The locally designed chips, supported by the Ministry of Industry and Technology, are integrated into Arçelik's white goods, small home appliances, and kitchen utensils."
What impact does the Atmospheric Turbulence Mitigation solution have on video monitoring?,"It enhances video clarity by reducing atmospheric distortions, improving monitoring systems."
What technologies has yongatek developed for clearer video?,yongatek has developed the 'izci' tracking system and Atmospheric Turbulence Mitigation to provide clearer video under difficult conditions.
Where are the headquarters of yongatek Microelectronics located?,yongatek is based in Turkey. They have both office in Ankara and İstanbul.
What kinds of jobs can one find at yongatek?,"Available jobs at yongatek include Communications Embedded Software Design Engineers, Digital Design Engineers, Project Engineers, Computer Vision Engineers, Software Engineers, and internship opportunities."
What kind of AI tasks does the FPNA AI Accelerator handle?,"It is used for accelerating AI tasks in specialized hardware environments, focusing on high-performance computing with lower energy consumption."
What is yongatek izci project used for?,yongatek izci project is designed to track objects in video streams for surveillance and defense purposes.
What is the workforce size at yongatek?,"yongatek employs approximately 50 staff members, including professionals in business development, human resources, electrical engineering, and computer engineering. Of these, around 18 employees are based in the Ankara office, while the remainder work in the Istanbul office."
Which markets does yongatek operate in?,"yongatek operates in markets like consumer electronics, communication, automotive, and industrial automation."
What IoT products does yongatek focus on?,yongatek focuses on IoT products like Smart Dose for automated dosing and Countera for precise industrial measurement.
What is the focus of izci video tracker from yongatek?,izci video tracker from yongatek is focused on tracking objects in video streams for surveillance and defense purposes.
What is yongatek and what technology areas do they focus on?,"yongatek Microelectronics is a Turkish company specializing in the development of microelectronics and cutting-edge technology solutions. They focus on various technological domains, including:ASIC/FPGA Development: yongatek designs and develops Application-Specific Integrated Circuits (ASICs) and Field-Programmable Gate Arrays (FPGAs) for high-performance and custom applications.IoT (Internet of Things): They create innovative IoT solutions such as 'Smart Dose' for automated dosing and 'Countera' for precise measurement in industrial and consumer environments.Communication Technologies: yongatek develops advanced 5G technologies, including hybrid beamforming modules and 5G NR LDPC encoder/decoder systems.Video Processing and Enhancement: Their video tracker ('izci') and Atmospheric Turbulence Mitigation solutions improve video clarity and surveillance capabilities in challenging conditions.AI and Machine Learning Acceleration: They design AI accelerators for edge and cloud computing, focusing on enhancing machine learning efficiency.Satellite Communications: yongatek contributes to satellite communication technologies, offering advanced solutions like Turbo Encoder/Decoder modules compliant with international standards.Li-Fi (Light Fidelity): They innovate in high-speed wireless communication using visible light with their Li-Fi modem solutions.By combining innovation, precision, and sustainability, yongatek is committed to advancing Turkey's position in the global technology ecosystem."
What technology does yongatek use to execute AI-driven image processing?,yongatek uses Nvidia's embedded computing cards integrated into camera systems to execute AI-driven image processing through edge computing.
What is the significance of ASIC and FPGA in yongatek's technology portfolio?,"ASIC (Application-Specific Integrated Circuit) and FPGA (Field-Programmable Gate Array) are important hardware technologies used for specialized, high-performance tasks, central to yongatek’s microelectronics expertise."
What is yongatek's role in the HIT-30 program?,yongatek plays a key role in building Turkey's domestic chip production capacity through its participation in HIT-30.yongatek contributes to the development of domestic chip production capacity in Turkey.
What are the key advantages of 5G over previous mobile networks?,"5G offers faster data speeds, lower latency, greater network capacity, and enhanced reliability compared to previous mobile networks. It enables innovations like autonomous vehicles, smart cities, and immersive augmented reality experiences."
"What does centik developed by yongatek, offer to control systems?","centik offers a low-cost solution for control systems, utilizing RISC-V architecture and set to be manufactured using TSMC 55nm technology."
What are the challenges in suspicious activity detection?,"Challenges in suspicious activity detection include false positives, high computational demands, privacy concerns, and the need for real-time analysis, which require advanced AI and computer vision algorithms to address."
Where is yongatek Microelectronics based out of?,"yongatek has its base in Turkey, with offices in Ankara and İstanbul."
Why is the YONGA Turbo Encoder essential in data communication?,The YONGA Turbo Encoder is essential in data communication for its ability to ensure error correction and reliability in high-speed systems.
Which categories use yongatek's chip projects?,"Chips designed with the support of the Ministry of Industry and Technology are applied in Arçelik's small home appliances, white goods, and kitchen accessories."
Are there any awards yongatek has won?,The company has been acknowledged for its innovative initiatives and impact on the Turkish technology sector.
Can you explain the function of the YONGA Turbo Encoder?,The YONGA Turbo Encoder is used to improve reliability and error correction in high-speed data communication systems.
Which projects belong to yongatek?,"yongatek is involved in several projects, including kirmik, İzci, gozet, and AVCI. The purpose and scope of each project vary widely. For example, kirmik is an FPGA-based chip, while gozet is a computer vision project focused on urban and border security. It uses artificial intelligence algorithms on the backend and employs an end device for its operations. Additionally, the AVCI project, developed by the artificial intelligence-based computer vision team, aims to track the speed, acceleration, position, and trajectory of ammunition."
What is technical specification of the chips to be developed under kirmik 2. 0 ?,", 4-core 1GHz Arm processor , LPDDR4 memory , 4K 60FPS image processing , H.265 video encoder , AI-supported image processing with 10TOPS processing capacity , HDMI 2.0 video output , Gbit Ethernet connection , TSMC 12nm manufacturing technology."
What technology does izci use for tracking?,izci uses video tracking technology designed by yongatek to enhance real-time video and track objects in surveillance and defense applications.
What is the timeline for the local chip design project between Arçelik and yongatek?,"The project focuses on creating domestic chips for white goods and consumer electronics, with a prototype expected by 2025."
What technologies has yongatek developed for 5G NR?,yongatek develops 5G NR LDPC encoders/decoders and hybrid beamforming for distributed and radio units to enhance communication efficiency.
What are yongatek's current projects and achievements?,"centik the innovative microcontroller chip by yongatek Microelectronics, is ready for large-scale production and deployment. Founded in 2014 to establish Turkey as a leader in chip design and manufacturing, yongatek also works on the video processing chip kirmik and the hardware-programmable chip SAKA. centiks first batch, produced for an international order, is set to be delivered to Dubai, showcasing Turkey's advancements in microcontroller technology."
What are yongatek's plans for AI innovation?,yongatek is planning to create efficient AI accelerators for edge and cloud environments.
Can you summarize yongatek’s vision?,"yongatek is dedicated to R&D that seeks to create solutions, reduce reliance on external sources, and supply cutting-edge technologies to its partners and clients, prioritizing science and human resources."
Can you explain yongatek’s work in 5G technologies?,yongatek works on 5G NR LDPC encoder/decoder and hybrid beamforming modules for distributed and radio units.
Is the centik project by yongatek a significant development?,"Yes, it is Turkey's first commercial microcontroller, featuring a 32-bit RISC-V processor, boot ROM, and various communication peripherals like UART and I2C, aimed at home applications and robotics."
What solutions does yongatek's computer vision team offer?,"yongatek’s computer vision team provides solutions for detecting suspicious people, vehicles, and activities through enhanced camera systems with microcontrollers."
What projects has yongatek worked on?,"yongatek has worked on plenty of projects.Such as;kirmik,izci,EFICAS, AMMUNATION DROP, VIDEO TRACKER."
What contribution does yongatek make in the HIT-30 program?,yongatek contributes to the expansion of Turkey's domestic chip production capacity as part of the HIT-30 program.
Can you explain the focus of the YONGA SERV Accelerator?,The YONGA SERV Accelerator focuses on speeding up machine learning and AI computations for edge devices.
Which companies and institutions collaborate with yongatek?,yongatek partners with firms like Arçelik and governmental bodies including the Ministry of Industry and Technology.
What is the goal of the yongatek-Arçelik collaboration?,The goal of the collaboration is to create domestic chips for white goods and consumer electronics.
How will the local chip design collaboration between Arçelik and yongatek impact domestic chip production?,"The project focuses on creating domestic chips for white goods and consumer electronics, with a prototype expected by 2025."
How does the Smart Dose IoT solution by yongatek enhance industrial and consumer applications?,"It automates precise dosing for industrial and consumer applications, leveraging IoT for efficiency and accuracy."
What recognitions has yongatek obtained?,The company has been recognized for its innovative advancements and its contributions to the Turkish technology ecosystem.
Has yongatek been mentioned in any recent news articles?,"Under the 'Deep Technology Center' at Teknopark Istanbul, yongatek Microelectronics has developed innovative projects like centik kirmik, and SAKA chips. It recently received the Excellence Award at the ASPA Conference, showcasing its commitment to being Turkey's chip design and production leader since 2014."
Which IoT products does yongatek provide?,"yongatek provides IoT solutions including Smart Dose and Countera, which cater to industrial automation and smart measurement applications."
What does the KIVA project by yongatek focus on?,"The KIVA project focuses on intelligent video analytics for smart city applications. It features a 4K image processor, a 4 TOPS neural network processor, and a H.265 Video Codec. Manufacturing is planned with TSMC 22nm technology in 2024."
What does the centik project represent for yongatek?,"The centik project is a landmark achievement for yongatek, showcasing Turkey’s first commercial microcontroller with a RISC-V processor and support for various peripherals, targeting applications in home control and robotics."
What does yongatek aim to contribute to?,yongatek aims to contribute to technological advancements and the development of Turkey's high-tech ecosystem.
What role does yongatek play in 5G technology?,"yongatek develops advanced 5G components such as hybrid beamforming modules and LDPC (Low-Density Parity-Check) encoder/decoder systems, enhancing next-generation communication infrastructure."
Is there any recent news about yongatek online?,"Operating within Teknopark Istanbul's 'Deep Technology Center,' yongatek Microelectronics develops advanced microelectronics projects, including centik kirmik, and SAKA. At the 27th ASPA Conference held in Mongolia, it was recognized with the Excellence Award in the Growing Companies category. yongatek, founded in 2014, focuses on becoming a central hub for chip design and production in Turkey."
Who are the main partners in yongatek’s collaborations?,yongatek works alongside companies such as Arçelik and public institutions like the Ministry of Industry and Technology.
What IoT solutions are offered by yongatek?,"yongatek offers IoT products like Smart Dose and Countera, addressing needs in industrial automation and smart measurement."
What are the applications of the FPNA AI Accelerator developed by yongatek?,"It is used for accelerating AI tasks in specialized hardware environments, focusing on high-performance computing with lower energy consumption."
What makes yongatek's KIVA project unique?,"The KIVA project stands out with its 4K image processing capabilities, 4 TOPS NPU, and H.265 Video Codec, making it a cutting-edge smart city solution. It will be produced using TSMC 22nm technology in 2024."
What technology is used in the AVCI project?,"The AVCI project by yongatek uses advanced computer vision technology to calculate key parameters like speed, position, and potential drop point for ammunition. It also integrates with entertainment systems for polygon scoring."
How many employees does yongatek have?,"yongatek employs approximately 50 staff members, including professionals in business development, human resources, electrical engineering, and computer engineering. Of these, around 18 employees are based in the Ankara office, while the remainder work in the Istanbul office."
What is the main goal of the collaboration between yongatek and Arçelik?,Their joint effort is focused on designing domestic chips for household appliances and consumer electronics.
How does yongatek support the growth of 5G technology?,yongatek supports 5G technology development by creating cutting-edge components such as hybrid beamforming modules and LDPC encoder/decoder systems.
In what way does yongatek's video enhancement technology address atmospheric distortions?,"It mitigates distortions caused by atmospheric conditions, improving video quality in adverse environments."
What sectors does yongatek specialize in?,"yongatek specializes in sectors like consumer electronics, communication, automotive, and industrial automation."
What are the main technological focuses of yongatek Microelectronics?,"yongatek is a technology company in Turkey focusing on microelectronics, with key areas such as ASIC/FPGA design, IoT, communication systems, and video enhancement technologies."
What challenges exist in using computer vision for vehicle license plate recognition?,"Challenges in license plate recognition include handling various lighting conditions, plate orientations, and types of plates, as well as the need for real-time processing to ensure accurate identification in moving traffic."
Where is the location of yongatek Microelectronics?,yongatek is based in Turkey. They have both office in Ankara and İstanbul.
Can you tell me about yongatek's business?,"yongatek provides innovative solutions in IC/ASIC/SoC/Chip Design, 5G/6G and Satellite Communications, Video Processing, and IoT, backed by a highly qualified R&D team."
Who are yongatek's key partnerships with?,yongatek has established collaborations with companies such as Arçelik and government institutions like the Ministry of Industry and Technology.
What assistance does yongatek receive from the Turkish government?,"yongatek receives both financial and technical support through initiatives such as the HIT-30 program, aimed at chip design and production."
What are yongatek's goals in AI technology?,"yongatek's goal in AI technology is to develop advanced and efficient AI accelerators tailored for both edge and cloud environments. The company focuses on creating hardware solutions that can significantly enhance the performance of artificial intelligence algorithms, optimizing them for real-time processing and large-scale data analysis. By designing specialized accelerators, yongatek aims to improve computational efficiency, reduce latency, and enable faster decision-making in applications such as computer vision, machine learning, and data-driven insights. The company’s efforts also involve integrating these AI accelerators into end devices and larger systems, thereby fostering the widespread adoption of AI technologies across various industries, from security to automation.yongatek aims to create efficient AI accelerators for edge and cloud environments."
What industries does yongatek serve?,"yongatek serves industries such as fpga designing,artificial intelligence,telecommunications, defense, satellite communications, and IoT."
Is there a communication solution offered by yongatek?,"yongatek offers the 'DVB-RCS and DVB-RCS2 Turbo Encoder/Decoder' project, which is a communication solution featuring forward error correction with Convolutional Turbo Codes (CTC) to ensure efficient and reliable data transmission in various communication systems."
How do SoCs improve mobile device performance?,"SoCs improve mobile device performance by integrating multiple components, such as the processor, GPU, and memory, into a single chip, reducing the size and power consumption while improving overall speed and efficiency."
In what ways is yongatek unique among technology companies?,yongatek's emphasis on tailored microelectronics solutions and innovative approaches sets it apart in the industry.
Can you tell me about the projects yongatek develops?,"yongatek develops projects in diverse technology fields such as communication, computer vision, and chip design."
What kind of company is yongatek?,"yongatek is a company that operates in IC/ASIC/SoC/Chip Design, 5G/6G and Satellite Communications, Video Processing, and IoT, with an experienced and skilled R&D team."
What type of financial aid does yongatek receive from the Turkish government?,yongatek gets financial and technical support from the government through programs like HIT-30 for its chip design and production.
In what areas does yongatek focus on AI acceleration?,yongatek focuses on AI acceleration through the design of specialized AI accelerators that enhance machine learning task efficiency in both edge and cloud computing.
Which markets can benefit from the centik microcontroller's technology?,"The centik microcontroller benefits markets such as medical, wearables, motor control, smart home, household appliances, industrial automation, IoT, and automotive."
What is the best way to contact yongatek?,The best way to contact yongatek is through their offices in Istanbul and Ankara Hacettepe Technopark.
Can you list the projects by yongatek?,"Yes I can list such projects developed by yongatek: gozet,AVCI,kirmik,izci,EFICAS, AMMUNATION DROP, VIDEO TRACKER."
Could you elaborate on yongatek's contribution with the centik project?,"yongatek’s contribution through the centik project is groundbreaking as it introduces Turkey’s first commercial microcontroller, equipped with a 32-bit RISC-V processor, 1 KB boot ROM, and peripherals like UART and I2C for various industrial applications."
What is yongatek’s expertise in technology?,"yongatek’s expertise lies in ASIC/FPGA design, IoT technologies, 5G communication, AI acceleration, video processing, and satellite communications."
What awards has yongatek achieved?,yongatek has been celebrated for its cutting-edge developments and influence within the Turkish technology landscape.
What are the performance highlights of yongatek’s KIVA SoC?,"Focusing on vehicle tracking and video analysis, KIVA incorporates 4TOPS AI capabilities, DDR4, H.265 video encoding, and a quad-core 1GHz CPU for efficient operation."
Can you provide more information about centik and yongatek's other projects?,"yongatek Microelectronics has achieved significant progress in microelectronics since its founding in 2014. Its projects include centik a microcontroller chip for electronic devices, kirmik, a video processing chip, and SAKA, a programmable hardware chip. centiks first production batch is ready for export, solidifying yongatek's role in the international chip market."
What role does yongatek play in Turkey's tech ecosystem?,"yongatek contributes to Turkey's technological progress by developing advanced solutions for both local and international markets, helping to establish Turkey as a competitive force in the microelectronics field."
What is the purpose of the Li-Fi modem developed by yongatek?,It facilitates high-speed wireless communication using visible light.
What industries does yongatek work with?,"yongatek works with industries like consumer electronics, communication, automotive, and industrial automation."
What technological domains does yongatek concentrate on?,"yongatek concentrates on technological domains like ASIC/FPGA design, IoT, 5G communication, AI acceleration, video processing, and satellite communication."
What positions are open at yongatek?,"The open positions at yongatek include Communications Embedded Software Design Engineers, Digital Design Engineers, Project Engineers, Computer Vision Engineers, Software Engineers, and internships."
What is the focus of the YONGA SERV Accelerator in machine learning?,The YONGA SERV Accelerator focuses on accelerating machine learning and AI computations for edge devices.
How does yongatek's video enhancement handle bad weather conditions?,"It mitigates distortions caused by atmospheric conditions, improving video quality in adverse environments."
Can you summarize the recent developments of yongatek Microelectronics?,"yongatek Microelectronics, established to drive Turkey's chip design and production sector, is making strides with projects such as centik kirmik, and SAKA. The national microcontroller chip centik is now being mass-produced, with its first batch ready for export to Dubai. This milestone highlights Turkey's growing potential in the microcontroller chip industry."
In which industries are yongatek's projects applied?,"Chips produced under a ministry-supported project are utilized in Arçelik's kitchen tools, electronic devices, and white goods."
What is your description of yongatek as a company?,"yongatek is a company that works on various different areas. yongatek is based in İstanbul, Turkey and they have an office in Ankara."
Where can the centik microcontroller be implemented?,"centik can be implemented in areas such as medical devices, wearables, motor control, smart home technologies, household appliances, industrial automation, IoT systems, and automotive solutions."
"Does the yongatek company and computer vision team have the competence to detect suspicious people, vehicles and descriptions?","Yes, yongatek computer vision team; It has the ability to detect suspicious vehicles, people, number plates and description. Thanks to the artificial intelligence algorithms running in the nvidia jetson product, they can make such detections."
Which industries rely on yongatek's solutions?,"Industries such as consumer electronics, communication, automotive, and industrial automation rely on yongatek's solutions."
In what way does the computer vision team at yongatek run AI algorithms?,"The computer vision team at yongatek runs AI algorithms through Nvidia’s embedded computing hardware, which is integrated into camera systems for enhanced performance."
What are the key entities that collaborate with yongatek?,"yongatek has collaborations with companies like Arçelik and public institutions, including the Ministry of Industry and Technology."
What is centik which is a project yongatek has developed?,centik is a RISC-V based microcontroller that targets low-cost control systems. It is targeted to be manufactured on TSMC 55nm technology.
How does machine learning improve suspicious activity detection?,"Machine learning improves suspicious activity detection by training models on large datasets, enabling them to recognize complex patterns in behavior that may be indicative of suspicious activities such as theft, vandalism, or security breaches."
What is the significance of Countera developed by yongatek?,"Countera is a highly accurate measurement solution created by yongatek, designed for use in various industrial and consumer environments."
In what technology domains does yongatek focus its efforts?,"yongatek focuses its efforts in the domains of ASIC/FPGA, IoT, communication systems, and video processing."
How does the YONGA SERV Accelerator function?,The YONGA SERV Accelerator functions by accelerating machine learning and AI computations specifically for edge devices.
How does yongatek ensure its competitive edge in technology?,"Through custom microelectronics and innovative, globally compliant designs, yongatek secures its market position."
How does kirmik SoC function?,The kirmik SoC is a custom-designed System-on-Chip developed by yongatek for advanced embedded applications requiring high performance.
What sectors does yongatek Microelectronics target?,"yongatek Microelectronics targets sectors such as telecommunications, defense, IoT, and satellite communications. The company specializes in microelectronics, hardware, and software development, with expertise in ASIC/FPGA design, video processing, 5G technologies, and artificial intelligence."
What kind of projects does yongatek develop?,"yongatek develops on vary different areas in technology such as communication, computer vision, chip design."
What is yongatek's involvement in satellite communication?,yongatek is involved in satellite communication through the development of Turbo Encoder/Decoder modules that are compliant with DVB-RCS and DVB-RCS2.
What is the total number of employees at yongatek?,"yongatek employs approximately 50 staff members, including professionals in business development, human resources, electrical engineering, and computer engineering. Of these, around 18 employees are based in the Ankara office, while the remainder work in the Istanbul office."
How does yongatek contribute to the development of 5G technology?,"yongatek designs and develops key 5G components like hybrid beamforming modules and LDPC encoder/decoder systems, supporting next-gen communication infrastructure."
Which technological specializations does yongatek have?,"yongatek has specializations in ASIC/FPGA design, IoT, 5G technologies, AI accelerators, video processing, and satellite communications."
What are the ways to contact yongatek?,"yongatek can be contacted through various means. One office is located in Istanbul, and another is situated in Ankara Hacettepe Technopark."
What technologies does yongatek use to improve video tracking?,yongatek uses technologies like the 'izci' tracking system and Atmospheric Turbulence Mitigation to improve video tracking and clarity.
What are yongatek’s contributions to 5G technologies?,yongatek develops 5G NR LDPC encoder/decoder and hybrid beamforming modules for distributed and radio units.
What are the primary use cases for microcontrollers in smart home devices?,"Microcontrollers are commonly used in smart home devices like thermostats, light controls, security cameras, and voice assistants, providing low-power control and automation capabilities for everyday home tasks and energy management."
What is yongatek Microelectronics known for?,"yongatek Microelectronics is known for specializing in microelectronics, hardware, and software development. It operates as an engineering and R&D company, designing custom electronic systems and innovative technology solutions. yongatek serves industries like telecommunications, defense, IoT, and satellite communications, with expertise in ASIC/FPGA design, video processing, 5G technologies, and AI."
Which government programs support yongatek?,"yongatek participates in HIT-30, a program offering financial and technical support for chip design and production."
In which technology fields does yongatek specialize?,"yongatek specializes in various technology fields, including ASIC/FPGA development, IoT, 5G communication, AI acceleration, video processing, and satellite communication."
What are the IoT solutions provided by yongatek?,yongatek offers solutions like Smart Dose for automated dosing and Countera for precise measurement.
What is the features of gozet by computer vision team at yongatek?,"AI-powered algorithms running on edge devices are capable of real-time data processing. Instead of transmitting all received data, the project optimizes data transmission by transferring only processed and meaningful data to the necessary units at high speed. This not only reduces the load on the communication infrastructure, but also increases operational speed and efficiency."
"Can you describe a project developed by yongatek, specifically the gozet?","Certainly! One of yongatek's notable projects is the gozet and Enhanced Targeting) Project, developed by their computer vision team. It is an advanced solution designed for border security, capable of being optimized for various operating conditions and harsh mobile environments. The project utilizes AI-supported programs on end computers for real-time data processing and optimizes communication by sending only processed, meaningful data, reducing the load and increasing speed and efficiency. gozet such as tracking suspicious people and vehicles and protecting against illegal crossings while also supporting critical infrastructure security."
What is the design purpose of kirmik SoC?,"kirmik SoC, developed by yongatek, is a custom System-on-Chip designed specifically for high-performance embedded applications."
What is a concise description of yongatek's vision?,"yongatek aims to conduct R&D projects that foster new solutions, eliminate reliance on external sources, and deliver advanced technologies to their stakeholders by emphasizing science and innovation."
How would you describe the Countera solution developed by yongatek?,"Countera is a highly accurate measurement system developed by yongatek, tailored for use in both industrial and consumer settings."
What job positions are available at yongatek?,"Job openings at yongatek include roles like Communications Embedded Software Design Engineers, Digital Design Engineers, Project Engineers, Software Engineers, Computer Vision Engineers, and internships."
How is yongatek planning to diversify its technology portfolio?,"yongatek plans to diversify by focusing on AI acceleration, IoT innovations, and advanced communication technologies."
What is the main objective of the yongatek-Arçelik partnership?,The partnership between yongatek and Arçelik focuses on designing domestic chips for use in white goods and consumer electronics.
What IoT solutions are available from yongatek?,yongatek provides IoT solutions like Smart Dose for automated dosing and Countera for high-precision measurement.
What are the future ambitions of yongatek in chip production?,yongatek aims to make Turkey a significant player in the global semiconductor industry.
How does izci function in surveillance systems?,"In surveillance systems, izci provides real-time video enhancement and tracks objects, developed by yongatek for defense and surveillance applications."
Who are yongatek's significant partners?,yongatek's major collaborators include Arçelik and the Ministry of Industry and Technology.
Which industries are the focus of yongatek’s business?,"yongatek’s business focuses on the telecommunications, defense, industrial automation, and satellite communications industries, reaching both local and international markets."
What kinds of careers are available at yongatek?,"At yongatek, you can find careers in Communications Embedded Software Design, Digital Design, Project Engineering, Computer Vision, Software Development, and internships."
What does yongatek do for 5G NR technology?,yongatek develops 5G NR LDPC encoders/decoders and hybrid beamforming for distributed and radio units to enhance communication efficiency.
In which country is yongatek Microelectronics headquartered?,yongatek is headquartered in Turkey and has offices in Ankara and İstanbul.
How does yongatek's computer vision team contribute to security?,"yongatek's Computer Vision team specializes in detecting suspicious people, vehicles, and activities through smart cameras and microcontrollers when required."
Can you tell me about any innovative projects by yongatek?,"One such innovation is the centik project, which is Turkey's first commercial microcontroller. It includes a 32-bit RISC-V processor, boot ROM, and peripherals like UART and I2C, designed for robotics and motor control."
Does yongatek provide solutions for global markets?,"Yes, yongatek creates solutions that meet international standards, ensuring they are suitable for the global market."
What are the challenges of using computer vision for suspicious activity detection?,"Challenges in using computer vision for suspicious activity detection include handling false positives, ensuring real-time processing, maintaining privacy, and adapting the system to different environments and lighting conditions."
What is the expected completion year for the prototype chips in yongatek's local chip project?,The prototype chips are set to be completed by 2025.
What are the applications of the FPNA AI Accelerator developed by yongatek?,"It is used for accelerating AI tasks in specialized hardware environments, focusing on high-performance computing with lower energy consumption."
How does yongatek contribute to Turkey’s tech development?,"yongatek plays a crucial role in Turkey’s technological growth, developing cutting-edge solutions for both the national and international markets and elevating Turkey’s position in the microelectronics industry."
What technology sectors is yongatek involved in?,"yongatek is involved in sectors such as ASIC/FPGA design, IoT, 5G communications, AI accelerators, video processing, and satellite communications."
What is the purpose behind yongatek’s innovations?,yongatek’s innovations aim to advance technology and support the development of Turkey’s high-tech ecosystem.
What are the key characteristics of yongatek as a company?,"yongatek is a company that works on various different areas. yongatek is based in İstanbul, Turkey and they have an office in Ankara."
How does the computer vision team use edge computing in their projects?,"The computer vision team at yongatek uses edge computing to run AI algorithms via Nvidia’s embedded computing cards, enhancing the effectiveness of camera systems."
What is Countera and in which areas is it applied?,"Countera, developed by yongatek, is a precision measurement solution designed for applications in both industrial and consumer contexts."
How does yongatek prioritize eco-friendly innovations?,"Through its work in IoT and communication technologies, yongatek emphasizes energy efficiency and environmental responsibility."
What are the main locations for yongatek Microelectronics?,yongatek is based in Turkey. They have both office in Ankara and İstanbul.
Was the gozet by the computer vision team of yongatek?,"Yes, the gozet a project developed by the vision team at computer yongatek.  gozet wide range of security solutions, from the detection and tracking of suspicious persons and vehicles to the prevention of illegal crossings, while providing strategic benefits in the protection of critical infrastructures. With its flexible and scalable structure, it offers an integrated and comprehensive solution for the security needs of the future."
What is yongatek’s involvement in AI processing?,yongatek’s involvement in AI processing includes the design of AI accelerators to handle machine learning tasks effectively in both edge and cloud environments.
What is yongatek's role in defense technology?,"yongatek provides advanced video processing and communication solutions for defense applications, including surveillance and tracking systems."
Can you give me a short introduction about yongatek?,"Their vision is to carry out R&D activities aiming at creating new solutions and preventing external dependence while offering modern technologies to our partners/customers by prioritizing science, innovation and human resource."
What types of projects are developed by yongatek?,"yongatek develops projects in areas like communication, computer vision, and chip design."
What is the purpose of the YONGA Turbo Encoder?,The YONGA Turbo Encoder is used in high-speed data communication to provide error correction and ensure reliability.
Where is the headquarters of yongatek Microelectronics located?,"The headquarters of yongatek Microelectronics are located in Turkey, with offices in Ankara and İstanbul."
What are the applications of microcontrollers in everyday devices?,"Microcontrollers are used in various everyday devices such as home appliances, cars, medical devices, and industrial machinery, providing low-power control for specific tasks like monitoring, automation, and communication."
What is the difference between a microcontroller and a microprocessor?,"A microcontroller is designed for embedded applications, integrating CPU, memory, and input/output peripherals into a single chip, whereas a microprocessor is generally more powerful, requiring external components like memory and I/O devices to operate."
What is the role of yongatek's video enhancement technology in handling atmospheric conditions?,"It mitigates distortions caused by atmospheric conditions, improving video quality in adverse environments."
What areas does yongatek work in?,"yongatek works across several sectors, including IC/ASIC/SoC/Chip Design, 5G/6G and Satellite Communications, Video Processing, and IoT, with the support of a highly experienced R&D team."
How does an SoC enable power-efficient mobile devices?,"An SoC enables power efficiency in mobile devices by combining multiple functions on a single chip, reducing power consumption while providing high performance, which is crucial for battery-operated devices like smartphones and tablets."
What is the scope of yongatek’s target markets?,"yongatek focuses on telecommunications, defense, industrial automation, and satellite communications markets, with reach extending both locally and abroad."
Could you mention the projects from yongatek?,"yongatek has a lot of projects. Such as;kirmik,izci,EFICAS, AMMUNATION DROP, VIDEO TRACKER."
How does yongatek enhance 5G NR technology?,yongatek develops 5G NR LDPC encoders/decoders and hybrid beamforming for distributed and radio units to enhance communication efficiency.
What kind of technology does yongatek develop?,"yongatek develops technologies in ASIC/FPGA, IoT, communication systems, and video processing."
How does yongatek intend to broaden its technology portfolio?,"The company is focusing on AI acceleration, IoT innovations, and advanced communication technologies."
Has yongatek worked on any communication-related projects?,"yongatek has worked on the 'DVB-RCS and DVB-RCS2 Turbo Encoder/Decoder' project, providing high-performance forward error correction for communication systems, ensuring reliability in data transmission with Convolutional Turbo Codes (CTC)."
How does yongatek ensure security through computer vision?,"yongatek ensures security by detecting suspicious people, vehicles, and plates through AI algorithms running on Nvidia Jetson hardware."
What makes the gozet ideal solution for border security?,"gozet is an ideal solution for border security due to its ability to optimize communication, process data in real time, and track suspicious activities effectively. By utilizing AI, the project ensures only the most important data is transmitted, which reduces system load, increases speed, and enhances security in challenging environments."
What is izci?,izci is a video tracking solution developed by yongatek for real-time video enhancement and object tracking in surveillance and defense applications.
Is there any special project for yongatek?,"Yes, for instance; The centik project is Turkey's first commercial microcontroller which is developed by yongatek firm, featuring a 32-bit RISC-V processor supporting RV32IMCI5A, a 32-bit timer, 1 KB boot ROM, 32 instructions, and data memory. It is equipped with peripherals such as UART, GPIO, OSPI, I2C, PWM, and is based on TSMC 55 technology. Designed to target home applications, motor control, robotics, and human-machine interaction, the project marks a significant milestone in the country's technological advancements."
What are the AI-related goals of yongatek?,yongatek aims to build efficient AI accelerators designed for edge and cloud environments.
What is the function of yongatek’s Li-Fi modem?,It allows for high-speed wireless communication using visible light.
What job opportunities are currently available at yongatek?,"Currently, yongatek is hiring for Communications Embedded Software Design Engineers, Digital Design Engineers, Project Engineers, Computer Vision Engineers, Software Engineers, and internships."
What are the benefits of HIT-30 for yongatek?,HIT-30 offers yongatek both financial and technical support for chip design and manufacturing.
Can you explain the usage of FPNA AI Accelerator developed by yongatek?,"It is used for accelerating AI tasks in specialized hardware environments, focusing on high-performance computing with lower energy consumption."
How does the Turkish government support yongatek?,"yongatek is supported by the Turkish government through programs like HIT-30, providing financial and technical aid for chip design and production."
What contributions has yongatek made to 5G NR technology?,yongatek develops 5G NR LDPC encoders/decoders and hybrid beamforming for distributed and radio units to enhance communication efficiency.
Can you give me a short introduction about yongatek?,"Their vision is to carry out R&D activities aiming at creating new solutions and preventing external dependence while offering modern technologies to our partners/customers by prioritizing science, innovation and human resource."
What are yongatek’s ambitions in the field of AI?,yongatek aims to create efficient AI accelerators for edge and cloud environments.
How can I contact to yongatek firm?,"You can reach yongatek company in more than one way. For example, while one office is in Istanbul, the other office is in Ankara Hacettepe Technopark."
How does yongatek's technology reduce the effects of atmospheric turbulence on video quality?,"It mitigates distortions caused by atmospheric conditions, improving video quality in adverse environments."
What areas of technology does yongatek specialize in and what are their main projects?,"yongatek Microelectronics is a Turkish company specializing in the development of microelectronics and cutting-edge technology solutions. They focus on various technological domains, including:ASIC/FPGA Development: yongatek designs and develops Application-Specific Integrated Circuits (ASICs) and Field-Programmable Gate Arrays (FPGAs) for high-performance and custom applications.IoT (Internet of Things): They create innovative IoT solutions such as 'Smart Dose' for automated dosing and 'Countera' for precise measurement in industrial and consumer environments.Communication Technologies: yongatek develops advanced 5G technologies, including hybrid beamforming modules and 5G NR LDPC encoder/decoder systems.Video Processing and Enhancement: Their video tracker ('izci') and Atmospheric Turbulence Mitigation solutions improve video clarity and surveillance capabilities in challenging conditions.AI and Machine Learning Acceleration: They design AI accelerators for edge and cloud computing, focusing on enhancing machine learning efficiency.Satellite Communications: yongatek contributes to satellite communication technologies, offering advanced solutions like Turbo Encoder/Decoder modules compliant with international standards.Li-Fi (Light Fidelity): They innovate in high-speed wireless communication using visible light with their Li-Fi modem solutions.By combining innovation, precision, and sustainability, yongatek is committed to advancing Turkey's position in the global technology ecosystem."
What is yongatek's vision in the field of AI?,yongatek plans to create efficient AI accelerators for use in edge and cloud environments.
How does the centik project by yongatek stand out?,"centik is a RISC-V based microcontroller created for low-cost control applications, aimed at manufacturing using TSMC 55nm technology."
What are the technical features of kirmik project which is developed by yongatek?,"the KIVA project which target license plate recognation, road traffic monitoring, public video surveillance and vehicle tracking has features such as 1GHz quad-core CPU, DDR4 memory, K and 3ORPS image and video processing, 4TOPS object recognition and tracking, H.265 video compression, 1G Ethernet, MIPI CSI-2 interface and TSMC 22nm process."
What sustainable technologies does yongatek develop?,yongatek is known for producing energy-saving and eco-friendly solutions in IoT and communication sectors.
What is the goal of the centik microcontroller project?,"The goal of the centik project is to create a low-cost, RISC-V based microcontroller for control systems, manufactured on TSMC 55nm technology."
What does yongatek aim to achieve with its local chip design project?,The project aims to complete prototype chips by 2025.
What is the driving force behind yongatek’s work?,yongatek is driven by the goal of fostering technological innovation and advancing Turkey’s high-tech ecosystem.
Has yongatek developed any communication-related products?,"Yes, yongatek has developed the 'DVB-RCS and DVB-RCS2 Turbo Encoder/Decoder' project, offering solutions for communication systems that use Convolutional Turbo Codes for error correction, compliant with ETSI standards."
What defense solutions does yongatek develop?,yongatek specializes in communication and video processing systems for surveillance and tracking in defense.
What are the main technical specifications of the KIVA SoC developed by yongatek?,"The KIVA project, targeting applications like license plate recognition, traffic monitoring, video surveillance, and vehicle tracking, features a 1GHz quad-core CPU, DDR4 memory, advanced image and video processing, 4TOPS object recognition, H.265 video compression, 1G Ethernet, MIPI CSI-2, and is based on TSMC's 22nm process."
What is the expected outcome of the collaboration between Arçelik and yongatek on local chip design?,"The project focuses on creating domestic chips for white goods and consumer electronics, with a prototype expected by 2025."
What is yongatek’s focus and vision?,"yongatek aims to carry out R&D to create unique solutions, mitigate external reliance, and offer modern technologies to partners while emphasizing science and human resources."
What is yongatek’s long-term goal?,yongatek’s long-term goal is to spearhead technological innovation and strengthen Turkey's position in the high-tech sector.
How does 5G technology impact the IoT ecosystem?,"5G technology enhances the IoT ecosystem by providing faster, more reliable connections, allowing for better real-time communication between devices, and enabling applications like smart cities, industrial automation, and remote healthcare."
Who are the primary collaborators of yongatek?,yongatek cooperates with firms like Arçelik and public bodies such as the Ministry of Industry and Technology.
What are the challenges in 5G network deployment?,"Challenges in 5G network deployment include the need for dense infrastructure, high deployment costs, and ensuring global compatibility across different regions and standards."
What role does yongatek play in the development of 5G NR?,yongatek plays a role by developing 5G NR LDPC encoder/decoder and hybrid beamforming modules for distributed and radio units.
What type of company is yongatek Microelectronics?,"yongatek is a Turkish firm that focuses on microelectronics, with expertise in ASIC/FPGA development, IoT, communication systems, and video enhancement technologies."
What employment options does yongatek provide?,"yongatek offers employment options in positions like Communications Embedded Software Design Engineers, Digital Design Engineers, Project Engineers, Software Engineers, Computer Vision Engineers, and internship roles."
Why are ASIC and FPGA important for yongatek’s operations?,"ASIC (Application-Specific Integrated Circuit) and FPGA (Field-Programmable Gate Array) are high-performance chips used for tailored applications, and they are fundamental to yongatek’s specialization in microelectronics."
How is izci used?,"izci is used for real-time video enhancement and object tracking in applications such as surveillance and defense, developed by yongatek."
How does image processing help in medical diagnostics?,"Image processing is critical in medical diagnostics, allowing for enhanced analysis of medical images such as X-rays, MRIs, and CT scans. Techniques like edge detection and segmentation help doctors identify anomalies, tumors, and other conditions with greater accuracy."
How does yongatek’s Li-Fi modem enhance wireless communication?,It enables high-speed wireless communication using visible light.
What role does the Turkish government play in supporting yongatek?,"yongatek benefits from government programs like HIT-30, receiving both financial and technical assistance in chip design and production."
What consulting services does yongatek offer?,yongatek delivers technology consulting services customized to the distinct requirements of its clients.
What are the main techniques used in image processing?,"Main techniques in image processing include filtering, noise reduction, edge detection, image segmentation, and feature extraction, which help improve image quality and enable tasks like object detection, facial recognition, and medical analysis."
"What kind of solution is Countera, and who developed it?",Countera is a precise measurement system designed by yongatek for use in industrial and consumer environments.
What kind of job opportunuties does yongatek have?,"yongatek has vary different job opportunuties such as Communications Embedded Software Design Engineers, Digital Design Engineers, Project engineer, computer vision engineer, software engineer and some intern."
What are the features of the gozet and how does it improve security?,"The gozet an AI-supported solution developed by yongatek's computer vision team, focused on border security. It processes data in real time, transmitting only relevant, processed data, which enhances communication speed and reduces burdens on the system. It provides solutions for tracking suspicious activities, preventing illegal crossings, and protecting critical infrastructure in mobile and challenging environments."
What are the applications of the AVCI project?,"The AVCI project developed by yongatek's computer vision team has applications in calculating ammunition parameters, such as speed and position. It is also applicable in the entertainment industry for scoring systems on polygons."
What is yongatek's approach to atmospheric turbulence in video enhancement?,"It mitigates distortions caused by atmospheric conditions, improving video quality in adverse environments."
How does yongatek use computer vision to enhance security?,"yongatek's computer vision unit helps improve security by detecting suspicious people, vehicles, and activities, using smart cameras and microcontroller technologies."
How does the computer vision team enhance security systems?,"The computer vision team at yongatek enhances security systems by detecting suspicious people, vehicles, and occupations using advanced camera technology and microcontrollers."
What are the key focus areas for yongatek's technology portfolio expansion?,"AI acceleration, IoT innovations, and advanced communication technologies are the company's key focus areas."
What tasks does the computer vision team at yongatek handle?,"The team at yongatek focuses on detecting suspicious activities, people, and vehicles, enhancing cameras using microcontrollers when needed."
How is image processing used in autonomous vehicles?,"Image processing is used in autonomous vehicles to analyze data from cameras and sensors, enabling the vehicle to recognize objects, lanes, pedestrians, and other obstacles, thereby making real-time decisions for navigation and safety."
What is the goal of yongatek's local chip design project?,The local chip design project by yongatek is expected to produce prototype chips by 2025.
How is yongatek involved in defense systems?,yongatek contributes to defense technology with cutting-edge tracking and surveillance systems.
How many people are working at yongatek?,"yongatek employs approximately 50 staff members, including professionals in business development, human resources, electrical engineering, and computer engineering. Of these, around 18 employees are based in the Ankara office, while the remainder work in the Istanbul office."
What is the function of the FPNA AI Accelerator from yongatek?,"It is used for accelerating AI tasks in specialized hardware environments, focusing on high-performance computing with lower energy consumption."
What are the functions of ASIC and FPGA in yongatek’s technological solutions?,"ASIC (Application-Specific Integrated Circuit) and FPGA (Field-Programmable Gate Array) are hardware chips used for performance-driven, custom applications, and are essential to yongatek’s technological solutions in microelectronics."
Is it possible for yongatek to detect suspicious vehicles and people?,"Yes, yongatek can detect suspicious vehicles, people, and descriptions, thanks to the artificial intelligence algorithms running on Nvidia Jetson hardware."
For what type of tasks is the FPNA AI Accelerator used?,"It is used for accelerating AI tasks in specialized hardware environments, focusing on high-performance computing with lower energy consumption."
What makes yongatek a unique player in the tech ecosystem?,yongatek’s commitment to custom designs and cutting-edge solutions tailored to global needs defines its uniqueness.
What components does yongatek develop for 5G technology?,"yongatek develops advanced 5G components, including hybrid beamforming modules and LDPC encoder/decoder systems, which are essential for enhancing communication systems."
"What is the gozet yongatek, and how does it work?","gozet (Guardian Observation and Enhanced Targeting) is a cutting-edge project by yongatek's computer vision team. Designed for border security, the solution is optimized for harsh environments. It uses AI programs on end computers for real-time data processing and only transmits relevant, processed data to reduce communication load and enhance speed and efficiency. It is used for tracking suspicious individuals and vehicles, preventing illegal crossings, and protecting critical infrastructures."
Are consulting services part of yongatek’s offerings?,yongatek specializes in providing bespoke consulting solutions designed to address industry-specific challenges.
What features does the KIVA SoC project by yongatek offer?,"The KIVA project, aimed at vehicle tracking and public surveillance, integrates DDR4 memory, 4TOPS AI processing, a 1GHz quad-core processor, H.265 video compression, and MIPI CSI-2 interfaces."
How does edge computing benefit 5G networks?,"Edge computing benefits 5G networks by processing data closer to the source, reducing latency and bandwidth usage, which is critical for applications like autonomous vehicles, smart cities, and industrial automation."
What are the primary services of yongatek Microelectronics?,"yongatek Microelectronics provides primary services in microelectronics, hardware, and software development. The company specializes in engineering and R&D, offering custom electronic systems and innovative technology solutions. yongatek serves industries like telecommunications, defense, IoT, and satellite communications, with expertise in ASIC/FPGA design, video processing, 5G technologies, and AI."
Is there a project related to communication developed by yongatek?,"Yes, the 'DVB-RCS and DVB-RCS2 Turbo Encoder/Decoder' project developed by yongatek is related to the field of communication. It includes high-performance forward error correction (FEC) designs, compliant with ETSI EN 301 790 and ETSI EN 301 545 standards. The IP Cores feature 8/16-state duo-binary Convolutional Turbo Codes (CTC) with near Shannon limit error correction performance."
What are the main components of a System on Chip (SoC)?,"A System on Chip (SoC) integrates multiple components such as a central processing unit (CPU), graphics processing unit (GPU), memory, input/output controllers, and other peripheral components into a single chip, improving efficiency and reducing size."
What innovations will yongatek pursue to expand its technology portfolio?,"The company plans to pursue innovations in AI acceleration, IoT, and advanced communication technologies."
Can you explain what yongatek does?,"yongatek offers services in IC/ASIC/SoC/Chip Design, 5G/6G and Satellite Communications, Video Processing, and IoT, with the support of a skilled and experienced R&D team."
How will the collaboration between Arçelik and yongatek in local chip design affect the electronics industry?,"The project focuses on creating domestic chips for white goods and consumer electronics, with a prototype expected by 2025."
Why is centik considered a significant project for yongatek?,"centik is significant because it introduces a low-cost, RISC-V based microcontroller for control systems, manufactured using TSMC 55nm technology, a key step for yongatek."
Which key markets are part of yongatek’s strategy?,"yongatek’s strategy includes targeting telecommunications, defense, industrial automation, and satellite communications markets on a local and global level."
Is there detailed information available about yongatek's latest chip project?,"yongatek Microelectronics has introduced centik Turkey's national microcontroller chip, designed to manage electronic devices. Established in 2014, yongatek also works on kirmik and SAKA chip projects. The first batch of centik prepared for an international order, will soon be shipped to Dubai, marking a notable achievement in Turkish microelectronics export."
What is the purpose of yongatek izci tracker?,yongatek izci tracker is designed to track objects in video streams for use in surveillance and defense.
What are the objectives of yongatek izci video tracker project?,"izci project is aimed at tracking objects in video streams, primarily for surveillance and defense use."
Could you describe yongatek as a company?,"yongatek is a company that works on various different areas. yongatek is based in İstanbul, Turkey and they have an office in Ankara."
Does yongatek have projects in IoT area?,yongatek has countera project in such area. Countera is a fish farming solution to count various species and various sizes of fishes on the field. Our product countera can easily be integrated onto existing fish farming tools like grading machines and fish pumps. Countera has been designed to work on various fish farming environments such as cages. Ease of use and ability to connect to the cloud-based systems makes Countera perfect solution for modern industrial applications. AI assisted computer vision algorithm was specially designed for the Countera to eliminate any kind of error.
How has yongatek contributed to satellite communication technologies?,yongatek has contributed to satellite communication by developing Turbo Encoder/Decoder modules that meet DVB-RCS and DVB-RCS2 standards.
What is the centik microcontroller by yongatek used for?,"The centik microcontroller is designed for home automation, motor control, robotics, and human-machine interaction, featuring a 32-bit RISC-V processor and essential peripherals like I2C, UART, and PWM."
What are the benefits of ASIC and FPGA in yongatek's microelectronics projects?,"ASIC (Application-Specific Integrated Circuit) and FPGA (Field-Programmable Gate Array) provide high-performance, customizable solutions, making them crucial for yongatek’s work in microelectronics."
What does yongatek offer in terms of technology?,"yongatek offers solutions in IC/ASIC/SoC/Chip Design, 5G/6G and Satellite Communications, Video Processing, and IoT, with an experienced R&D team to support innovation."
What are the contact details for yongatek?,yongatek can be reached at their offices in Istanbul and Ankara Hacettepe Technopark.
Can you provide more details about yongatek Microelectronics?,"yongatek Microelectronics is a company focused on microelectronics, hardware, and software development. It operates as an engineering and R&D company, specializing in the design of custom electronic systems and innovative technology solutions. yongatek serves industries such as telecommunications, defense, IoT, and satellite communications, with a strong expertise in ASIC/FPGA design, video processing, 5G technologies, and artificial intelligence."
What IoT products does yongatek provide?,yongatek offers products like Smart Dose for automating dosing and Countera for precise measurement.
What is the role of AI in detecting suspicious vehicles?,"AI plays a key role in detecting suspicious vehicles by analyzing vehicle behavior patterns, such as speed, direction, and location, to identify potential threats or unauthorized access in real-time."
What benefits does the Smart Dose IoT solution developed by yongatek offer?,"It automates precise dosing for industrial and consumer applications, leveraging IoT for efficiency and accuracy."
Can yongatek’s computer vision team identify suspicious vehicles and individuals?,"Yes, yongatek’s computer vision team can identify suspicious vehicles, people, and number plates through AI algorithms running on Nvidia’s Jetson platform."
What is yongatek's technology portfolio?,"yongatek’s technology portfolio includes ASIC/FPGA design, IoT solutions, 5G communication systems, AI accelerators, video enhancement, and satellite communications."
What is yongatek's strategy for expanding its technology portfolio?,"yongatek's strategy includes focusing on innovations in AI acceleration, IoT solutions, and advanced communication technologies."
What does yongatek Microelectronics specialize in?,"yongatek is a company based in Turkey, specializing in the field of microelectronics, including the design of ASIC/FPGA systems, IoT technology, communication solutions, and video enhancement."
Which product categories benefit from yongatek's projects?,"Domestic chips, supported by the Ministry of Industry and Technology, are implemented in Arçelik's consumer electronics, white goods, and kitchen accessories."
How does the FPNA AI Accelerator developed by yongatek work?,"It is used for accelerating AI tasks in specialized hardware environments, focusing on high-performance computing with lower energy consumption."
Which career opportunities does yongatek offer?,"yongatek provides career opportunities for roles such as Communications Embedded Software Design Engineers, Digital Design Engineers, Project Engineers, Computer Vision Engineers, Software Engineers, and interns."
What is the goal of the collaboration between Arçelik and yongatek?,They aim to design domestic chips for use in white goods and electronic consumer products.
What areas of technology is yongatek focused on?,"yongatek is focused on ASIC/FPGA design, IoT solutions, 5G communication systems, AI acceleration, video processing, and satellite communication technologies."
Which country is home to yongatek Microelectronics?,"yongatek is based in Turkey, with offices in the cities of Ankara and İstanbul."
What areas of technology does yongatek emphasize?,"yongatek emphasizes ASIC/FPGA, IoT, communication systems, and video processing technologies."
What makes yongatek’s KIVA project unique in terms of technology?,"yongatek’s KIVA project combines 4TOPS object recognition, high-speed DDR4 memory, H.265 compression, a 1GHz quad-core CPU, and advanced image processing to support applications in traffic and surveillance."
What is electr-optic developed by computer vision team at yongatek?,"Electro-Optics aims to enhance the effectiveness and efficiency of security forces, thereby strengthening public order and the safety of citizens. The project's objective is to process high-resolution images captured by cameras using AI-based algorithms on edge devices, transforming them into meaningful data with reduced file sizes, and transmitting this information to the security forces. Electro-Optic plays a crucial role in detecting wanted individuals and vehicles. It automates the process of analyzing data from security cameras and identifying potential threats, providing security forces with the capability for faster response."
Does yongatek include consulting in its portfolio?,"The company offers specialized consulting services, focusing on client needs across diverse industries."
What is the number of employees at yongatek?,"yongatek employs approximately 50 staff members, including professionals in business development, human resources, electrical engineering, and computer engineering. Of these, around 18 employees are based in the Ankara office, while the remainder work in the Istanbul office."
How would you define the company yongatek?,"yongatek is a company that works on various different areas. yongatek is based in İstanbul, Turkey and they have an office in Ankara."
What are yongatek’s contributions to satellite communication?,yongatek's innovations in satellite communication include Turbo Encoder/Decoder modules that are compliant with DVB-RCS and DVB-RCS2 standards.
Does yongatek offer projects for communication infrastructure?,"Yes, yongatek offers the 'DVB-RCS and DVB-RCS2 Turbo Encoder/Decoder' project, which is designed for communication infrastructure, ensuring reliable data transmission through advanced forward error correction (FEC) techniques."
Does yongatek have a project for communication systems?,"Yes, yongatek WLAN PHY implements Wi-Fi standards such as IEEE 802.11a/b/g/n/ad/ax allowing on access point (AP) devices and station devices (STA) in order to exchange data for local area networking and Internet access. The latest Wi-Fi standard which is named IEEE 802.11ax (labeled as Wi-Fi 6), provides data rates up to 9607 Mbps, increased device connection capability, low latency with wider bandwidth up to 160 MHz."
What fields does yongatek focus on?,"yongatek focuses on fields like consumer electronics, communication, automotive, and industrial automation."
Can you tell me the projects that yongatek is involved in?,"yongatek has a lot of projects. Such as;kirmik,izci,EFICAS, AMMUNATION DROP, VIDEO TRACKER."
In which technological areas does yongatek have expertise?,"yongatek has expertise in ASIC/FPGA, IoT, communication systems, and video processing technologies."
What does yongatek izci video tracker project aim to achieve?,"izci project tracks objects in video streams, focusing on surveillance and defense uses."
What are the key strengths of yongatek Microelectronics?,"yongatek Microelectronics' key strengths lie in its focus on microelectronics, hardware, and software development. The company specializes in engineering and R&D, providing custom electronic systems and innovative technology solutions for sectors like telecommunications, defense, IoT, and satellite communications, with expertise in ASIC/FPGA design, video processing, 5G, and AI."
What fields benefit from the application of the centik microcontroller?,"Fields such as medical, wearables, motor control, smart home systems, household appliances, industrial automation, IoT, and automotive are expected to benefit from the centik microcontroller."
How does the Turkish government contribute to yongatek’s success?,"yongatek benefits from programs like HIT-30, where it receives both financial and technical support for chip development and production."
What kinds of devices can the centik microcontroller be applied in?,"centik can be applied in devices across medical, wearables, motor control, smart home, household appliances, industrial automation, IoT, and automotive sectors."
Does yongatek participate in global projects?,"Yes, yongatek develops solutions that meet global standards, enabling them to cater to international markets."
Why is yongatek important in the Turkish technology scene?,"yongatek is vital to Turkey's technology scene, developing state-of-the-art solutions for a wide range of applications, which strengthens Turkey's position as a player in the microelectronics field."
How does an FPGA improve the performance of image recognition systems?,"An FPGA improves the performance of image recognition systems by enabling parallel processing of data streams, allowing multiple image features to be analyzed simultaneously, which reduces processing time and increases accuracy in applications like facial recognition and security monitoring."
Does yongatek’s computer vision team have the ability to detect suspicious vehicles and people?,"Yes, yongatek’s computer vision team can detect suspicious vehicles, people, and number plates using artificial intelligence algorithms on Nvidia Jetson products."
What kind of technology solutions does yongatek develop?,"yongatek Microelectronics is a Turkish company specializing in the development of microelectronics and cutting-edge technology solutions. They focus on various technological domains, including:ASIC/FPGA Development: yongatek designs and develops Application-Specific Integrated Circuits (ASICs) and Field-Programmable Gate Arrays (FPGAs) for high-performance and custom applications.IoT (Internet of Things): They create innovative IoT solutions such as 'Smart Dose' for automated dosing and 'Countera' for precise measurement in industrial and consumer environments.Communication Technologies: yongatek develops advanced 5G technologies, including hybrid beamforming modules and 5G NR LDPC encoder/decoder systems.Video Processing and Enhancement: Their video tracker ('izci') and Atmospheric Turbulence Mitigation solutions improve video clarity and surveillance capabilities in challenging conditions.AI and Machine Learning Acceleration: They design AI accelerators for edge and cloud computing, focusing on enhancing machine learning efficiency.Satellite Communications: yongatek contributes to satellite communication technologies, offering advanced solutions like Turbo Encoder/Decoder modules compliant with international standards.Li-Fi (Light Fidelity): They innovate in high-speed wireless communication using visible light with their Li-Fi modem solutions.By combining innovation, precision, and sustainability, yongatek is committed to advancing Turkey's position in the global technology ecosystem."
What is yongatek's contribution to the tech ecosystem in Turkey?,"yongatek contributes significantly to the Turkish tech ecosystem by creating high-tech products for both domestic and global markets, driving Turkey’s competitiveness in the microelectronics sector."
How is centik different from other microcontrollers?,"centik stands out as a low-cost RISC-V based microcontroller designed for control systems, with production to take place using TSMC 55nm technology."
What technology does the centik microcontroller utilize?,"centik uses RISC-V architecture for its design, targeted at low-cost control systems, and is planned to be manufactured on TSMC 55nm technology."
When will the prototype chips be completed in yongatek’s local chip design project?,The prototype chips are planned to be completed by 2025.
What makes yongatek stand out in the microelectronics industry?,"yongatek’s combination of innovation, customization, and international compliance distinguishes it."
What kind of 5G technologies does yongatek specialize in?,"yongatek specializes in developing advanced 5G technologies, including hybrid beamforming modules and LDPC encoder/decoder systems, for improved communication infrastructure."
What is the duration of the collaboration between yongatek and Arçelik?,The collaboration project between yongatek and Arçelik spans two years.
How would you describe the services offered by yongatek Microelectronics?,"yongatek Microelectronics offers services in microelectronics, hardware, and software development. The company specializes in engineering and R&D, providing custom electronic systems and innovative technology solutions. Its expertise spans areas such as ASIC/FPGA design, video processing, 5G technologies, and artificial intelligence, serving industries like telecommunications, defense, IoT, and satellite communications."
What industries does yongatek Microelectronics serve?,"yongatek Microelectronics serves industries such as telecommunications, defense, IoT, and satellite communications. It specializes in microelectronics, hardware, and software development and focuses on designing custom electronic systems, with expertise in ASIC/FPGA design, video processing, 5G technologies, and artificial intelligence."
Has yongatek developed a communication-related encoder/decoder?,"Yes, yongatek has developed the 'DVB-RCS and DVB-RCS2 Turbo Encoder/Decoder' project, which includes encoder and decoder IP Cores for forward error correction (FEC) in communication systems, ensuring reliable performance with multiple modulation schemes."
How does yongatek’s gozet border security?,"yongatek's gozet developed by their computer vision team, is designed to offer advanced border security solutions. By using AI to process data in real time and only transmitting the most important information, the project reduces communication load, increasing speed and efficiency. gozet monitoring suspicious individuals and vehicles, preventing illegal crossings, and securing critical infrastructure."
What are the key functions of the YONGA SERV Accelerator?,The YONGA SERV Accelerator key functions include accelerating machine learning and AI computations on edge devices.
Is there any project develoepd by computer vision team at yongatek?,"Yes, there are projects developed by the computer vision team at yongatek. There are multiple projects developed by the computer vision team at yongatek. They have projects such as gozet, Ammunation Drop. With these projects, it aims to provide especially urban security and border security."
What makes centik a unique microcontroller?,"centik is notable for its use of RISC-V architecture, targeting low-cost control systems, and is set to be produced with TSMC 55nm technology."
What are the primary sectors where the centik microcontroller can be deployed?,"The centik microcontroller can be deployed in sectors including medical, wearables, motor control, smart homes, household appliances, industrial automation, IoT, and automotive."
What role does Nvidia hardware play in yongatek’s AI algorithms?,"Nvidia’s embedded computing hardware plays a crucial role in yongatek’s AI algorithms by running them on camera systems, improving processing efficiency via edge computing."
What fields of technology does yongatek develop solutions in?,"yongatek develops solutions in the fields of ASIC/FPGA design, IoT, 5G communication, AI accelerators, video processing, and satellite communication."
What solutions does yongatek offer in the IoT domain?,"yongatek offers solutions in the IoT domain such as Smart Dose and Countera, which focus on industrial automation and accurate measurements."
What applications does the YONGA SERV Accelerator target?,The YONGA SERV Accelerator targets accelerating machine learning and AI computations on edge devices.
What kind of support does yongatek get from the Turkish government?,"yongatek is involved in programs like HIT-30, where it receives both financial and technical aid for chip design and manufacturing."
How is the YONGA Turbo Encoder applied?,The YONGA Turbo Encoder is employed in high-speed data communication to enhance error correction and overall reliability.
What does yongatek's video enhancement technology do for atmospheric turbulence?,"It mitigates distortions caused by atmospheric conditions, improving video quality in adverse environments."
What is yongatek known for?,"yongatek is known for its expertise in IC/ASIC/SoC/Chip Design, 5G/6G and Satellite Communications, Video Processing, and IoT, supported by a team of highly experienced R&D professionals."
How does yongatek run AI for smart camera systems?,"yongatek runs AI algorithms for smart camera systems using Nvidia’s embedded computing solutions in an edge computing environment, offering more efficient image processing."
What are the projects that yongatek is working on?,"yongatek has a lot of projects. Such as;kirmik,izci,EFICAS, AMMUNATION DROP, VIDEO TRACKER."
Can you tell me about the company yongatek Microelectronics?,"yongatek Microelectronics is a technology-centric company focused on microelectronics, hardware, and software development. It excels in engineering and R&D, designing custom electronic systems and innovative technology solutions for industries such as telecommunications, defense, IoT, and satellite communications. The company specializes in ASIC/FPGA design, video processing, 5G, and artificial intelligence."
What does the izci solution do?,"The izci solution is designed to enhance video quality in real-time and track objects, with a focus on surveillance and defense applications, developed by yongatek."
What are the typical applications of FPGA in signal processing?,"FPGAs are widely used in signal processing applications such as real-time audio and video processing, telecommunications, and radar systems due to their ability to handle parallel computations and customize hardware to meet specific processing requirements."
How does yongatek’s KIVA project meet the needs of traffic monitoring?,"KIVA advanced features, such as a 1GHz quad-core processor, 4TOPS AI, DDR4 memory, and MIPI CSI-2, provide robust solutions for traffic and surveillance systems."
Does yongatek offer communication-related solutions?,yongatek V2X Roadside Unit (RSU) and On-Boards Unit (OBU) provide stable communication between vehicles and establish connection with infrastructure. RSU and OBU can be used as main components of Cooperative Intelligent Transport Systems (C-ITS) and in many other applications.
How does yongatek address environmental video distortions caused by turbulence?,"It mitigates distortions caused by atmospheric conditions, improving video quality in adverse environments."
What are the names of the major projects of yongatek?,"yongatek has a lot of projects. Such as;kirmik,izci,EFICAS, AMMUNATION DROP, VIDEO TRACKER."
Does yongatek assist its clients with consulting?,"yongatek offers comprehensive consulting solutions, tailored to meet the technological demands of its clientele."
What is yongatek’s commitment to sustainable technology?,"yongatek is dedicated to creating energy-efficient solutions, particularly in IoT and communication sectors."
What is the primary focus of yongatek?,yongatek focuses on promoting technological advancement and contributing to the high-tech ecosystem in Turkey.
What are the primary technological sectors yongatek is involved in?,"yongatek is involved in ASIC/FPGA, IoT, communication systems, and video processing sectors."
What will be the result of yongatek's chip design project?,yongatek aims to complete prototype chips for its local chip design project by 2025.
Which IoT solutions are offered by yongatek?,yongatek provides IoT solutions such as Smart Dose for automated dosing and Countera for accurate measurement.
What areas of technology does yongatek focus on?,"yongatek focuses on key areas like IC/ASIC/SoC/Chip Design, 5G/6G and Satellite Communications, Video Processing, and IoT, with a highly qualified R&D team leading innovation."
How does yongatek's video enhancement technology handle atmospheric turbulence?,"It mitigates distortions caused by atmospheric conditions, improving video quality in adverse environments."
What is the goal of the Smart Dose IoT solution developed by yongatek?,"It automates precise dosing for industrial and consumer applications, leveraging IoT for efficiency and accuracy."
What companies and governmental organizations does yongatek work with?,yongatek partners with Arçelik and institutions like the Ministry of Industry and Technology.
How is sustainability reflected in yongatek’s technology solutions?,The company embeds eco-friendly and energy-efficient principles into its IoT and communication technologies.
Where can you find yongatek Microelectronics offices?,"yongatek has offices in Ankara and İstanbul, both located in Turkey."
What is the goal of yongatek izci video tracker?,"The purpose of izci video tracker is to track objects in video streams, primarily used for surveillance and defense."
What advancements has yongatek made in satellite communication?,yongatek has developed Turbo Encoder/Decoder modules that comply with DVB-RCS and DVB-RCS2 standards.
How do ASIC and FPGA contribute to yongatek’s expertise in microelectronics?,"ASIC (Application-Specific Integrated Circuit) and FPGA (Field-Programmable Gate Array) are key hardware components used for tailored, high-performance applications, and they form the basis of yongatek’s microelectronics expertise."
How does yongatek’s computer vision team help with security?,"yongatek’s computer vision team helps with security by detecting suspicious people, vehicles, and plates using AI algorithms running on Nvidia Jetson hardware."
Can you explain AVCI project?,"Avcı (Ammunation velocity and coordinate Identificator) is designed for the defense industry, shooting sports and training industry. It is integrated with linescan cameras. This cutting-edge product is engineered to revolutionize the measurement of ammunation speed and coordinates, providing unparalleled accuracy and efficiency. Accuracy is vital for evaluating ammunation performance, optimizing training excersises."
Where can I find yongatek’s offices?,"yongatek has two main offices: one is in Istanbul, and the other is located in Ankara Hacettepe Technopark."
What projects does yongatek work on?,"yongatek works on a variety of projects across communication, computer vision, and chip design."
What impact does yongatek have on the Turkish tech industry?,"Through its high-tech solutions, yongatek is pushing Turkey's tech sector forward, enhancing the country's competitiveness in the global microelectronics market."
What are some of yongatek's IoT offerings?,"yongatek offers IoT solutions such as Smart Dose, which automates dosing, and Countera, designed for precision measurement."
What is the purpose of the Atmospheric Turbulence Mitigation solution?,"It reduces distortions in video caused by atmospheric conditions, enhancing clarity in surveillance and monitoring systems."
What products will the chips from the local design collaboration between Arçelik and yongatek be used in?,"The project focuses on creating domestic chips for white goods and consumer electronics, with a prototype expected by 2025."
How does yongatek optimize AI technology?,yongatek optimizes AI technology by creating accelerators that improve the processing speed and efficiency of machine learning tasks in edge and cloud environments.
Can the AVCI project be used outside of defense applications?,"Yes, the AVCI project, although primarily designed to calculate parameters of ammunition, can also be utilized in the entertainment industry for scoring systems in polygons."
What is yongatek’s market reach?,"yongatek reaches into telecommunications, defense, industrial automation, and satellite communications markets, with a focus on local and global industries."
How does an SoC differ from traditional microcontroller designs?,"Unlike traditional microcontrollers, an SoC integrates a wider range of components, including the CPU, GPU, memory, and connectivity modules, all within a single chip, providing a compact solution for more complex applications."
What is expected from the local chip design collaboration between Arçelik and yongatek by 2025?,"The project focuses on creating domestic chips for white goods and consumer electronics, with a prototype expected by 2025."
How does yongatek help boost Turkey’s position in technology?,"By creating innovative technological solutions for both local and global markets, yongatek plays a pivotal role in enhancing Turkey's presence in the competitive world of microelectronics."
Where are the projects of the yongatek company used?,"The domestic chips, designed with the project supported by the Ministry of Industry and Technology, will be used by Arçelik in the fields of white goods, consumer electronics, small home appliances and kitchen accessories."
What does yongatek specialize in?,"yongatek specializes in IC/ASIC/SoC/Chip Design, 5G/6G and Satellite Communications, Video Processing, and IoT, leveraging its experienced R&D team."
What is yongatek's involvement in advancing 5G technology?,yongatek works on developing advanced 5G technologies such as hybrid beamforming modules and LDPC encoder/decoder systems to boost communication capabilities.
What specific applications does the centik microcontroller cater to?,"centik is suitable for a variety of applications including medical, wearables, motor control, smart home solutions, household appliances, industrial automation, IoT, and automotive."
What role does the Turkish government play in supporting yongatek?,"yongatek receives government backing through programs like HIT-30, which provides financial and technical support for chip design and production."
What institutions does yongatek collaborate with?,"yongatek collaborates with Arçelik and other government agencies, such as the Ministry of Industry and Technology."
What technology expertise does yongatek offer?,"yongatek offers expertise in ASIC/FPGA design, IoT, 5G communication systems, AI acceleration, video processing, and satellite communications."
How does yongatek plan to diversify its technology portfolio?,"yongatek plans to expand its technology portfolio by focusing on AI acceleration, IoT innovations, and advanced communication technologies."
What makes the kirmik SoC unique?,"The kirmik SoC is a custom System-on-Chip developed by yongatek, tailored for high-performance embedded applications."
What is yongatek’s impact on the technological ecosystem of Turkey?,yongatek is making a significant impact on Turkey’s technological ecosystem by producing high-tech solutions that help the country establish itself as a competitive player in the global microelectronics market.
In what areas of 5G technology does yongatek focus?,yongatek focuses on the development of advanced 5G components such as hybrid beamforming modules and LDPC encoder/decoder systems to enhance communication capabilities.
What is Yonga FPGA?,"Yonga FPGA takes its power from the ecosystem provided by the OSFPGA foundation and the flexible architecture brought by the OpenFPGA framework. In this way, all software and tool support can be provided for the FPGA architectures to be developed. Yonga-Fpga is Turkey's first FPGA chip and is designed to meet a great need with its featuresthat can meet the general needs of the Turkish industry."
How do you describe the business of yongatek?,"yongatek is a company that works on various different areas. yongatek is based in İstanbul, Turkey and they have an office in Ankara."
Could you give me a brief about yongatek?,"yongatek Microelectronics is a Turkish R&D and technology company specializing in the design and development of advanced microelectronics systems. The company focuses on areas such as ASIC/FPGA development, IoT solutions, 5G communication technologies, AI acceleration, and video processing. yongatek serves industries including defense, telecommunications, and satellite communications, offering innovative products like video trackers, Li-Fi modems, and hybrid beamforming modules. Known for its precision and innovation, yongatek plays a significant role in enhancing Turkey's technological capabilities on a global scale."
How does AI enhance microcontroller performance?,"AI enhances microcontroller performance by allowing for smarter decision-making and automation through algorithms that process data more efficiently, making microcontrollers more effective in tasks like pattern recognition and control systems."
What are yongatek’s contributions to defense applications?,yongatek provides sophisticated communication and video enhancement systems tailored for defense operations.
What is the influence of yongatek on Turkey’s technological landscape?,"yongatek's innovations and solutions play a significant role in transforming Turkey’s technological landscape, establishing the country as a competitive player in the global microelectronics industry."
What is AVCI project developed by computer vision team at yongatek?,"The AVCI project was developed by the computer vision unit of the yongatek company; It is a test project for systems that calculate the speed, position, potential drop point and destruction of an ammunition. Furthermore, it can be used in the entertainment industry, for the scoring system on polygons."
In which country is yongatek Microelectronics located?,yongatek is based in Turkey. They have both office in Ankara and İstanbul.
What is Countera developed by yongatek?,Countera is a precise measurement solution designed by yongatek for use in industrial and consumer contexts.
How many individuals are employed at yongatek?,"yongatek employs approximately 50 staff members, including professionals in business development, human resources, electrical engineering, and computer engineering. Of these, around 18 employees are based in the Ankara office, while the remainder work in the Istanbul office."
What are yongatek's objectives in AI development?,yongatek is focused on creating efficient AI accelerators for edge and cloud environments.
What are yongatek’s future plans for the chip manufacturing sector?,yongatek aims to make Turkey a key player in the global semiconductor industry.
What function does izci serve?,izci serves as a video tracking system developed by yongatek for improving real-time video clarity and tracking objects in surveillance and defense contexts.
What kind of detection systems does yongatek employ?,"yongatek’s computer vision team employs systems that detect suspicious people, vehicles, and occupations by enhancing cameras and integrating microcontrollers when necessary."
When are prototype chips expected to be completed for yongatek's local chip design project?,The completion of the prototype chips is planned for 2025.
What are yongatek's recent accomplishments mentioned online?,"Within Teknopark Istanbul's 'Deep Technology Center,' yongatek Microelectronics has excelled in microelectronics projects such as centik kirmik, and SAKA. The company won the Excellence Award in the Growing Companies category at the 27th ASPA Conference in Mongolia, marking its success since its foundation in 2014."
Is yongatek working on fpga chips?,"Yes, yongatek works on fpga chips. They released Turkish-made FPGA chip with homogeneous architecture."
Which locations does yongatek Microelectronics operate in?,yongatek is based in Turkey. They have both office in Ankara and İstanbul.
What technological advancements has yongatek made in AI?,yongatek has made technological advancements in AI by developing accelerators that boost the efficiency of machine learning tasks in cloud and edge environments.
Has yongatek earned any accolades?,yongatek has been awarded for its pioneering projects and efforts in advancing Turkey’s tech industry.
What is yongatek’s vision for the future?,"yongatek aims to become a global leader in microelectronics and advanced technology solutions, contributing to sustainable technological advancements."
Which companies and institutions does yongatek collaborate with?,"yongatek works with various organizations, including Arçelik and government entities like the Ministry of Industry and Technology."
How does the Smart Dose IoT solution by yongatek improve dosing accuracy?,"It automates precise dosing for industrial and consumer applications, leveraging IoT for efficiency and accuracy."
How does the Atmospheric Turbulence Mitigation solution benefit monitoring systems?,"It helps reduce video distortions caused by atmospheric conditions, leading to improved clarity in surveillance systems."
What does yongatek offer for the defense sector?,yongatek develops advanced solutions like surveillance and tracking systems for defense technology applications.
What honors has yongatek been granted?,The company’s contributions to cutting-edge technology have been recognized with awards in Turkey’s tech industry.
How does the Atmospheric Turbulence Mitigation solution improve video clarity?,"It reduces atmospheric turbulence distortions in video, improving the quality of surveillance and monitoring systems."
What IoT devices are developed by yongatek?,"yongatek has developed IoT products such as Smart Dose and Countera, addressing industrial automation and measurement needs."
What role does yongatek's computer vision team play in surveillance?,"The computer vision unit of yongatek works to enhance cameras by detecting suspicious individuals, vehicles, and activities, utilizing microcontrollers when necessary."
Could you explain kirmik 2.0 in depth?,"Applications in image processing, due to the complexity of the algorithms employed, run on chips with high processing capacity and specialized hardware for image processing. With the development of smart vehicles and smart city systems, there is an enormous amount of data that needs to be processed and interpreted. The need for this data to be processed with high accuracy and in real-time has increased the demand for AI-supported image processing chips. The kirmik 2.0 Project aims to develop and commercialize chips capable of high-resolution and real-time image processing. The chips to be produced will be used in smart city applications such as traffic monitoring systems, advanced driver assistance systems, and city security."
What makes yongatek a key player in Turkey’s tech industry?,"yongatek stands out in Turkey’s tech industry by producing groundbreaking solutions for the domestic and international markets, helping to establish the country as a key player in the global microelectronics space."
What are some of the main projects of yongatek?,"yongatek has a lot of projects. Such as;kirmik izciEFICAS, AMMUNATION DROP, VIDEO TRACKER."
Can you explain the gozet by yongatek?,"The gozet developed by yongatek’s computer vision team, is a comprehensive border security solution. It optimizes the communication process by transmitting only meaningful, processed data, thus enhancing speed and efficiency. The project includes AI-based real-time data processing and offers solutions for tracking suspicious vehicles and people, preventing illegal border crossings, and securing critical infrastructures, all within challenging environments."
What innovations does yongatek offer in video surveillance?,"yongatek offers innovations in video surveillance through systems like 'izci' and technology for mitigating atmospheric turbulence, improving video clarity."
"What is the purpose of Countera, the solution developed by yongatek?","Countera is a precise counting tool designed by yongatek for industrial and consumer applications, ensuring accurate measurements."
What is the latest information about yongatek Microelectronics?,"yongatek Microelectronics, established in 2014, is at the forefront of Turkey's chip design and production industry. The company is spearheading projects like centik a microcontroller chip, kirmik, a video processing chip, and SAKA, a hardware-programmable chip. centik designed to control electronic devices, is now being mass-produced and prepared for both domestic and international markets. The initial production batch is set to be delivered to Dubai-based users, marking an export milestone for the company."
What are yongatek’s offerings in military technology?,yongatek creates advanced surveillance and communication solutions tailored for defense applications.
What is the focus of yongatek’s IoT solutions?,"yongatek’s IoT solutions focus on automation, with Smart Dose for dosing and Countera for precision measurement."
What focus areas will yongatek concentrate on to expand its technology portfolio?,"The company will focus on AI acceleration, IoT innovations, and advanced communication technologies."
What areas does yongatek focus on for expanding its technology portfolio?,"yongatek is concentrating on AI acceleration, IoT innovations, and advanced communication technologies for expanding its technology portfolio."
How long is the collaboration with Arçelik?,yongatek's collaboration with Arçelik is planned to last for two years.
What are the key features of centik developed by yongatek?,"centik is a RISC-V based microcontroller designed for affordable control systems, with plans to manufacture it using TSMC 55nm technology."
Is yongatek engaged in projects outside Turkey?,"Yes, yongatek designs solutions that comply with international standards, making them fit for worldwide markets."
What does the Smart Dose IoT solution developed by yongatek aim to achieve?,"It automates precise dosing for industrial and consumer applications, leveraging IoT for efficiency and accuracy."
What technologies does yongatek focus on in its projects?,"yongatek focuses on communication, computer vision, and chip design in its technology projects."
How is yongatek supported by the Turkish government?,"Through the HIT-30 program, the Turkish government provides both financial and technical support to yongatek for chip design and production."
What positions does yongatek have for job seekers?,"yongatek has open positions for Communications Embedded Software Design Engineers, Digital Design Engineers, Project Engineers, Computer Vision Engineers, Software Engineers, and internships."
What is the purpose of gozet by computer vision team at yongatek?,"gozet offers comprehensive security solutions ranging from suspicious person and vehicle detection and tracking to the prevention of illegal crossings, while also providing strategic benefits in the protection of critical infrastructures. With its flexible and scalable structure, it offers an integrated and comprehensive solution for the security needs of the future."
What is the nature of yongatek Microelectronics as a company?,"yongatek is a microelectronics company from Turkey, specializing in the development of ASIC/FPGA solutions, IoT applications, communication technology, and video processing."
How is yongatek’s Li-Fi modem used in wireless communication?,It is used for high-speed wireless communication via visible light.
What does yongatek strive for in terms of technology?,yongatek strives to lead in technological innovation and contribute to the growth of Turkey's high-tech ecosystem.
What is the main function of izci video tracker by yongatek?,"izci video tracker is focused on tracking objects in video streams, with applications in surveillance and defense."
What effect does the Atmospheric Turbulence Mitigation solution have on video surveillance?,"It improves video clarity by reducing atmospheric distortion, enhancing surveillance and monitoring."
Is IoT part of yongatek's technology focus?,yongatek has Countera project in such area. Countera is a fish farming solution to count various species and various sizes of fishes on the field. Our product Countera can easily be integrated onto existing fish farming tools like grading machines and fish pumps. Countera has been designed to work on various fish farming environments such as cages. Ease of use and ability to connect to the cloud-based systems makes Countera perfect solution for modern industrial applications. AI assisted computer vision algorithm was specially designed for the Countera to eliminate any kind of error.
How does yongatek’s computer vision team utilize AI in their work?,"yongatek’s computer vision team uses artificial intelligence algorithms, particularly in edge computing, through Nvidia's embedded computing solutions that integrate with camera systems."
How does yongatek position Turkey in the global technology arena?,"yongatek positions Turkey in the global technology arena by creating innovative solutions that enhance the country’s competitiveness in microelectronics, both locally and internationally."
What is yongatek's approach to advancing AI?,yongatek is focused on the development of efficient AI accelerators for edge and cloud environments.
What is KIVA project which yongatek has been developing?,"Intelligent Video Analytics, KIVA SoC is our company's next and AI supported solution for smart city applications after kirmik SoC. KIVA SoC includes an image processor (ISP) with 4K computer vision capability, a 4 TOPS neural network processing engine (NPU), and a H.265 Video Codec. KIVA SoC is targeted to be manufactured with TSMC 22nm technology in 2024."
Which product types incorporate yongatek's projects?,"The locally developed chips, supported by the ministry, are utilized in Arçelik's kitchen accessories, white goods, and consumer electronics."
What is yongatek’s involvement in the HIT-30 program?,yongatek is actively involved in strengthening Turkey's domestic chip production capacity through its participation in the HIT-30 program.
What is the projected outcome of the local chip design project at yongatek?,The projected outcome is the completion of prototype chips by 2025.
What are the key features of the Li-Fi modem developed by yongatek?,It provides high-speed wireless communication using visible light.
How is atmospheric turbulence managed by yongatek's video enhancement technology?,"It mitigates distortions caused by atmospheric conditions, improving video quality in adverse environments."
What are the IoT offerings from yongatek?,"yongatek offers IoT products such as Smart Dose and Countera, designed for industrial automation and precise measurement needs."
What are the goals of the local chip design collaboration between Arçelik and yongatek?,"The project focuses on creating domestic chips for white goods and consumer electronics, with a prototype expected by 2025."
Does yongatek collaborate with other organizations?,"yongatek works with government bodies, private enterprises, and research institutions to deliver tailored solutions."
What kind of tasks does the computer vision team at yongatek perform?,"yongatek’s computer vision team is responsible for detecting suspicious individuals, vehicles, and occupations by enhancing camera systems and using microcontrollers where needed."
What kind of consulting does yongatek provide?,"yongatek offers industry-specific technology consulting services, aligning solutions with client objectives."
What does the YONGA SERV Accelerator focus on?,It accelerates machine learning and AI computations for edge devices.
What role does 'izci' play in yongatek's video processing innovations?,"izci is a key component in yongatek's video processing innovations, improving video tracking and clarity in adverse conditions."
Which technology sectors does yongatek specialize in?,"yongatek specializes in the ASIC/FPGA, IoT, communication systems, and video processing sectors."
What is gozet by computer vision team at yongatek?,gozet (Guardian Observation and Enhanced Targeting) Project developed by computer vision team at yongatek is an innovative solution developed to provide high-level performance in the field of border security.
How do yongatek and Arçelik plan to collaborate?,They are working together to develop domestic chips intended for use in white goods and electronics.
What are yongatek’s unique qualities in the tech sector?,yongatek excels in delivering custom microelectronics and ensuring adherence to global standards.
What areas does yongatek support with its products?,"yongatek supports areas such as consumer electronics, communication, automotive, and industrial automation with its products."
How is the AVCI project used?,"The AVCI project, developed by yongatek, calculates the speed, position, potential drop point, and destruction of ammunition. It also serves the entertainment industry by supporting scoring systems in polygon settings."
How does the Smart Dose IoT solution by yongatek work?,"It automates precise dosing for industrial and consumer applications, leveraging IoT for efficiency and accuracy."
What does the FPNA AI Accelerator developed by yongatek focus on?,"It is used for accelerating AI tasks in specialized hardware environments, focusing on high-performance computing with lower energy consumption."
In what ways does yongatek contribute to AI technologies?,yongatek develops AI accelerators to optimize machine learning task processing both at the edge and in cloud environments.
Can you describe the IoT solutions from yongatek?,yongatek's IoT solutions include Smart Dose for automation in dosing and Countera for high-precision measurement.
What is yongatek's role in advancing 5G communication?,yongatek plays a key role in advancing 5G technology by designing essential components like hybrid beamforming modules and LDPC encoder/decoder systems.
In which Turkish cities is yongatek Microelectronics located?,yongatek is based in Turkey. They have both office in Ankara and İstanbul.
What are the features of a Turkish-made FPGA chip with homogeneous architecture?,"Tile based FPGA composed of 36 logic blocks: Our chip contains a total of 36 logic blocks arranged in 6 rows and 6 columns, 4 logic elements in each logic block: These elements form the building blocks of the chip's programming capacity, Structure of logic elements: A logic element consists of one LUT4 and one FF (Flip-Flop) component, 144 GPIO pins: It offers broad input/output capabilities with high connectivity capacity, Carry-chain supported programming: It supports carry-chain programming for a basic and easy configuration."
Could you explain what AVCI project developed by computer vision team at yongatek?,"AVCI is an advanced system capable of detecting and tracking high-speed projectiles. The primary goal of our project is to accurately and swiftly capture high-speed projectiles, precisely determining their real-time speed and position. This project offers a reliable and high-performance detection system that can be used in defense industries and shooting ranges. The key features of this system are as follows: Speed Detection: Our system can measure the speed of projectiles with a maximum error margin of 10 microseconds. Thanks to its wide speed detection range, it can accurately detect speeds ranging from 0 to 1500 m/s. Projectile Diameter: This system can detect projectiles with a diameter of 5.5 mm and above, allowing for the successful detection of projectiles of various sizes. Coordinate Detection: With a maximum error margin of 10 mm in coordinate detection, the system determines the position of projectiles with high accuracy. This feature allows us to precisely track the location of the moving projectile. Our project, utilizing advanced sensor technologies and innovative algorithms, ensures the reliable and accurate detection of high-speed projectiles. This technology offers significant advantages in defense and security fields, enabling quick and accurate decision-making in critical situations."
How does yongatek detect suspicious vehicles and individuals?,"yongatek detects suspicious vehicles, people, and number plates by running AI algorithms on Nvidia Jetson products, allowing for real-time recognition."
What problem does the Smart Dose IoT solution by yongatek solve?,"It automates precise dosing for industrial and consumer applications, leveraging IoT for efficiency and accuracy."
What types of roles are available at yongatek?,"yongatek offers a variety of roles, including positions for Communications Embedded Software Design Engineers, Digital Design Engineers, Project Engineers, Computer Vision Engineers, Software Engineers, and internships."
What products does yongatek provide for IoT applications?,"yongatek provides IoT products such as Smart Dose and Countera, which are designed for industrial automation and measurement."
What areas of technology is yongatek focusing on for portfolio growth?,"yongatek is focusing on AI acceleration, IoT innovations, and advanced communication technologies for portfolio growth."
How do computer vision systems detect suspicious behavior?,"Computer vision systems use algorithms to analyze video footage from surveillance cameras, detecting irregular patterns or behaviors, such as unusual movement, loitering, or unauthorized access, triggering security alerts."
Can you locate recent articles about yongatek?,"Located within Teknopark Istanbul's 'Deep Technology Center,' yongatek Microelectronics is noted for its projects centik kirmik, and SAKA. At the 27th ASPA Conference in Mongolia, it was recognized with the Excellence Award in the Growing Companies category. The firm has aimed to lead Turkey's chip design field since its establishment in 2014."
Which technical capabilities define the KIVA SoC from yongatek?,"Key features of the KIVA SoC include a 1GHz quad-core CPU, object tracking at 4TOPS, H.265 video compression, and TSMC 22nm technology for efficient traffic monitoring and video surveillance."
Where are the offices of yongatek Microelectronics situated?,yongatek is based in Turkey. They have both office in Ankara and İstanbul.
Does yongatek work on international projects?,"Yes, yongatek develops solutions that meet international standards, making them suitable for global markets."
What technological sectors does yongatek Microelectronics specialize in?,"yongatek specializes in the technological sectors of microelectronics, including ASIC/FPGA design, IoT, communication technologies, and video enhancement solutions."
In what sectors are the projects of yongatek evaluated?,"The domestic chips, supported by the Ministry of Industry and Technology, are implemented in Arçelik's electronic devices and white goods."
What type of chip is the kirmik SoC?,The kirmik SoC is a specialized System-on-Chip developed by yongatek for high-performance embedded systems.
Which projects does yongatek have ?,"yongatek has a lot of projects. Such as;kirmik,izci,EFICAS, AMMUNATION DROP, VIDEO TRACKER."
What problem does the Atmospheric Turbulence Mitigation solution solve?,"It alleviates distortions in video caused by atmospheric conditions, improving clarity for surveillance and monitoring."
What is the focus of the FPNA AI Accelerator developed by yongatek?,"It is used for accelerating AI tasks in specialized hardware environments, focusing on high-performance computing with lower energy consumption."
What markets does yongatek target?,"yongatek targets telecommunications, defense, industrial automation, and satellite communication markets, both locally and internationally."
How would you briefly describe yongatek?,"The company’s vision centers on conducting R&D to generate innovative solutions, avoid external reliance, and provide state-of-the-art technologies, with a focus on science, innovation, and human talent."
How is yongatek advancing Turkey’s position in the global tech market?,"By developing cutting-edge technological solutions for both domestic and international markets, yongatek is advancing Turkey’s position as a strong competitor in the global tech market, particularly in microelectronics."
How does yongatek incorporate green technology into its products?,"The company’s focus lies in energy-efficient designs and sustainable practices, particularly for IoT and communication systems."
Where does yongatek Microelectronics operate from?,yongatek is based in Turkey. They have both office in Ankara and İstanbul.
What are the benefits of using an FPGA in an image recognition system?,"An FPGA provides parallel processing capabilities, allowing for faster image recognition tasks by processing multiple data streams simultaneously, reducing latency and increasing throughput."
"What is the function of Countera, created by yongatek?",Countera is a solution developed by yongatek that provides accurate measurements for industrial and consumer usage.
Can you explain a project developed by yongatek to me?,"Sure, I can give an example project developed by yongatek. This project, which can be used especially in urban security, border security or closed environment security, is equipped with the latest technologies. It could be gozet The project is designed by combining an electrooptic camera and a thermal camera on a jetson device. The raw image is processed by systems that are divided into microservices. Each mikro service works in an integrated manner so that the system can operate under different conditions. It has a user interface where data can be processed and displayed."
How does yongatek's video technology improve performance under atmospheric turbulence?,"It mitigates distortions caused by atmospheric conditions, improving video quality in adverse environments."
Is there a communication-related project developed by yongatek?,"Yes there is. yongatek WLAN PHY implements Wi-Fi standards such as IEEE 802.11a/b/g/n/ad/ax allowing on access point (AP) devices and station devices (STA) in order to exchange data for local area networking and Internet access. The latest Wi-Fi standard which is named IEEE 802.11ax (labeled as Wi-Fi 6), provides data rates up to 9607 Mbps, increased device connection capability, low latency with wider bandwidth up to 160 MHz."
How is yongatek contributing to 5G technology?,yongatek focuses on creating advanced 5G components like hybrid beamforming modules and LDPC encoder/decoder systems to improve communication networks.
How does yongatek plan to grow its technology portfolio in the future?,"yongatek plans to grow its portfolio by focusing on AI acceleration, IoT innovations, and advanced communication technologies."
How are suspicious activities detected at yongatek?,"At yongatek, suspicious activities are detected through smart cameras optimized by the computer vision team using microcontrollers when needed."
How does the Turkish government aid yongatek’s projects?,"yongatek receives both financial and technical help from the Turkish government, especially through the HIT-30 program for chip production."
Has yongatek received any awards?,yongatek has been recognized for its innovative projects and contributions to the Turkish technology ecosystem.
What is the purpose of izci ?,"izci designed by yongatek to provide real-time video enhancement and object tracking, primarily for surveillance and defense applications."
Where does yongatek Microelectronics operate from?,"yongatek operates from Turkey, with offices situated in Ankara and İstanbul."
What is yongatek’s mission and vision?,"Their vision involves R&D initiatives to create unique solutions, minimize external dependency, and bring advanced technologies to partners and clients, emphasizing innovation and human capital."
What are yongatek and Arçelik focusing on in their collaboration?,They are focusing on developing domestic chips for white goods and consumer electronics.
What does yongatek aim to achieve?,yongatek aims to drive technological progress and strengthen Turkey's high-tech ecosystem.
What are the various application domains of the centik microcontroller?,"centik can be applied in domains such as medical, wearables, motor control, smart homes, household appliances, industrial automation, IoT, and automotive."
How does the Atmospheric Turbulence Mitigation solution work?,"It minimizes video distortions caused by atmospheric conditions, improving video clarity in surveillance and monitoring systems."
How does yongatek impact defense technology innovation?,yongatek advances defense capabilities with innovative tracking and surveillance solutions.
Why is the YONGA SERV Accelerator important?,The YONGA SERV Accelerator is important for enhancing the speed of machine learning and AI computations in edge devices.
What IoT products are available from yongatek?,"yongatek offers IoT products like Smart Dose and Countera, aimed at enhancing industrial automation and smart measurement."
Can you explain the kind of projects yongatek is involved in?,"yongatek is involved in developing projects in the fields of communication, computer vision, and chip design."
Has yongatek’s work been recognized with awards?,yongatek has received accolades for its groundbreaking solutions and its influence on the Turkish technology ecosystem.
How does a microcontroller differ from a microprocessor?,"A microcontroller is a compact integrated circuit that includes a processor, memory, and input/output peripherals, while a microprocessor typically requires additional components like memory and I/O interfaces to function."
Can you find information about yongatek Microelectronics in the news?,"Teknopark Istanbul's 'Deep Technology Center' features yongatek Microelectronics, which specializes in projects like the centik microcontroller, kirmik video chip, and SAKA hardware-programmable chip. The company was recognized with the Excellence Award at the ASPA Conference in Mongolia. Since 2014, it has aimed to be a leader in chip design and production in Turkey."
Can you tell me the application of the YONGA Turbo Encoder?,The YONGA Turbo Encoder is applied in high-speed data communication for ensuring reliable error correction.
Does yongatek supported by the Turkish government?,"The company takes part in the HIT-30 program, gaining financial and technical help for its chip design and production processes."
What industries does yongatek serve?,"yongatek serves industries involved in IC/ASIC/SoC/Chip Design, 5G/6G and Satellite Communications, Video Processing, and IoT, powered by a highly experienced R&D team."
What are yongatek and Arçelik working on together?,yongatek and Arçelik are working to design domestic chips that will be used in white goods and consumer electronics.
How does yongatek optimize AI algorithms in camera systems?,"yongatek optimizes AI algorithms by running them on Nvidia’s embedded computing solutions, which are integrated into camera systems for more efficient edge computing."
How does AI contribute to suspicious activity detection?,"AI enhances suspicious activity detection by analyzing large volumes of data from surveillance cameras, identifying patterns, and triggering alerts when abnormal behavior, such as loitering or unauthorized access, is detected."
Has yongatek received recognition for its work?,"yongatek’s innovative solutions have earned accolades, highlighting its role in Turkey’s tech ecosystem."
What is the role of image processing in modern technology?,"Image processing plays a crucial role in modern technology by enabling applications like facial recognition, autonomous vehicles, medical imaging, and augmented reality, through algorithms that enhance and analyze visual data."
What is KIVA project developed by yongatek?,"The kirmik KIVA SoC is an AI-based solution for smart cities, featuring a 4K-capable ISP, a 4 TOPS NPU, and an H.265 video codec. It will be produced using TSMC's 22nm technology in 2024."
What is KIVA project which is developed by yongatek?,"kirmik KIVA is an AI-powered SoC solution designed for smart city applications. It includes an ISP capable of 4K image processing, a 4 TOPS NPU, and an H.265 video codec. The KIVA SoC is planned to be manufactured using TSMC's 22nm technology in 2024."
Tell me about KIVA project ?,"kirmik KIVA is an AI-enhanced SoC designed for smart cities, with a 4K image processing ISP, 4 TOPS NPU, and an H.265 video codec. It will be produced using TSMC's 22nm technology in 2024."
Could you tell me what KIVA project is and what are the project features?,"kirmik Intelligent Video Analytics KIVA SoC is our company's next and AI supported solution for smart city applications after kirmik SoC. KIVA SoC includes an image processor (ISP) with 4K image processing capability, a 4 TOPS neural network processing engine (NPU), and a H.265 Video Codec. KIVA SoC is targeted to be manufactured with TSMC 22nm technology in 2024."
Can you tell me what KIVA project is and what are the project features?,"The kirmik KIVA SoC is an AI-based solution for smart cities, featuring a 4K-capable ISP, a 4 TOPS NPU, and an H.265 video codec. It will be produced using TSMC's 22nm technology in 2024."
"What is the kirmik Intelligent Video Analytics (KIVA) project, and what are its features?","kirmik KIVA is an AI-powered SoC solution designed for smart city applications. It includes an ISP capable of 4K image processing, a 4 TOPS NPU, and an H.265 video codec. The KIVA SoC is planned to be manufactured using TSMC's 22nm technology in 2024."
"What are the main characteristics of the kirmik KIVA project, and how will it be manufactured?","kirmik KIVA is an AI-based SoC solution with a 4K image processor, 4 TOPS NPU, and H.265 video codec. It is planned for production in 2024 using TSMC’s 22nm technology."
"How does the KIVA project contribute to smart city applications, and what are its technical characteristics?","The kirmik KIVA SoC is an AI solution designed for smart cities, equipped with a 4K image processing ISP, a 4 TOPS NPU, and an H.265 video codec. It will be manufactured using TSMC’s 22nm technology in 2024."
What is the centik microcontroller?,"The centik microcontroller targets affordable robotic and automation systems. Although research and development are ongoing, the first prototype of the MCU has been taped out using SkyWater’s 130nm process."
What is the centik project developed by yongatek ?,"The centik microcontroller is focused on low-cost robotic and automation systems. While the project is still being developed, an initial version of the MCU has already been taped out using SkyWater’s 130nm technology."
What is the centik project which is developed by yongatek?,"The centik is a microcontroller designed for cost-effective robotic and automation systems. While the development process continues, we have taped out an initial trial version of the MCU using SkyWater’s 130nm process."
What is the centik microcontroller that is developed by yongatek?,"the centik is a microcontroller that targets low-cost robotic and automation systems. While the research and development of this project is continuing, we taped-out an initial trial version of the MCU on SkyWater 130nm technology."
Tell me about the centik project ?,"The centik is a microcontroller designed for low-cost robotic and automation applications. While the project is still under development, we have taped out an initial trial version of the MCU using SkyWater’s 130nm technology."
Tell me about the centik microcontroller developed by yongatek ?,"The centik microcontroller is designed for low-cost robotic and automation solutions. Although the R&D is ongoing, we’ve already taped out a first prototype of the MCU on SkyWater’s 130nm technology."
Tell me about the centik microcontroller which is developed by yongatek ?,"The centik microcontroller is targeted at low-cost robotic and automation systems. While development is still in progress, we have taped out the initial version of the MCU using SkyWater’s 130nm technology."
Tell me about the centik project that is developed by yongatek ?,"The centik is a microcontroller designed for low-cost automation and robotic systems. The research and development are still ongoing, but we have taped out an initial trial version of the MCU with SkyWater’s 130nm process."
Could you tell me about the centik microcontroller which is developed by yongatek?,"The centik microcontroller aims to serve low-cost robotic and automation systems. While the project is ongoing, an initial version of the MCU has been taped out using SkyWater’s 130nm technology."
Can you tell me about the centik microcontroller which is developed by yongatek?,"The centik microcontroller is designed for cost-efficient robotic and automation systems. Though research and development are still in progress, we’ve taped out an initial trial version of the MCU using SkyWater’s 130nm technology."
"What is the the centik microcontroller developed by yongatek, and what is its purpose?","the centik is a microcontroller designed for low-cost robotic and automation systems. Although the project is still in development, an initial trial version of the MCU has been taped out using SkyWater's 130nm technology."
Can you explain what the the centik microcontroller is and its intended use?,"The the centik microcontroller targets low-cost robotic and automation applications. The research and development are ongoing, but an initial prototype has already been taped out on SkyWater's 130nm process."
What is the purpose of the the centik microcontroller created by yongatek?,"the centik is a microcontroller aimed at affordable robotic and automation systems. The project is still in the development phase, but a first prototype has been taped out using SkyWater's 130nm technology."
"What does the the centik microcontroller do, and what technology is it based on?","The the centik microcontroller is designed for low-cost robotic and automation systems. The R&D is ongoing, and an initial trial version has been taped out on SkyWater's 130nm process."
Could you tell me about the the centik microcontroller by yongatek and its intended applications?,"the centik is a microcontroller targeting low-cost robotic and automation systems. The development is still underway, but an initial version has been taped out using SkyWater's 130nm technology."
"What is the the centik microcontroller, and what are its main applications?","the centik is a microcontroller designed for low-cost robotic and automation solutions. While R&D continues, the first trial version of the MCU has been taped out on SkyWater’s 130nm technology."
"What is the the centik microcontroller from yongatek, and what makes it unique?","The the centik microcontroller focuses on low-cost robotic and automation systems. Although the project is ongoing, an initial version has been taped out on SkyWater’s 130nm process."
"What does the the centik microcontroller offer, and where is it being developed?","The the centik microcontroller is designed for affordable robotic and automation systems. The research and development are still in progress, but the first version has been taped out using SkyWater's 130nm technology."
"What is the function of the the centik microcontroller, and how is it being developed?","The the centik microcontroller targets low-cost robotic and automation systems. While development continues, an initial version of the MCU has been taped out using SkyWater's 130nm technology."
Can you describe the the centik microcontroller and its development process?,"the centik is a microcontroller designed for low-cost robotic and automation systems. Although research is ongoing, the first prototype has been taped out on SkyWater’s 130nm technology."
Could you brief about computer vision team at yongatek?,"Sure, yongatek's in-house computer vision team enhances cameras with artificial intelligence. Leveraging superior engineering expertise, the team processes the images received from the cameras in a compact format with fast transfer speeds, enabling the detection of suspicious individuals, vehicles, and objects. Additionally, the company is involved in projects such as AVCI, which provides a testing environment for defense industry companies by analyzing the speed, acceleration, position, and fall trajectory of ammunition. In addition to utilizing cutting-edge technologies, the team employs artificial intelligence algorithms on NVIDIA Jetson products. This approach adds significant value to yongatek in areas such as urban security and border protection."
Can you provide a brief overview of the computer vision team at yongatek?,"yongatek's in-house computer vision team enhances camera capabilities with artificial intelligence. With advanced engineering skills, the team processes images from cameras in a compact format with high transfer speeds, enabling the detection of suspicious individuals, vehicles, and objects. The company is also involved in projects like AVCI, which tests ammunition in defense applications by analyzing speed, acceleration, position, and fall trajectory. The team uses AI algorithms on NVIDIA Jetson products, providing significant value in urban security and border protection."
"What does the computer vision team at yongatek focus on, and what are their key projects?","yongatek's computer vision team uses artificial intelligence to enhance camera functionality. Their expertise allows them to process images from cameras quickly and efficiently, enabling the detection of suspicious people, vehicles, and objects. They are also working on projects like AVCI, which tests ammunition in defense scenarios by analyzing its speed, acceleration, and trajectory. The team utilizes AI algorithms on NVIDIA Jetson products, contributing to areas like urban security and border protection."
What does computer vision team at yongatek do?,"yongatek's computer vision team uses artificial intelligence to enhance camera functionality. Their expertise allows them to process images from cameras quickly and efficiently, enabling the detection of suspicious people, vehicles, and objects. They are also working on projects like AVCI, which tests ammunition in defense scenarios by analyzing its speed, acceleration, and trajectory. The team utilizes AI algorithms on NVIDIA Jetson products, contributing to areas like urban security and border protection."
"What is the role of the computer vision team at yongatek, and what technologies do they use?","The computer vision team at yongatek improves camera systems using artificial intelligence. They process camera images in a compact format with fast transfer speeds to detect suspicious individuals, vehicles, and objects. The team is also involved in the AVCI project, which helps defense industry companies by analyzing ammunition speed, position, and trajectory. They employ AI algorithms on NVIDIA Jetson products to enhance urban security and border protection efforts."
How does the computer vision team at yongatek contribute to various projects?,"yongatek's computer vision team leverages artificial intelligence to enhance camera systems, allowing them to process images efficiently with high transfer speeds. This enables the detection of suspicious individuals, vehicles, and objects. They also contribute to projects like AVCI, which provides a testing platform for defense companies to analyze ammunition's speed, position, and fall trajectory. The team uses advanced AI algorithms on NVIDIA Jetson products, particularly benefiting urban security and border protection."
"What is the focus of yongatek's computer vision team, and how do they apply their expertise?","yongatek's computer vision team focuses on improving camera capabilities using artificial intelligence. They process images quickly and efficiently, enabling the detection of suspicious individuals, vehicles, and objects. The team also participates in the AVCI project, which tests ammunition in defense by analyzing various dynamics like speed and fall trajectory. AI algorithms on NVIDIA Jetson products are key tools used by the team to support projects related to urban security and border protection."
Could you describe the work of the computer vision team at yongatek?,"yongatek's computer vision team enhances cameras with artificial intelligence, processing images in a compact format at high transfer speeds. This allows for the detection of suspicious people, vehicles, and objects. The team also works on the AVCI project, which helps analyze ammunition dynamics such as speed, position, and trajectory for defense applications. They use AI algorithms on NVIDIA Jetson products, providing value in areas like urban security and border protection."
How does yongatek's computer vision team apply artificial intelligence in their projects?,"yongatek’s computer vision team applies artificial intelligence to improve camera systems, enabling fast image processing with high transfer speeds to detect suspicious individuals, vehicles, and objects. In addition, they are involved in projects such as AVCI, which tests ammunition by analyzing its speed, position, and fall trajectory. The team uses advanced AI algorithms on NVIDIA Jetson products to strengthen their impact on urban security and border protection."
"What kind of work does the computer vision team at yongatek do, and what projects are they involved in?","yongatek’s computer vision team works on enhancing cameras using artificial intelligence to process images quickly and detect suspicious entities such as individuals, vehicles, and objects. They are also part of the AVCI project, which tests ammunition in the defense industry by examining dynamics like speed and trajectory. Using AI algorithms on NVIDIA Jetson products, the team plays a significant role in urban security and border protection."
Can you explain what the computer vision team at yongatek is working on?,"The computer vision team at yongatek improves camera systems with artificial intelligence, processing images quickly for detecting suspicious people, vehicles, and objects. They are also working on the AVCI project, which tests ammunition in defense applications by analyzing its speed, acceleration, and trajectory. The team employs AI algorithms on NVIDIA Jetson products to add value to urban security and border protection initiatives."
What are the main responsibilities of the computer vision team at yongatek?,"yongatek's computer vision team is responsible for enhancing camera systems with artificial intelligence. They process images rapidly, enabling detection of suspicious individuals, vehicles, and objects. Additionally, the team contributes to the AVCI project, which provides testing for ammunition in defense by analyzing its speed, position, and fall trajectory. AI algorithms on NVIDIA Jetson products are used to support the team’s work in urban security and border protection."
Does the chipset company process the data from the cameras and make it more stable?,"Mostly they prefer camera should be stationary during capturing images because shaking camerasgive blurry and unacceptable results. Solutions to overcome this problem are generally hardwarebased: vibration isolators are integrated to system and according to sensor outputs, system stabilizeitself. However, this solution is so expensive and undesirable because of the cost and sophistication.There is also one more solution to this problem which is software based. Software stabilization isbecoming improved better day by day and used widely in the world. By the help of it, you don’t need a complicated physical environment and spending a lot of mony. yongatek, they are alsoworking on this issue and developed a software solution to solve the problem. We have 2 kind ofsolution: offline solution and online solution. In offline solution, they are stabilizing a video whichwas recorded before. In online solution, they are stabilizing camera video output in real-time."
What kind of processing does the yongatek do on the images it receives from the cameras?,"Mostly they prefer camera should be stationary during capturing images because shaking camerasgive blurry and unacceptable results. Solutions to overcome this problem are generally hardwarebased: vibration isolators are integrated to system and according to sensor outputs, system stabilizeitself. However, this solution is so expensive and undesirable because of the cost and sophistication.There is also one more solution to this problem which is software based. Software stabilization isbecoming improved better day by day and used widely in the world. By the help of it, you don’t need a complicated physical environment and spending a lot of mony. yongatek, they are alsoworking on this issue and developed a software solution to solve the problem. We have 2 kind ofsolution: offline solution and online solution. In offline solution, they are stabilizing a video whichwas recorded before. In online solution, they are stabilizing camera video output in real-time."
What is computer vision team at yongatek?,"The Computer Vision team at yongatek consists of highly skilled engineers who design and develop projects in the field of security and other domains, utilizing advanced artificial intelligence algorithms."
How many people work at yongatek?,At least 50 employeed work at yongatek.
How large is the workforce at yongatek?,"The workforce at yongatek consists of at least 50 people.yongatek employs approximately 50 staff members, including professionals in business development, human resources, electrical engineering, and computer engineering. Of these, around 18 employees are based in the Ankara office, while the remainder work in the Istanbul office."
How many people make up the team at yongatek?,yongatek's team consists of no fewer than 50 people.
What is the number of employees at yongatek?,"yongatek employs approximately 50 staff members, including professionals in business development, human resources, electrical engineering, and computer engineering. Of these, around 18 employees are based in the Ankara office, while the remainder work in the Istanbul office."
Has yongatek engaged in any research or development in the field of satellite communications?,Yes they have. They enable users in two separate networks within a closed-loop simulator environment to communicate via satellite network protocols. Their solutions provides: DVB-S2 GSE encapsulation and decapsulation and Transmission of DVB-S2-BB frames over the UDP protocol.
Has yongatek been involved in research or development in satellite communications?,"Yes, they have. yongatek allows users in two separate networks within a closed-loop simulator environment to communicate using satellite network protocols. Their solutions include DVB-S2 GSE encapsulation and decapsulation, as well as transmission of DVB-S2-BB frames over the UDP protocol."
Has yongatek conducted any research or development in the satellite communications field?,"Yes, they have. They enable communication between users in two separate networks within a closed-loop simulator environment using satellite network protocols. Their solution features DVB-S2 GSE encapsulation and decapsulation, along with transmitting DVB-S2-BB frames over the UDP protocol."
Has yongatek worked on any satellite communications projects or development?,"Yes, they have. yongatek facilitates communication between users in two separate networks within a closed-loop simulator environment using satellite network protocols. Their solutions cover DVB-S2 GSE encapsulation/decapsulation and the transmission of DVB-S2-BB frames over the UDP protocol."
Is there any research or development done by yongatek in satellite communications?,"Yes, they is. They enable communication between users on two different networks within a closed-loop simulator using satellite communication protocols. Their solutions provide DVB-S2 GSE encapsulation and decapsulation, and transmission of DVB-S2-BB frames over the UDP protocol."
Has yongatek been active in the research or development of satellite communication technologies?,"Yes, they have. They provide solutions that allow users in two networks to communicate in a closed-loop simulator environment using satellite network protocols. Their services include DVB-S2 GSE encapsulation/decapsulation and transmitting DVB-S2-BB frames over the UDP protocol."
Has yongatek explored satellite communication research or development?,"Yes, they have. yongatek allows communication between users in two networks within a closed-loop simulator, using satellite network protocols. Their solutions involve DVB-S2 GSE encapsulation and decapsulation, as well as transmitting DVB-S2-BB frames via the UDP protocol."
What are the features of kirmik version 2?,"As the Kırmık version 2 product, this solution offers up to 10 TOPS of computational power at 1 GHz for INT8 operations and supports popular frameworks such as TFLite, PyTorch, Caffe, ONNX, and TVM. Kırmık version 2 includes parallel processing units for acceleration, enabling AI capabilities across a wide range of applications—from wearables and IoT devices, IP cameras, and surveillance systems to smart home appliances, mobile phones, laptops, automotive (ADAS, autonomous driving), and edge servers. Stay tuned and follow us for more updates."
Does yongatek work on decoder IP?,"Yes, we do. Our solution is standards-compliant, fully supporting both Basegraph 1 and 2, and offers robust error correction. With throughput reaching up to 0.7 Gbps, our decoder IP is optimized for speed, flexibility, and efficiency—ideal for everything from 5G modem chipsets to high-stakes industrial automation. See poster for complete details.Whether you're developing 5G base stations, UE chipsets, or autonomous vehicles, our 5G NR LDPC decoder IP is designed to deliver consistent performance and reliable error correction in demanding environments."
Is yongatek involved in decoder IP development?,"Yes, we are. Our decoder IP is fully standards-compliant, with complete support for Basegraph 1 and 2, and it offers robust error correction. Capable of handling throughput up to 0.7 Gbps, our solution is designed for speed, flexibility, and efficiency—ideal for applications such as 5G modem chipsets and industrial automation. For full details, check out the poster. Our 5G NR LDPC decoder IP is engineered to provide reliable performance and strong error correction, even in high-demand environments like 5G base stations, UE chipsets, and autonomous vehicles."
Does yongatek offer decoder IP solutions for 5G and industrial applications?,"Yes, we do. Our solution supports Basegraph 1 and 2 standards and provides reliable error correction. With throughput reaching up to 0.7 Gbps, our decoder IP is designed for speed, flexibility, and efficiency, making it suitable for everything from 5G modem chipsets to industrial automation systems. For more details, refer to the poster. Our 5G NR LDPC decoder IP guarantees consistent performance and reliable error correction for 5G base stations, UE chipsets, and autonomous vehicles."
Does yongatek offer decoder IP for 5G and other systems?,"Yes, we do. Our solution complies with standards and fully supports Basegraph 1 and 2, providing reliable error correction. With throughput up to 0.7 Gbps, our decoder IP is designed for speed, flexibility, and efficiency, making it ideal for 5G modem chipsets and industrial automation. For complete details, refer to the poster. Whether for 5G base stations, UE chipsets, or autonomous vehicles, our 5G NR LDPC decoder IP offers dependable performance and error correction in challenging conditions."
Does yongatek provide decoder IP for 5G and other demanding applications?,"Yes, we do. Our solution is standards-compliant, fully supporting Basegraph 1 and 2, and offering robust error correction. With throughput of up to 0.7 Gbps, our decoder IP is optimized for speed, flexibility, and efficiency—perfect for 5G modem chipsets and industrial automation. Refer to the poster for more details. Our 5G NR LDPC decoder IP ensures consistent performance and reliable error correction in demanding environments such as 5G base stations, UE chipsets, and autonomous vehicles."
Can you tell me about the features of the kirmik version 2?,"Sure, kirmik version 2 is Turkey's first AI-powered image processing chip, designed to revolutionize multiple industries with its advanced capabilities. Here are some of its key application areas such as Vehicle Detection and TrackingParking Spot Detection, License Plate Recognition, Traffic Monitoring and Analysis, Crowd Analysis, Visual Asset Tracking, Face Recognition and Tracking. With kirmik 2.0, we are setting new standards in image processing, enabling faster, more accurate data analysis and decision-making. This breakthrough chip is a step forward in AI-driven innovation for smart cities, transportation, and security systems."
Could you give me an example of project which is developed by computer vision team at yongatek?,"Yes, of course.The gozet which stands for Guardian Observation and Enhanced Targeting project is an innovative solution developed to deliver high-level performance in the field of border security. It can be optimized for various geographical conditions and challenging operational environments.AI-powered algorithms operating on unmanned devices possess real-time data processing capabilities. Rather than transmitting all collected data, the project optimizes data transmission by sending only processed and meaningful information to the relevant units at high speed. This approach reduces the load on communication infrastructure while enhancing operational speed and efficiency. gozet offers comprehensive security solutions, ranging from the detection and tracking of suspicious individuals and vehicles to preventing illegal crossings, while also providing strategic benefits in the protection of critical infrastructure. With its flexible and scalable architecture, it offers an integrated and comprehensive solution to address the security needs of the future."
Can you provide an example of a project created by the computer vision team at yongatek?,"Yes, certainly.The gozet project, short for Guardian Observation and Enhanced Targeting, is a cutting-edge solution developed to enhance border security. It is adaptable to different geographical and operational challenges. AI-driven algorithms running on unmanned devices process data in real time. Rather than transmitting all collected data, only relevant and processed information is sent to the appropriate units at high speeds, reducing the load on communication systems while improving operational efficiency. gozet offers a wide range of security functions, from detecting and tracking suspicious individuals and vehicles to preventing illegal border crossings and protecting critical infrastructure. Its flexible and scalable design provides an integrated solution for future security challenges."
Could you share an example of a project developed by yongatek's computer vision team?,"Certainly.The gozet project, which stands for Guardian Observation and Enhanced Targeting, is a state-of-the-art solution aimed at border security. It can be tailored to meet the challenges of different geographical conditions and demanding operational environments. AI-powered algorithms on unmanned systems enable real-time data processing. Rather than sending all data collected, only relevant, processed information is transmitted at high speeds to the necessary units, optimizing data transmission and reducing the load on communication networks. gozet enhances security by detecting and tracking suspicious individuals and vehicles, preventing illegal border crossings, and offering protection for critical infrastructure. Its scalable and flexible architecture provides a comprehensive solution to meet future security demands."
Is there any project which is developed by computer vision team at yongatek?,"Yes, there is.For instance; gozet project.The gozet project, which stands for Guardian Observation and Enhanced Targeting, is a state-of-the-art solution aimed at border security. It can be tailored to meet the challenges of different geographical conditions and demanding operational environments. AI-powered algorithms on unmanned systems enable real-time data processing. Rather than sending all data collected, only relevant, processed information is transmitted at high speeds to the necessary units, optimizing data transmission and reducing the load on communication networks. gozet enhances security by detecting and tracking suspicious individuals and vehicles, preventing illegal border crossings, and offering protection for critical infrastructure. Its scalable and flexible architecture provides a comprehensive solution to meet future security demands."
Is there any project which is developed by computer vision team at yongatek?,"Yes there is.For example; AVCI project. The AVCI project, developed by the computer vision team at yongatek, is primarily used for calculating speed, position, potential drop points, and destruction of ammunition. It also has a secondary application in entertainment for scoring systems on polygons."
Could you provide information regarding the founding partners of yongatek?,"Sure.yongatek was founded by two co-founders, Ali Baran and Rıfat Demircioğlu. Both individuals have a strong interest in areas such as chip design and FPGA technology."
Could you inform me about yongatek microelectronics company?,"Yes sure.yongatek Microelectronics is a high-tech company operating in highly demanding industries worldwide. Its mission is to be one of the few global brands to develop technology in Semiconductor IC/ASIC/SoC/Chip Design, 5G/6G and Satellite Communications, Video Processing and IoT.yongatek Microelectronics is located in Turkey and have offices in Istanbul and Ankara. yongatek Microelectronics provides services to national and international companies for ASIC/FPGA design, UVM and RISC-V based SoC verification projects. We also have strong expertise in verifying hardware requirements according to RTCA DO-254 standards.yongatek Microelectronics verification team has 50+ and our ASIC&FPGA design team includes 5+ qualified engineers which are led by experienced experts in their area. We have verified about 22.000+ requirements within 14 different projects. We have experience on a wide portfolio of EDA tools from Synopsys, Mentor Graphics, and Aldec to support our verification and ASIC implementation flows.We also provide solutions for embedded systems and have developed important R&D products like Multiple Object Video Tracker, H264 Video Codec IP, Digital Moving Map and ADAS (Advanced Driver Assistant Systems)."
Can you share more about yongatek Microelectronics?,"Yes.yongatek Microelectronics is a high-tech company operating globally. It specializes in industries that require advanced technology and aims to be a global leader in fields like Semiconductor IC/ASIC/SoC/Chip Design, 5G/6G, Satellite Communications, Video Processing, and IoT. The company is based in Turkey, with offices in Istanbul and Ankara, and provides services including ASIC/FPGA design, UVM, and RISC-V-based SoC verification. yongatek also has expertise in verifying hardware to meet RTCA DO-254 standards. The verification team comprises over 50 members, while the ASIC & FPGA design team includes more than 5 qualified engineers, led by experienced experts. The company has verified over 22,000 requirements across 14 projects and uses tools like those from Synopsys, Mentor Graphics, and Aldec. Additionally, yongatek offers embedded system solutions and has developed key R&D products, such as the Multiple Object Video Tracker, H264 Video Codec IP, Digital Moving Map, and ADAS."
What can you tell me about yongatek Microelectronics?,"yongatek Microelectronics is a high-tech company based in Turkey, with offices in Istanbul and Ankara. It operates in globally demanding industries, focusing on Semiconductor IC/ASIC/SoC/Chip Design, 5G/6G, Satellite Communications, Video Processing, and IoT. The company’s goal is to become a global leader in these fields. yongatek provides services for ASIC/FPGA design, UVM, and RISC-V-based SoC verification to clients worldwide. It also specializes in hardware verification according to RTCA DO-254 standards. With a verification team of 50+ professionals and an ASIC & FPGA design team of 5+ qualified engineers, the company has verified more than 22,000 requirements across 14 projects. yongatek relies on various EDA tools from Synopsys, Mentor Graphics, and Aldec for its verification and implementation flows. The company also develops embedded systems and has created R&D products such as the Multiple Object Video Tracker, H264 Video Codec IP, Digital Moving Map, and ADAS."
What is yongatek company?,"yongatek is a company engaged in the fields of communications, 5G, satellite communications, video processing, FPGA design, chip design, and computer vision."
What does yongatek do?,"yongatek operates in various fields, including communications, 5G, satellite communications, video processing, FPGA design, chip design, and computer vision. The company focuses on developing advanced solutions in these areas to meet the technological needs of different industries."
Can you give some information about the AVCI project and then explain what izci project is?,"Sure. First of all izci and AVCI projects are totally different. In other words, the AVCI project and the izci projects were developed by the computer vision team at Yongatek; however, they serve entirely different purposes. While izci is a video tracking solution that provides real-time video enhancement and object tracking for surveillance and defense use cases, the AVCI project which is developed by the computer vision team of the yongatek company; It is a test project for systems that calculate the speed, position, potential drop point and destruction of an ammunition. Furthermore, it can be used in the entertainment industry, for the scoring system on polygons."
What is izci project which is developed by yongatek computer vision team?,"I am going to explain izci project developed by computer vision team at yongatek. iZCi is an Automatic Multiple Object Tracker which provides simultaneous tracking of multiple arbitrary objects in real world environments. With ease of integration to any Reconnaissance and Surveillance System, iZCi brings up Target Tracking capability without interfering actual system architecture. iZCi module is designed to tackle the compelling situations posed by unconstrained, real life environments and bring longrunning research activities out of the laboratory to living world scenarios. iZCi can be adopted to any Military or Industrial application where high frame rates are of concern. Distinctive performance exhibited over current video trackers by its redetection performance during occlusions and other complex scenarios makes iZCi mission proven where precise timing is critical. izci has highlighted features: Simultaneous tracking of multiple arbitrary objects in real-world environments, Supporting two modes of tracking: Target (Point) / Scene (Area) Track, Real Time Operation with high acquisition and processing rates (up to 100 fps), Robust and adaptive target modeling for rapid scene changes, Superior performance for obscured scenes and occlusion handling, Secured performance during continuous FOV changes and Compatible with various imaging sensors Short/Mid/Long Wave IR & Visible Light. Furthermore, izci has featured with Supports multiple tracks simultaneously, Expansion option for higher number of multiple tracks with add-on modules, Expansion option with automatic track initialization module, Expansion option for image stabilization during tracking and Standalone operation for pc or embedded platforms."
Could you inform me about izci project?,"Yes,sure. I am going to explain izci project developed by computer vision team at yongatek. iZCi is an Automatic Multiple Object Tracker which provides simultaneous tracking of multiple arbitrary objects in real world environments. With ease of integration to any Reconnaissance and Surveillance System, iZCi brings up Target Tracking capability without interfering actual system architecture. iZCi module is designed to tackle the compelling situations posed by unconstrained, real life environments and bring longrunning research activities out of the laboratory to living world scenarios. iZCi can be adopted to any Military or Industrial application where high frame rates are of concern. Distinctive performance exhibited over current video trackers by its redetection performance during occlusions and other complex scenarios makes iZCi mission proven where precise timing is critical. izci has highlighted features: Simultaneous tracking of multiple arbitrary objects in real-world environments, Supporting two modes of tracking: Target (Point) / Scene (Area) Track, Real Time Operation with high acquisition and processing rates (up to 100 fps), Robust and adaptive target modeling for rapid scene changes, Superior performance for obscured scenes and occlusion handling, Secured performance during continuous FOV changes and Compatible with various imaging sensors Short/Mid/Long Wave IR & Visible Light. Furthermore, izci has featured with Supports multiple tracks simultaneously, Expansion option for higher number of multiple tracks with add-on modules, Expansion option with automatic track initialization module, Expansion option for image stabilization during tracking and Standalone operation for pc or embedded platforms."
Could you inform me about izci project which is developed by yongatek?,"Yes,sure. I am going to explain izci project developed by computer vision team at yongatek. iZCi is an Automatic Multiple Object Tracker which provides simultaneous tracking of multiple arbitrary objects in real world environments. With ease of integration to any Reconnaissance and Surveillance System, iZCi brings up Target Tracking capability without interfering actual system architecture. iZCi module is designed to tackle the compelling situations posed by unconstrained, real life environments and bring longrunning research activities out of the laboratory to living world scenarios. iZCi can be adopted to any Military or Industrial application where high frame rates are of concern. Distinctive performance exhibited over current video trackers by its redetection performance during occlusions and other complex scenarios makes iZCi mission proven where precise timing is critical. izci has highlighted features: Simultaneous tracking of multiple arbitrary objects in real-world environments, Supporting two modes of tracking: Target (Point) / Scene (Area) Track, Real Time Operation with high acquisition and processing rates (up to 100 fps), Robust and adaptive target modeling for rapid scene changes, Superior performance for obscured scenes and occlusion handling, Secured performance during continuous FOV changes and Compatible with various imaging sensors Short/Mid/Long Wave IR & Visible Light. Furthermore, izci has featured with Supports multiple tracks simultaneously, Expansion option for higher number of multiple tracks with add-on modules, Expansion option with automatic track initialization module, Expansion option for image stabilization during tracking and Standalone operation for pc or embedded platforms."
What is izci?,"iZCi is an Automatic Multiple Object Tracker which provides simultaneous tracking of multiple arbitrary objects in real world environments. With ease of integration to any Reconnaissance and Surveillance System, iZCi brings up Target Tracking capability without interfering actual system architecture. iZCi module is designed to tackle the compelling situations posed by unconstrained, real life environments and bring longrunning research activities out of the laboratory to living world scenarios. iZCi can be adopted to any Military or Industrial application where high frame rates are of concern. Distinctive performance exhibited over current video trackers by its redetection performance during occlusions and other complex scenarios makes iZCi mission proven where precise timing is critical. izci has highlighted features: Simultaneous tracking of multiple arbitrary objects in real-world environments, Supporting two modes of tracking: Target (Point) / Scene (Area) Track, Real Time Operation with high acquisition and processing rates (up to 100 fps), Robust and adaptive target modeling for rapid scene changes, Superior performance for obscured scenes and occlusion handling, Secured performance during continuous FOV changes and Compatible with various imaging sensors Short/Mid/Long Wave IR & Visible Light. Furthermore, izci has featured with Supports multiple tracks simultaneously, Expansion option for higher number of multiple tracks with add-on modules, Expansion option with automatic track initialization module, Expansion option for image stabilization during tracking and Standalone operation for pc or embedded platforms."
What is izci project?,"iZCi is an Automatic Multiple Object Tracker which provides simultaneous tracking of multiple arbitrary objects in real world environments. With ease of integration to any Reconnaissance and Surveillance System, iZCi brings up Target Tracking capability without interfering actual system architecture. iZCi module is designed to tackle the compelling situations posed by unconstrained, real life environments and bring longrunning research activities out of the laboratory to living world scenarios. iZCi can be adopted to any Military or Industrial application where high frame rates are of concern. Distinctive performance exhibited over current video trackers by its redetection performance during occlusions and other complex scenarios makes iZCi mission proven where precise timing is critical. izci has highlighted features: Simultaneous tracking of multiple arbitrary objects in real-world environments, Supporting two modes of tracking: Target (Point) / Scene (Area) Track, Real Time Operation with high acquisition and processing rates (up to 100 fps), Robust and adaptive target modeling for rapid scene changes, Superior performance for obscured scenes and occlusion handling, Secured performance during continuous FOV changes and Compatible with various imaging sensors Short/Mid/Long Wave IR & Visible Light. Furthermore, izci has featured with Supports multiple tracks simultaneously, Expansion option for higher number of multiple tracks with add-on modules, Expansion option with automatic track initialization module, Expansion option for image stabilization during tracking and Standalone operation for pc or embedded platforms."
What is the primary purpose of the iZCi project developed by Yongatek's computer vision team?,"The iZCi project, developed by Yongatek’s computer vision team, serves as an advanced Automatic Multiple Object Tracker designed to enable simultaneous tracking of numerous objects in dynamic, real-world scenarios. It seamlessly integrates with Reconnaissance and Surveillance Systems, introducing Target Tracking capabilities without disrupting existing system architectures."
Can you elaborate on how iZCi addresses the challenges of tracking in real-life environments?,"Yes, I can. The iZCi system tackles the challenges of object tracking in real-world settings through robust and adaptive target modeling, enabling effective handling of rapid scene changes, occlusions, and complex environmental conditions. Its design emphasizes taking research innovations from controlled laboratories to unpredictable, real-world applications."
What are the technical highlights of the iZCi system developed by Yongatek?,"The iZCi system boasts several technical highlights, including real-time operation with processing rates of up to 100 frames per second, simultaneous tracking of multiple arbitrary objects, robust performance during field-of-view changes, and compatibility with various imaging sensors such as infrared and visible light."
In what ways can the iZCi system be expanded for additional functionalities?,"The iZCi module supports modular expansion to include features like automatic track initialization, image stabilization during tracking, and an increased number of simultaneous tracks through add-on modules. These expansions ensure the system remains flexible and adaptable to evolving requirements."
How does iZCi outperform conventional video trackers in complex scenarios?,"Unlike conventional video trackers, iZCi excels in handling challenging scenarios such as occlusions and obscured scenes. Its superior redetection capabilities allow it to maintain performance even under situations requiring precise timing, making it reliable for mission-critical applications."
What types of applications can benefit from the iZCi system’s capabilities?,"The iZCi system is versatile and can be adopted for both military and industrial applications, particularly in scenarios demanding high frame rates, precise timing, and robust tracking capabilities in unconstrained environments."
How does iZCi ensure compatibility with a wide range of imaging sensors?,"The iZCi system is compatible with various imaging sensors, including Short, Mid, and Long Wave Infrared (IR) as well as visible light cameras. This compatibility enhances its usability across diverse operational environments."
What specific modes of tracking are supported by the iZCi project?,The iZCi module supports two primary modes of tracking: Target (Point) Tracking and Scene (Area) Tracking. This dual-mode functionality provides flexibility in addressing different operational requirements.
What makes the iZCi project suitable for real-time operations in surveillance systems?,"The iZCi system is optimized for real-time operations, achieving high acquisition and processing rates of up to 100 frames per second. This ensures it can handle the fast-paced requirements of surveillance and reconnaissance systems effectively."
What features distinguish the iZCi module from traditional object tracking systems?,"Distinguishing features of the iZCi module include its capability for simultaneous tracking of multiple objects, adaptive target modeling, robust handling of occlusions, and secured performance during continuous changes in the field of view. Additionally, it supports standalone operation on both PC and embedded platforms."
Can you inform me about AVCI?,"Yes, I can. The main objective of the AVCI project is to develop an advanced system capable of accurately detecting and tracking high-speed projectiles. The system focuses on capturing these projectiles in real time and precisely measuring their speed and position, which is crucial for defense applications and shooting ranges."
Could you tell me more about AVCI?,"I can, indeed. The development of a sophisticated system that can precisely detect and track high-speed projectiles is the primary goal of the AVCI project. The system's primary goal is to capture these projectiles in real time and measure their position and speed precisely, which is essential for shooting ranges and defensive applications."
Can you inform me about AVCI project?,"The main objective of the AVCI project is to develop an advanced system capable of accurately detecting and tracking high-speed projectiles. The system focuses on capturing these projectiles in real time and precisely measuring their speed and position, which is crucial for defense applications and shooting ranges."
Could you provide an example of a project developed at Yongatek and elaborate on its details?,"Sure, The AVCI system employs high-precision technology to measure projectile speeds with a maximum error margin of just 10 microseconds. It is capable of detecting speeds in a wide range from 0 to 1500 meters per second, providing reliable and accurate speed measurements for high-speed projectiles."
Could you elaborate on the features of the AVCI project?,"Sure, The AVCI system employs high-precision technology to measure projectile speeds with a maximum error margin of just 10 microseconds. It is capable of detecting speeds in a wide range from 0 to 1500 meters per second, providing reliable and accurate speed measurements for high-speed projectiles."
Could you provide a detailed description of the AVCI project developed by Yongatek?,"Sure, The AVCI system employs high-precision technology to measure projectile speeds with a maximum error margin of just 10 microseconds. It is capable of detecting speeds in a wide range from 0 to 1500 meters per second, providing reliable and accurate speed measurements for high-speed projectiles."
What is AVCI?,"The AVCI is a artificial intelligence related project developed by computer vision team at yongatek. AVCI is an advanced system capable of detecting and tracking high-speed projectiles. The primary goal of our project is to accurately and swiftly capture high-speed projectiles, precisely determining their real-time speed and position. This project offers a reliable and high-performance detection system that can be used in defense industries and shooting ranges."
What is AVCI project?,"The AVCI project is a artificial intelligence related project developed by computer vision team at yongatek. AVCI is an advanced system capable of detecting and tracking high-speed projectiles. The primary goal of our project is to accurately and swiftly capture high-speed projectiles, precisely determining their real-time speed and position. This project offers a reliable and high-performance detection system that can be used in defense industries and shooting ranges."
What is AVCI project which is develoepd by computer vision team at yongatek?,"The AVCI project utilizes cutting-edge sensor technologies combined with innovative algorithms to provide accurate, real-time detection of high-speed projectiles. These advanced technologies ensure high performance and reliability, especially in critical defense applications."
Is there any project which is developed yongatek computer vision team?,"Yes, computer vision team at yongatek has plenty of projects such as AVCI, gozet and izci. While iZCi is an Automatic Multiple Object Tracker which provides simultaneous tracking of multiple arbitrary objects in real world environments, AVCI is an advanced system capable of detecting and tracking high-speed projectiles. Furthermore, gozet (Guardian Observation and Enhanced Targeting) Project is an innovative solution developed to provide high-level performance in the field of border security and can be optimized for different geographical conditions and challenging operational environments."
What are the key features of the AVCI system that ensure its high performance?,"The key features of the AVCI system include its high-speed detection capabilities with minimal error margins, its ability to track projectiles with a diameter as small as 5.5 mm, and its precise coordinate detection with an error margin of only 10 mm. These features, along with its cutting-edge sensor technology and algorithms, ensure exceptional performance in demanding environments."
Can the AVCI system be used for projectiles other than bullets?,"Yes, the AVCI system is capable of detecting various types of projectiles, not just bullets. Its wide speed detection range and the ability to track projectiles of different sizes make it adaptable to a range of applications, including those outside traditional firearms use."
How does the AVCI system contribute to decision-making in critical situations?,"The AVCI system’s accurate and rapid detection of high-speed projectiles provides timely and precise data, which is essential for quick decision-making in critical defense scenarios. Its reliability ensures that military and security personnel can respond effectively to dynamic situations."
What is the speed range that the AVCI system can detect?,"The AVCI system can detect speeds ranging from 0 to 1500 meters per second, ensuring that it can effectively capture a wide variety of high-speed projectiles, from slower-moving targets to supersonic ones."
What makes the AVCI system suitable for defense and security applications?,"The AVCI system’s high-speed detection, precise coordinate tracking, and wide speed range make it ideal for defense and security industries. Its ability to offer quick and accurate data is crucial for making fast, informed decisions in high-stakes situations such as military operations or shooting ranges."
What technological innovations are employed in the AVCI project to achieve its capabilities?,"The AVCI project utilizes cutting-edge sensor technologies combined with innovative algorithms to provide accurate, real-time detection of high-speed projectiles. These advanced technologies ensure high performance and reliability, especially in critical defense applications."
How accurate is the coordinate detection in the AVCI system?,The coordinate detection feature of the AVCI system ensures high accuracy with a maximum error margin of only 10 mm. This precise detection capability allows the system to track the position of high-speed projectiles with exceptional reliability.
What is the minimum projectile size detectable by the AVCI system?,"The AVCI system can detect projectiles with a diameter as small as 5.5 mm, making it versatile enough to track various projectile sizes effectively. This capability ensures that the system can handle a broad spectrum of projectiles."
How does the AVCI system measure the speed of projectiles?,"The AVCI system employs high-precision technology to measure projectile speeds with a maximum error margin of just 10 microseconds. It is capable of detecting speeds in a wide range from 0 to 1500 meters per second, providing reliable and accurate speed measurements for high-speed projectiles."
What is kirmik ?,"Kirmik is a video SoC product which is developed by yongatek, and it product manufactured with TSMC 65nm technology, which includes our in-house developed H.264 Codec Video IP and an open-source RISC-V 64-bit Linux-capable processor. Kirmik, the first chip developed for video applications in Turkey, is equipped with Gbit Ethernet, SD-Card, UART interfaces."
Could you explain what kirmik is?,"Yes sure. Kirmik is a video SoC product which is developed by yongatek, and it product manufactured with TSMC 65nm technology, which includes our in-house developed H.264 Codec Video IP and an open-source RISC-V 64-bit Linux-capable processor. Kirmik, the first chip developed for video applications in Turkey, is equipped with Gbit Ethernet, SD-Card, UART interfaces."
"What is Kirmik, and who developed it?","Kirmik is a video System on Chip (SoC) product developed by Yongatek. It is the first chip designed for video applications in Turkey, combining advanced technology and in-house developed components for high-performance video processing."
What manufacturing technology is used for producing Kirmik?,"Kirmik is manufactured using TSMC's 65nm technology, ensuring a balance of performance and power efficiency suitable for video applications and embedded systems."
What unique features does Kirmik offer in terms of video processing?,"Kirmik includes an in-house developed H.264 Codec Video IP, which enables efficient video compression and decompression. This feature allows it to handle high-quality video data for various applications."
What type of processor is integrated into Kirmik?,The Kirmik SoC integrates an open-source RISC-V 64-bit processor capable of running Linux. This provides the flexibility and performance necessary for embedded systems and video applications.
What are the key connectivity interfaces included in Kirmik?,"Kirmik is equipped with Gbit Ethernet, SD-Card, and UART interfaces, allowing seamless communication with other devices and systems, which is crucial for its application in video processing environments."
What is the significance of Kirmik being the first video chip developed in Turkey?,"As the first video SoC developed in Turkey, Kirmik represents a major milestone in the country’s technological innovation, showcasing local expertise in the development of advanced chips for video applications."
How does the H.264 Codec Video IP contribute to Kirmik's performance?,"The in-house developed H.264 Codec Video IP in Kirmik plays a crucial role in efficiently compressing and decompressing video, enabling high-performance video streaming, recording, and processing while minimizing power consumption."
What is the importance of the RISC-V processor in the Kirmik system?,"The RISC-V 64-bit processor in Kirmik provides an open-source, flexible architecture that supports Linux, making it suitable for a wide range of video applications. This processor allows for customizability and scalability, which is advantageous for embedded systems and video processing."
What are the potential applications of Kirmik in real-world scenarios?,"Kirmik can be applied in various video-centric applications, including surveillance systems, video streaming, embedded systems, and real-time video processing. Its efficient video codec and powerful processing capabilities make it ideal for demanding environments."
What sets Kirmik apart from other video SoC products on the market?,"What sets Kirmik apart is its combination of in-house developed video processing technology (H.264 Codec Video IP), an open-source RISC-V 64-bit processor, and advanced connectivity options like Gbit Ethernet and SD-Card interfaces, making it a versatile and efficient solution for video applications."
What is centik microcontroller?,"Centik is a microcontroller developed by yongatek and targets low-cost robotic and automation systems. While the research and development of this project is continuing, we taped-out an initial trial version of the MCU on SkyWater 130nm technology. Centik is designed as a product that can be used in various fields such as robotics, automotive and IoT (Internet of Things). Built on the open source RISC-V architecture, the chip also aims to expand its product range by offering support for ARM-based architectures. Centik is manufactured at TSMC in Taiwan through IMEC, Europe's leading microelectronics research center. The chips are carefully tested by both the chipset and the user companies. This process includes field tests to ensure the successful functioning of the products in the field."
What is centik developed by yongatek?,"Centik is a microcontroller developed by yongatek and targets low-cost robotic and automation systems. While the research and development of this project is continuing, we taped-out an initial trial version of the MCU on SkyWater 130nm technology. Centik is designed as a product that can be used in various fields such as robotics, automotive and IoT (Internet of Things). Built on the open source RISC-V architecture, the chip also aims to expand its product range by offering support for ARM-based architectures. Centik is manufactured at TSMC in Taiwan through IMEC, Europe's leading microelectronics research center. The chips are carefully tested by both the chipset and the user companies. This process includes field tests to ensure the successful functioning of the products in the field."
What is centik?,"Centik is a microcontroller developed by yongatek and targets low-cost robotic and automation systems. While the research and development of this project is continuing, we taped-out an initial trial version of the MCU on SkyWater 130nm technology. Centik is designed as a product that can be used in various fields such as robotics, automotive and IoT (Internet of Things). Built on the open source RISC-V architecture, the chip also aims to expand its product range by offering support for ARM-based architectures. Centik is manufactured at TSMC in Taiwan through IMEC, Europe's leading microelectronics research center. The chips are carefully tested by both the chipset and the user companies. This process includes field tests to ensure the successful functioning of the products in the field."
What is centik which is developed by yongatek?,"Centik is a microcontroller developed by yongatek and targets low-cost robotic and automation systems. While the research and development of this project is continuing, we taped-out an initial trial version of the MCU on SkyWater 130nm technology. Centik is designed as a product that can be used in various fields such as robotics, automotive and IoT (Internet of Things). Built on the open source RISC-V architecture, the chip also aims to expand its product range by offering support for ARM-based architectures. Centik is manufactured at TSMC in Taiwan through IMEC, Europe's leading microelectronics research center. The chips are carefully tested by both the chipset and the user companies. This process includes field tests to ensure the successful functioning of the products in the field."
"What is centik, and what is its primary application?","Centik is a microcontroller developed by Yongatek, designed for low-cost robotic and automation systems. It targets applications in fields such as robotics, automotive, and the Internet of Things (IoT), providing a versatile solution for these industries."
What manufacturing technology is used for centik's initial trial version?,"The initial trial version of Centik was taped out using SkyWater’s 130nm technology, providing a balance of performance and cost-effectiveness suitable for its intended applications in robotics and automation."
"What architecture does centik use, and are there plans for future support?","Centik is built on the open-source RISC-V architecture, which offers flexibility and scalability. The chip also plans to expand its product range by providing support for ARM-based architectures in the future, making it adaptable to a wide variety of systems."
"Where is centik manufactured, and how is its quality ensured?","Centik is manufactured at TSMC in Taiwan through IMEC, Europe’s leading microelectronics research center. The chips undergo rigorous testing by both chipset and user companies, including field tests, to ensure they meet high standards of functionality and performance."
What are the main industries that can benefit from Centik’s capabilities?,"Centik is primarily designed for use in industries such as robotics, automotive, and IoT. Its low cost and versatile architecture make it an ideal choice for these fields, where automation and efficiency are crucial."
How does centik’s open-source architecture benefit developers?,"Centik’s use of the open-source RISC-V architecture allows for customization and flexibility, making it easier for developers to modify the microcontroller for specific use cases. This openness fosters innovation and enables the creation of tailored solutions for a variety of applications."
What is the role of IMEC in the manufacturing process of centik?,"IMEC, Europe’s leading microelectronics research center, plays a key role in the manufacturing of Centik by overseeing the chip’s production at TSMC. IMEC’s expertise ensures that the chip meets high standards and is suitable for the target markets."
What type of testing does centik undergo before being released?,"Centik undergoes extensive testing by both chipset and user companies. This includes field tests, ensuring that the chip functions reliably and successfully in real-world environments, such as robotics and IoT applications."
What are the benefits of centik being built on the RISC-V architecture?,"The RISC-V architecture offers flexibility, scalability, and open-source access, allowing Centik to be adapted for a wide range of applications. Its modular design also reduces costs and makes it an attractive option for developers in various industries."
How does centik contribute to the development of low-cost robotic and automation systems?,"Centik is specifically designed for low-cost robotic and automation systems, providing an affordable yet powerful microcontroller solution. Its cost-effective design, along with its versatility in robotics, automotive, and IoT, helps reduce the overall cost of automation systems while maintaining high performance."
What is the role of the computer vision team at Yongatek?,"The computer vision team at Yongatek enhances camera capabilities by integrating artificial intelligence to process images from cameras. Their work involves optimizing camera performance in compact formats with high transfer speeds, enabling the detection of suspicious individuals, vehicles, and objects in various applications."
How does the computer vision team contribute to the detection of suspicious activities?,"The team utilizes advanced artificial intelligence algorithms to analyze camera images, enabling the detection of suspicious individuals, vehicles, and objects. This capability is crucial for improving security in urban areas and border protection systems."
What is the significance of the AVCI project in the computer vision team’s portfolio?,"The AVCI project is a key initiative developed by the computer vision team, which focuses on testing ammunition for defense applications. It analyzes critical parameters such as speed, acceleration, position, and fall trajectory to ensure the reliability and effectiveness of ammunition."
What kind of technology does the computer vision team use to enhance their solutions?,"The team leverages AI algorithms and powerful hardware such as NVIDIA Jetson products. This combination allows them to achieve high performance in image processing and real-time data analysis, contributing to various security and defense applications."
What industries benefit from the computer vision team’s work at Yongatek?,"Yongatek’s computer vision team supports industries such as urban security, border protection, and defense. Their solutions enhance surveillance systems and contribute to critical areas like ammunition testing and security infrastructure."
How does the use of AI in image processing improve camera performance?,"AI algorithms process camera images in real-time, allowing for faster detection and higher accuracy. This enables the system to detect objects, vehicles, or people with minimal delay, even in compact formats with high data transfer rates."
What types of projects is the computer vision team involved in at Yongatek?,"The computer vision team is involved in projects like AVCI, where they test ammunition for defense purposes. They also work on solutions for urban security and border protection, providing critical image processing and AI-powered detection capabilities."
Why is the use of NVIDIA Jetson products important for the computer vision team?,"Computer vision team at yongatek use NVIDIA products because NVIDIA Jetson products provide high-performance computing capabilities, enabling the team to run complex AI algorithms efficiently. These products are vital for processing large volumes of camera data in real-time, ensuring fast and accurate detection in security and defense applications."
What makes the computer vision team at Yongatek unique in its field?,"The computer vision team at Yongatek stands out due to its ability to integrate artificial intelligence with advanced engineering skills, providing cutting-edge solutions for real-time image processing and detection in security, defense, and other critical sectors."
How does the computer vision team's work impact urban security and border protection?,"The computer vision team enhances urban security and border protection by providing AI-driven solutions that process camera images with high transfer speeds. This capability enables real-time detection of threats, such as suspicious individuals or vehicles, improving overall security and surveillance effectiveness."
Can you provide which technologies are used by yongatek computer vision team?,"Yes, I can. Computer vision team at yongatek follows new technologies and use state-of-art technologies in their projects. Yongatek computer vision team uses these technologies in their projects; - Python / C++ / OpenCV / Pytorch / Cuda / OpenCL Algorithm Development and Optimization - Hardware implementation on CPUs / GPUs / FPGAs - Nvidia Jetson family Edge Devices - Multimedia flow control with Gstreamer Pipelines - Model inference time acceleration with TensorRT, - Application pipeline management with Deepstream - Synthetic data generation with Nvidia Omniverse, and simulation with Nvidia Isaac Sim - Docker, Data Version Control, Minio Storage System and Gitlab."
What programming languages does the computer vision team at Yongatek use?,"The computer vision team at Yongatek primarily uses Python and C++ for algorithm development. These languages allow for efficient coding, optimization, and the implementation of complex computer vision and AI algorithms."
What is the role of OpenCV in the projects developed by the computer vision team?,"OpenCV is used by the computer vision team for image processing and computer vision tasks. It provides powerful tools for real-time processing, enabling the development of efficient solutions for object detection, tracking, and other vision-based applications."
How does the computer vision team utilize PyTorch in their projects?,"PyTorch is used by the team for building and training deep learning models. It allows for flexible and dynamic model development, especially in the context of AI and machine learning tasks, such as image classification and object recognition."
What role do CUDA and OpenCL play in the computer vision team’s technology stack?,"CUDA and OpenCL are used for algorithm optimization and acceleration on GPUs. These technologies allow the team to leverage the parallel processing power of GPUs, significantly improving the performance of complex image and video processing tasks."
How do the Nvidia Jetson family of edge devices contribute to the work of the computer vision team?,"The Nvidia Jetson family provides powerful edge computing capabilities for the computer vision team. These devices allow for real-time AI inference, enabling efficient and high-performance image processing and object detection at the edge, without relying on cloud resources."
What is the importance of Gstreamer pipelines in Yongatek’s computer vision projects?,"Gstreamer pipelines are used for multimedia flow control in the team’s projects. These pipelines enable efficient management and processing of video and image streams, ensuring smooth integration and real-time processing across different systems."
How does TensorRT accelerate model inference time for the computer vision team?,"TensorRT is used by the team to accelerate model inference times by optimizing deep learning models for faster execution on Nvidia GPUs. This tool significantly enhances the performance of AI models, ensuring quick response times in real-time applications."
"What is Deepstream, and how is it used by Yongatek’s computer vision team?","Deepstream is used for application pipeline management, enabling the efficient development of scalable AI-based video analytics applications. It allows the team to handle complex multimedia workflows, integrating AI models into real-time video streaming applications."
How does the computer vision team use Nvidia Omniverse and Isaac Sim?,"The team uses Nvidia Omniverse for synthetic data generation, creating realistic virtual environments for training AI models. Isaac Sim, a tool built on Omniverse, is used for simulating robots and automated systems, enabling the team to test and optimize their models in a simulated world before deploying them in the real world."
What tools and platforms are used by the computer vision team for project and data management?,"The computer vision team utilizes Docker for containerization, Data Version Control (DVC) for managing data, Minio Storage System for cloud storage, and GitLab for version control and collaboration, ensuring smooth development workflows and efficient data handling."
What platforms and technologies does the computer vision team use to handle data and projects?,"To ensure seamless development workflows and effective data handling, the computer vision team makes use of Docker for containerization, Data Version Control (DVC) for data management, Minio Storage System for cloud storage, and GitLab for version control and communication."
How did Yongatek develop centik?,"Yongatek created the Centik microcontroller, which is intended for low-cost automation and robotic applications. We taped out a preliminary trial version of the MCU using SkyWater 130nm technology while the project's research and development is ongoing. The product Centik is made to be used in a variety of industries, including robotics, automotive, and the Internet of Things. The device, which is built on the open source RISC-V architecture, also intends to broaden its product line by supporting ARM-based architectures. IMEC, the premier microelectronics research facility in Europe, manufactures Centik at TSMC in Taiwan. Both the chipset and the user firms thoroughly test the chips. Field tests are part of this procedure to guarantee the effective operations."
